[
    {
        "coin": "ABBC",
        "name": "ABBC Coin",
        "networkDetails": {
            "coin": "ABBC",
            "depositDesc": "Deposit suspended due to on-chain maintenance",
            "depositEnable": false,
            "minConfirm": 200,
            "name": "ABBC Coin",
            "network": "ABBC",
            "withdrawEnable": false,
            "withdrawFee": "0.1",
            "withdrawIntegerMultiple": null,
            "withdrawMax": "2000000",
            "withdrawMin": "1",
            "sameAddress": true,
            "contract": "eosio.token",
            "withdrawTips": null,
            "depositTips": "",
            "netWork": "ABBC"
        }
    }
]