[
    {
        "coin": "AIA",
        "name": "AIA Chain",
        "networkDetails": {
            "coin": "AIA",
            "depositDesc": null,
            "depositEnable": true,
            "minConfirm": 60,
            "name": "AIA Chain",
            "network": "Aiachain",
            "withdrawEnable": true,
            "withdrawFee": "50",
            "withdrawIntegerMultiple": null,
            "withdrawMax": "100000000",
            "withdrawMin": "80",
            "sameAddress": false,
            "contract": "",
            "withdrawTips": "",
            "depositTips": "",
            "netWork": "AIACHAIN"
        }
    }
]