[
    {
        "coin": "AZERO",
        "name": "AZERO",
        "networkDetails": {
            "coin": "AZERO",
            "depositDesc": null,
            "depositEnable": true,
            "minConfirm": 200,
            "name": "Aleph Zero",
            "network": "Aleph Zero(AZERO)",
            "withdrawEnable": true,
            "withdrawFee": "0.001",
            "withdrawIntegerMultiple": null,
            "withdrawMax": "3000000",
            "withdrawMin": "1",
            "sameAddress": false,
            "contract": "",
            "withdrawTips": null,
            "depositTips": null,
            "netWork": "AZERO"
        }
    }
]