[
    {
        "coin": "PLANETS",
        "name": "PlanetWatch",
        "networkDetails": {
            "coin": "PLANETS",
            "depositDesc": "Deposit is prohibited (forced deposit may result in asset loss)",
            "depositEnable": false,
            "minConfirm": 10,
            "name": "PlanetWatch",
            "network": "Algorand(ALGO)",
            "withdrawEnable": true,
            "withdrawFee": "0",
            "withdrawIntegerMultiple": null,
            "withdrawMax": "45000000",
            "withdrawMin": "200",
            "sameAddress": false,
            "contract": "27165954",
            "withdrawTips": "As PLANETS is on ALGO chain, it\u2019s mandatory for users to activate PLANETS(ASSET : 27165954) on the certain address. .Otherwise the withdrawal will not be successful.",
            "depositTips": null,
            "netWork": "ALGO"
        }
    },
    {
        "coin": "CCT",
        "name": "Carbon Credit",
        "networkDetails": {
            "coin": "CCT",
            "depositDesc": "Deposit is prohibited (forced deposit may result in asset loss)",
            "depositEnable": false,
            "minConfirm": 10,
            "name": "Carbon Credit",
            "network": "Algorand(ALGO)",
            "withdrawEnable": true,
            "withdrawFee": "0",
            "withdrawIntegerMultiple": null,
            "withdrawMax": "400000",
            "withdrawMin": "1",
            "sameAddress": false,
            "contract": "657291910",
            "withdrawTips": null,
            "depositTips": null,
            "netWork": "ALGO"
        }
    },
    {
        "coin": "TINY",
        "name": "Tinyman",
        "networkDetails": {
            "coin": "TINY",
            "depositDesc": "Deposit is prohibited (forced deposit may result in asset loss)",
            "depositEnable": false,
            "minConfirm": 10,
            "name": "Tinyman",
            "network": "Algorand(ALGO)",
            "withdrawEnable": true,
            "withdrawFee": "0",
            "withdrawIntegerMultiple": null,
            "withdrawMax": "6000000",
            "withdrawMin": "1",
            "sameAddress": false,
            "contract": "2200000000",
            "withdrawTips": null,
            "depositTips": null,
            "netWork": "ALGO"
        }
    },
    {
        "coin": "XET",
        "name": "Xfinite",
        "networkDetails": {
            "coin": "XET",
            "depositDesc": "Deposit is prohibited (forced deposit may result in asset loss)",
            "depositEnable": false,
            "minConfirm": 10,
            "name": "Xfinite",
            "network": "Algorand(ALGO)",
            "withdrawEnable": true,
            "withdrawFee": "430",
            "withdrawIntegerMultiple": null,
            "withdrawMax": "230000000",
            "withdrawMin": "800",
            "sameAddress": false,
            "contract": "283820866",
            "withdrawTips": "As XET is on ALGO chain, it\u2019s mandatory for users to activate XET(ASSET : 283820866) on the certain address. .Otherwise the withdrawal will not be successful.",
            "depositTips": null,
            "netWork": "ALGO"
        }
    },
    {
        "coin": "YLDY",
        "name": "YLDY",
        "networkDetails": {
            "coin": "YLDY",
            "depositDesc": "Deposit is prohibited (forced deposit may result in asset loss)",
            "depositEnable": false,
            "minConfirm": 10,
            "name": "YLDY",
            "network": "Algorand(ALGO)",
            "withdrawEnable": true,
            "withdrawFee": "0",
            "withdrawIntegerMultiple": null,
            "withdrawMax": "1500000000",
            "withdrawMin": "2000",
            "sameAddress": false,
            "contract": "226701642",
            "withdrawTips": "As YLDY is on ALGO chain, it\u2019s mandatory for users to activate YLDY(ASSET : 226701642 ) on the certain address. .Otherwise the withdrawal will not be successful.",
            "depositTips": null,
            "netWork": "ALGO"
        }
    },
    {
        "coin": "ADAOX",
        "name": "AlgoDAO",
        "networkDetails": {
            "coin": "ADAOX",
            "depositDesc": null,
            "depositEnable": false,
            "minConfirm": 10,
            "name": "AlgoDAO",
            "network": "Algorand(ALGO)",
            "withdrawEnable": true,
            "withdrawFee": "0",
            "withdrawIntegerMultiple": null,
            "withdrawMax": "2800000",
            "withdrawMin": "1",
            "sameAddress": false,
            "contract": "692085161",
            "withdrawTips": "The token ticker name of AlgoDAO(ADAO) in MEXC Global is ADAOX, it\u2019s mandatory for users to activate ADAOX(ASSET : 692085161 ) on the certain address. .Otherwise the withdrawal will not be successful.",
            "depositTips": "The token ticker name of AlgoDAO(ADAO) in MEXC Global is ADAOX, please pay attention before deposit is made.",
            "netWork": "ALGO"
        }
    },
    {
        "coin": "OPUL",
        "name": "Opulous",
        "networkDetails": {
            "coin": "OPUL",
            "depositDesc": null,
            "depositEnable": true,
            "minConfirm": 10,
            "name": "Opulous",
            "network": "Algorand(ALGO)",
            "withdrawEnable": true,
            "withdrawFee": "4",
            "withdrawIntegerMultiple": null,
            "withdrawMax": "4000000",
            "withdrawMin": "10",
            "sameAddress": false,
            "contract": "287867876",
            "withdrawTips": "As OPUL is on ALGO chain, it\u2019s mandatory for users to activate OPUL(ASSET : 287867876) on the certain address. .Otherwise the withdrawal will not be successful.",
            "depositTips": null,
            "netWork": "ALGO"
        }
    },
    {
        "coin": "USDC",
        "name": "USDC",
        "networkDetails": {
            "coin": "USDC",
            "depositDesc": null,
            "depositEnable": true,
            "minConfirm": 10,
            "name": "USDCoin",
            "network": "Algorand(ALGO)",
            "withdrawEnable": true,
            "withdrawFee": "1",
            "withdrawIntegerMultiple": null,
            "withdrawMax": "5000000",
            "withdrawMin": "2",
            "sameAddress": false,
            "contract": "31566704",
            "withdrawTips": "As USDC is on ALGO chain, it\u2019s mandatory for users to activate USDC(ASSET : 31566704) on the certain address. .Otherwise the withdrawal will not be successful.",
            "depositTips": null,
            "netWork": "ALGO"
        }
    },
    {
        "coin": "ALGO",
        "name": "Algorand",
        "networkDetails": {
            "coin": "ALGO",
            "depositDesc": null,
            "depositEnable": true,
            "minConfirm": 10,
            "name": "Algorand",
            "network": "Algorand(ALGO)",
            "withdrawEnable": true,
            "withdrawFee": "0.1",
            "withdrawIntegerMultiple": null,
            "withdrawMax": "2000000",
            "withdrawMin": "1",
            "sameAddress": false,
            "contract": "",
            "withdrawTips": null,
            "depositTips": null,
            "netWork": "ALGO"
        }
    },
    {
        "coin": "GEMSOLD",
        "name": "Algogems",
        "networkDetails": {
            "coin": "GEMSOLD",
            "depositDesc": "Deposit is prohibited (forced deposit may result in asset loss)",
            "depositEnable": false,
            "minConfirm": 10,
            "name": "Algogems",
            "network": "Algorand(ALGO)",
            "withdrawEnable": false,
            "withdrawFee": "2",
            "withdrawIntegerMultiple": null,
            "withdrawMax": "100000",
            "withdrawMin": "3",
            "sameAddress": false,
            "contract": "230946361",
            "withdrawTips": "As GEMS is on ALGO chain, it\u2019s mandatory for users to activate GEMS(ASSET : 230946361) on the certain address. .Otherwise the withdrawal will not be successful.",
            "depositTips": null,
            "netWork": "ALGO"
        }
    },
    {
        "coin": "SMILEOLD",
        "name": "Smile Coin",
        "networkDetails": {
            "coin": "SMILEOLD",
            "depositDesc": "Deposit suspended due to wallet maintenance",
            "depositEnable": false,
            "minConfirm": 10,
            "name": "Smile Coin",
            "network": "Algorand(ALGO)",
            "withdrawEnable": true,
            "withdrawFee": "0",
            "withdrawIntegerMultiple": null,
            "withdrawMax": "20000000",
            "withdrawMin": "1",
            "sameAddress": false,
            "contract": "300208676",
            "withdrawTips": null,
            "depositTips": null,
            "netWork": "ALGO"
        }
    },
    {
        "coin": "GORA",
        "name": "GORA",
        "networkDetails": {
            "coin": "GORA",
            "depositDesc": null,
            "depositEnable": true,
            "minConfirm": 10,
            "name": "GORA",
            "network": "Algorand(ALGO)",
            "withdrawEnable": true,
            "withdrawFee": "1",
            "withdrawIntegerMultiple": null,
            "withdrawMax": "5000000",
            "withdrawMin": "1.2",
            "sameAddress": false,
            "contract": "1138500612",
            "withdrawTips": null,
            "depositTips": null,
            "netWork": "ALGO"
        }
    },
    {
        "coin": "RIO",
        "name": "Realio",
        "networkDetails": {
            "coin": "RIO",
            "depositDesc": null,
            "depositEnable": true,
            "minConfirm": 10,
            "name": "Realio",
            "network": "Algorand(ALGO)",
            "withdrawEnable": true,
            "withdrawFee": "1",
            "withdrawIntegerMultiple": null,
            "withdrawMax": "6000000",
            "withdrawMin": "6",
            "sameAddress": false,
            "contract": "2751733",
            "withdrawTips": null,
            "depositTips": null,
            "netWork": "ALGO"
        }
    }
]