[
    {
        "coin": "AP3X",
        "name": "AP3X",
        "networkDetails": {
            "coin": "AP3X",
            "depositDesc": null,
            "depositEnable": true,
            "minConfirm": 70,
            "name": "AP3X",
            "network": "AP3X",
            "withdrawEnable": true,
            "withdrawFee": "1",
            "withdrawIntegerMultiple": null,
            "withdrawMax": "2000000",
            "withdrawMin": "2",
            "sameAddress": false,
            "contract": "",
            "withdrawTips": null,
            "depositTips": null,
            "netWork": "AP3X"
        }
    }
]