[
    {
        "coin": "THL",
        "name": "Thala",
        "networkDetails": {
            "coin": "THL",
            "depositDesc": null,
            "depositEnable": true,
            "minConfirm": 12,
            "name": "Thala",
            "network": "APTOS(APT)",
            "withdrawEnable": true,
            "withdrawFee": "0.5",
            "withdrawIntegerMultiple": null,
            "withdrawMax": "400000",
            "withdrawMin": "3",
            "sameAddress": false,
            "contract": "0x7fd500c11216f0fe3095d0c4b8aa4d64a4e2e04f83758462f2b127255643615::thl_coin::THL",
            "withdrawTips": null,
            "depositTips": null,
            "netWork": "APTOS"
        }
    },
    {
        "coin": "TIN",
        "name": "Token IN",
        "networkDetails": {
            "coin": "TIN",
            "depositDesc": null,
            "depositEnable": true,
            "minConfirm": 12,
            "name": "Token IN",
            "network": "APTOS(APT)",
            "withdrawEnable": true,
            "withdrawFee": "0.05",
            "withdrawIntegerMultiple": null,
            "withdrawMax": "2000000",
            "withdrawMin": "10",
            "sameAddress": false,
            "contract": "0xc32ba5d293577cbb1df390f35b2bc6369a593b736d0865fedec1a2b08565de8e::in_coin::InCoin",
            "withdrawTips": null,
            "depositTips": null,
            "netWork": "APTOS"
        }
    },
    {
        "coin": "DOODOO",
        "name": "Doodoo",
        "networkDetails": {
            "coin": "DOODOO",
            "depositDesc": "Deposit is prohibited (forced deposit may result in asset loss)",
            "depositEnable": false,
            "minConfirm": 12,
            "name": "Doodoo",
            "network": "APTOS(APT)",
            "withdrawEnable": true,
            "withdrawFee": "0.5",
            "withdrawIntegerMultiple": null,
            "withdrawMax": "125000",
            "withdrawMin": "1",
            "sameAddress": false,
            "contract": "0x73eb84966be67e4697fc5ae75173ca6c35089e802650f75422ab49a8729704ec::coin::DooDoo",
            "withdrawTips": null,
            "depositTips": null,
            "netWork": "APTOS"
        }
    },
    {
        "coin": "SLTOLD",
        "name": "Sui Launch Token",
        "networkDetails": {
            "coin": "SLTOLD",
            "depositDesc": "Deposit is prohibited (forced deposit may result in asset loss)",
            "depositEnable": false,
            "minConfirm": 12,
            "name": "Sui Launch Token",
            "network": "APTOS(APT)",
            "withdrawEnable": false,
            "withdrawFee": "160",
            "withdrawIntegerMultiple": null,
            "withdrawMax": "8333333.333333",
            "withdrawMin": "300",
            "sameAddress": false,
            "contract": "0x8b2df69c9766e18486c37e3cfc53c6ce6e9aa58bbc606a8a0a219f24cf9eafc1::sui_launch_token::SuiLaunchToken",
            "withdrawTips": null,
            "depositTips": null,
            "netWork": "APTOS"
        }
    },
    {
        "coin": "MESO",
        "name": "Meso Finance",
        "networkDetails": {
            "coin": "MESO",
            "depositDesc": null,
            "depositEnable": true,
            "minConfirm": 12,
            "name": "Meso Finance",
            "network": "APTOS(APT)",
            "withdrawEnable": true,
            "withdrawFee": "100",
            "withdrawIntegerMultiple": null,
            "withdrawMax": "20000000",
            "withdrawMin": "200",
            "sameAddress": false,
            "contract": "0x378d5ba871c3d1bdf477a617f997f23d9e0702de97a02f42925b44fa3abc9866",
            "withdrawTips": null,
            "depositTips": null,
            "netWork": "APTOS"
        }
    },
    {
        "coin": "BLUEMOVE",
        "name": "BlueMove",
        "networkDetails": {
            "coin": "BLUEMOVE",
            "depositDesc": null,
            "depositEnable": true,
            "minConfirm": 12,
            "name": "BlueMove",
            "network": "APTOS(APT)",
            "withdrawEnable": true,
            "withdrawFee": "10",
            "withdrawIntegerMultiple": null,
            "withdrawMax": "3000000",
            "withdrawMin": "20",
            "sameAddress": false,
            "contract": "0x27fafcc4e39daac97556af8a803dbb52bcb03f0821898dc845ac54225b9793eb::move_coin::MoveCoin",
            "withdrawTips": null,
            "depositTips": null,
            "netWork": "APTOS"
        }
    },
    {
        "coin": "GUI",
        "name": "Gui Inu",
        "networkDetails": {
            "coin": "GUI",
            "depositDesc": null,
            "depositEnable": true,
            "minConfirm": 12,
            "name": "Gui Inu",
            "network": "APTOS(APT)",
            "withdrawEnable": true,
            "withdrawFee": "5000",
            "withdrawIntegerMultiple": null,
            "withdrawMax": "6250000000",
            "withdrawMin": "9000",
            "sameAddress": false,
            "contract": "0xe4ccb6d39136469f376242c31b34d10515c8eaaa38092f804db8e08a8f53c5b2::assets_v1::EchoCoin002",
            "withdrawTips": null,
            "depositTips": null,
            "netWork": "APTOS"
        }
    },
    {
        "coin": "PROPS",
        "name": "Propbase",
        "networkDetails": {
            "coin": "PROPS",
            "depositDesc": null,
            "depositEnable": true,
            "minConfirm": 12,
            "name": "Propbase",
            "network": "APTOS(APT)",
            "withdrawEnable": true,
            "withdrawFee": "10",
            "withdrawIntegerMultiple": null,
            "withdrawMax": "184000000",
            "withdrawMin": "20",
            "sameAddress": false,
            "contract": "0xe50684a338db732d8fb8a3ac71c4b8633878bd0193bca5de2ebc852a83b35099::propbase_coin::PROPS",
            "withdrawTips": "There is another token with the same name. Please be careful to distinguish. The current contract address ends with 5099.",
            "depositTips": "There is another token with the same name. Please be careful to distinguish. The current contract address ends with 5099.",
            "netWork": "APTOS"
        }
    },
    {
        "coin": "TOMA",
        "name": "Tomarket",
        "networkDetails": {
            "coin": "TOMA",
            "depositDesc": "Deposit is prohibited (forced deposit may result in asset loss)",
            "depositEnable": false,
            "minConfirm": 12,
            "name": "Tomarket",
            "network": "APTOS(APT)",
            "withdrawEnable": true,
            "withdrawFee": "25000",
            "withdrawIntegerMultiple": null,
            "withdrawMax": "10000000000",
            "withdrawMin": "50000",
            "sameAddress": false,
            "contract": "0x9d0595765a31f8d56e1d2aafc4d6c76f283c67a074ef8812d8c31bd8252ac2c3::asset::TOMA",
            "withdrawTips": null,
            "depositTips": null,
            "netWork": "APTOS"
        }
    },
    {
        "coin": "ECHO",
        "name": "Echo",
        "networkDetails": {
            "coin": "ECHO",
            "depositDesc": null,
            "depositEnable": true,
            "minConfirm": 12,
            "name": "Echo",
            "network": "APTOS(APT)",
            "withdrawEnable": true,
            "withdrawFee": "20",
            "withdrawIntegerMultiple": null,
            "withdrawMax": "20000000",
            "withdrawMin": "200",
            "sameAddress": false,
            "contract": "0xb2c7780f0a255a6137e5b39733f5a4c85fe093c549de5c359c1232deef57d1b7",
            "withdrawTips": null,
            "depositTips": null,
            "netWork": "APTOS"
        }
    },
    {
        "coin": "USDT",
        "name": "USDT",
        "networkDetails": {
            "coin": "USDT",
            "depositDesc": null,
            "depositEnable": true,
            "minConfirm": 12,
            "name": "USDT",
            "network": "APTOS(APT)",
            "withdrawEnable": true,
            "withdrawFee": "0.03",
            "withdrawIntegerMultiple": null,
            "withdrawMax": "2000000",
            "withdrawMin": "10",
            "sameAddress": false,
            "contract": "0x357b0b74bc833e95a115ad22604854d6b0fca151cecd94111770e5d6ffc9dc2b",
            "withdrawTips": null,
            "depositTips": null,
            "netWork": "APTOS"
        }
    },
    {
        "coin": "USDC",
        "name": "USDC",
        "networkDetails": {
            "coin": "USDC",
            "depositDesc": null,
            "depositEnable": true,
            "minConfirm": 12,
            "name": "usdc",
            "network": "APTOS(APT)",
            "withdrawEnable": true,
            "withdrawFee": "1",
            "withdrawIntegerMultiple": null,
            "withdrawMax": "1000000",
            "withdrawMin": "2",
            "sameAddress": false,
            "contract": "0xbae207659db88bea0cbead6da0ed00aac12edcdda169e591cd41c94180b46f3b",
            "withdrawTips": null,
            "depositTips": null,
            "netWork": "APTOS"
        }
    },
    {
        "coin": "MOJOOLD",
        "name": "MojoCoin",
        "networkDetails": {
            "coin": "MOJOOLD",
            "depositDesc": null,
            "depositEnable": false,
            "minConfirm": 12,
            "name": "MojoCoin",
            "network": "APTOS(APT)",
            "withdrawEnable": false,
            "withdrawFee": "0",
            "withdrawIntegerMultiple": null,
            "withdrawMax": "20000000",
            "withdrawMin": "1",
            "sameAddress": false,
            "contract": "0x881ac202b1f1e6ad4efcff7a1d0579411533f2502417a19211cfc49751ddb5f4::coin::MOJO",
            "withdrawTips": null,
            "depositTips": null,
            "netWork": "APTOS"
        }
    },
    {
        "coin": "EDOG",
        "name": "EDOG",
        "networkDetails": {
            "coin": "EDOG",
            "depositDesc": "Deposit is prohibited (forced deposit may result in asset loss)",
            "depositEnable": false,
            "minConfirm": 12,
            "name": "EDOG",
            "network": "APTOS(APT)",
            "withdrawEnable": true,
            "withdrawFee": "100",
            "withdrawIntegerMultiple": null,
            "withdrawMax": "100000000",
            "withdrawMin": "200",
            "sameAddress": false,
            "contract": "0x5e975e7f36f2658d4cf146142899c659464a3e0d90f0f4d5f8b2447173c06ef6::EDOG::EDOG",
            "withdrawTips": null,
            "depositTips": null,
            "netWork": "APTOS"
        }
    },
    {
        "coin": "LME",
        "name": "Legendary Meme",
        "networkDetails": {
            "coin": "LME",
            "depositDesc": "Deposit is prohibited (forced deposit may result in asset loss)",
            "depositEnable": false,
            "minConfirm": 12,
            "name": "Legendary Meme",
            "network": "APTOS(APT)",
            "withdrawEnable": true,
            "withdrawFee": "0",
            "withdrawIntegerMultiple": null,
            "withdrawMax": "20000000000",
            "withdrawMin": "1",
            "sameAddress": false,
            "contract": "0xd0b4efb4be7c3508d9a26a9b5405cf9f860d0b9e5fe2f498b90e68b8d2cedd3e::legendary_meme::LegendaryMEME",
            "withdrawTips": null,
            "depositTips": null,
            "netWork": "APTOS"
        }
    },
    {
        "coin": "LSD",
        "name": "LSD",
        "networkDetails": {
            "coin": "LSD",
            "depositDesc": null,
            "depositEnable": true,
            "minConfirm": 12,
            "name": "LSD",
            "network": "APTOS(APT)",
            "withdrawEnable": true,
            "withdrawFee": "0.5",
            "withdrawIntegerMultiple": null,
            "withdrawMax": "250000",
            "withdrawMin": "2",
            "sameAddress": false,
            "contract": "0x53a30a6e5936c0a4c5140daed34de39d17ca7fcae08f947c02e979cef98a3719::coin::LSD",
            "withdrawTips": null,
            "depositTips": null,
            "netWork": "APTOS"
        }
    },
    {
        "coin": "CELLA",
        "name": "Cellana",
        "networkDetails": {
            "coin": "CELLA",
            "depositDesc": null,
            "depositEnable": true,
            "minConfirm": 12,
            "name": "Cellana",
            "network": "APTOS(APT)",
            "withdrawEnable": true,
            "withdrawFee": "15",
            "withdrawIntegerMultiple": null,
            "withdrawMax": "6000000",
            "withdrawMin": "30",
            "sameAddress": false,
            "contract": "0x2ebb2ccac5e027a87fa0e2e5f656a3a4238d6a48d93ec9b610d570fc0aa0df12",
            "withdrawTips": "The token name of CELL is CELLA in MEXC; The last digits of the token's contract address are df12, please make sure they're correct before taking action.",
            "depositTips": "The token name of CELL is CELLA in MEXC; The last digits of the token's contract address are df12, please make sure they're correct before taking action.",
            "netWork": "APTOS"
        }
    },
    {
        "coin": "CHEWY",
        "name": "CHEWY",
        "networkDetails": {
            "coin": "CHEWY",
            "depositDesc": "Deposit is prohibited (forced deposit may result in asset loss)",
            "depositEnable": false,
            "minConfirm": 12,
            "name": "CHEWY",
            "network": "APTOS(APT)",
            "withdrawEnable": true,
            "withdrawFee": "80000",
            "withdrawIntegerMultiple": null,
            "withdrawMax": "40000000000",
            "withdrawMin": "200000",
            "sameAddress": false,
            "contract": "0xc26a8eda1c3ab69a157815183ddda88c89d6758ee491dd1647a70af2907ce074::coin::Chewy",
            "withdrawTips": null,
            "depositTips": null,
            "netWork": "APTOS"
        }
    },
    {
        "coin": "NIGHT",
        "name": "Midnight Evergreen",
        "networkDetails": {
            "coin": "NIGHT",
            "depositDesc": "Deposit is prohibited (forced deposit may result in asset loss)",
            "depositEnable": false,
            "minConfirm": 12,
            "name": "Midnight Evergreen",
            "network": "APTOS(APT)",
            "withdrawEnable": true,
            "withdrawFee": "50",
            "withdrawIntegerMultiple": null,
            "withdrawMax": "10000000",
            "withdrawMin": "100",
            "sameAddress": false,
            "contract": "0xef0d49f03e48dbd055c3a369f74a304c366bda148005ddf6bb881ced79da0b09",
            "withdrawTips": null,
            "depositTips": null,
            "netWork": "APTOS"
        }
    },
    {
        "coin": "UPTOS",
        "name": "UPTOS",
        "networkDetails": {
            "coin": "UPTOS",
            "depositDesc": "Deposit is prohibited (forced deposit may result in asset loss)",
            "depositEnable": false,
            "minConfirm": 12,
            "name": "UPTOS",
            "network": "APTOS(APT)",
            "withdrawEnable": true,
            "withdrawFee": "0",
            "withdrawIntegerMultiple": null,
            "withdrawMax": "2500000000",
            "withdrawMin": "1",
            "sameAddress": false,
            "contract": "0x4fbed3f8a3fd8a11081c8b6392152a8b0cb14d70d0414586f0c9b858fcd2d6a7::UPTOS::UPTOS",
            "withdrawTips": null,
            "depositTips": null,
            "netWork": "APTOS"
        }
    },
    {
        "coin": "MOOMOO",
        "name": "MOOMOO",
        "networkDetails": {
            "coin": "MOOMOO",
            "depositDesc": "Deposit is prohibited (forced deposit may result in asset loss)",
            "depositEnable": false,
            "minConfirm": 12,
            "name": "MOOMOO",
            "network": "APTOS(APT)",
            "withdrawEnable": true,
            "withdrawFee": "20",
            "withdrawIntegerMultiple": null,
            "withdrawMax": "10000000",
            "withdrawMin": "40",
            "sameAddress": false,
            "contract": "0xc5fbbcc4637aeebb4e732767abee8a21f2b0776f73b73e16ce13e7d31d6700da::MOOMOO::MOOMOO",
            "withdrawTips": null,
            "depositTips": null,
            "netWork": "APTOS"
        }
    },
    {
        "coin": "ALT",
        "name": "AptosLaunch Token",
        "networkDetails": {
            "coin": "ALT",
            "depositDesc": null,
            "depositEnable": true,
            "minConfirm": 12,
            "name": "AptosLaunch Token",
            "network": "APTOS(APT)",
            "withdrawEnable": true,
            "withdrawFee": "75",
            "withdrawIntegerMultiple": null,
            "withdrawMax": "3500000",
            "withdrawMin": "100",
            "sameAddress": false,
            "contract": "0xd0b4efb4be7c3508d9a26a9b5405cf9f860d0b9e5fe2f498b90e68b8d2cedd3e::aptos_launch_token::AptosLaunchToken",
            "withdrawTips": "As ALT is on APTOS chain, it's mandatory for users to activate ALT(contract: 0xd0b4efb4be7c3508d9a26a9b5405cf9f860d0b9e5fe2f498b90e68b8d2cedd3e) on the certain address. .Otherwise the withdrawal will not be successful.",
            "depositTips": "The token name of AptosLaunch Token (ALT) is ALT in MEXC, please make sure they're correct before taking action.",
            "netWork": "APTOS"
        }
    },
    {
        "coin": "AMI",
        "name": "Amnis Finance",
        "networkDetails": {
            "coin": "AMI",
            "depositDesc": null,
            "depositEnable": true,
            "minConfirm": 12,
            "name": "Amnis Finance",
            "network": "APTOS(APT)",
            "withdrawEnable": true,
            "withdrawFee": "10",
            "withdrawIntegerMultiple": null,
            "withdrawMax": "4000000",
            "withdrawMin": "50",
            "sameAddress": false,
            "contract": "0xb36527754eb54d7ff55daf13bcb54b42b88ec484bd6f0e3b2e0d1db169de6451",
            "withdrawTips": null,
            "depositTips": null,
            "netWork": "APTOS"
        }
    },
    {
        "coin": "APD",
        "name": "Aptopad",
        "networkDetails": {
            "coin": "APD",
            "depositDesc": "Deposit is prohibited (forced deposit may result in asset loss)",
            "depositEnable": false,
            "minConfirm": 12,
            "name": "Aptopad",
            "network": "APTOS(APT)",
            "withdrawEnable": true,
            "withdrawFee": "15",
            "withdrawIntegerMultiple": null,
            "withdrawMax": "5000000",
            "withdrawMin": "30",
            "sameAddress": false,
            "contract": "0xcc78307c77f1c2c0fdfee17269bfca7876a0b35438c3442417480c0d5c370fbc::AptopadCoin::APD",
            "withdrawTips": null,
            "depositTips": null,
            "netWork": "APTOS"
        }
    },
    {
        "coin": "APT",
        "name": "Aptos",
        "networkDetails": {
            "coin": "APT",
            "depositDesc": null,
            "depositEnable": true,
            "minConfirm": 12,
            "name": "Aptos",
            "network": "APTOS(APT)",
            "withdrawEnable": true,
            "withdrawFee": "0",
            "withdrawIntegerMultiple": null,
            "withdrawMax": "100000",
            "withdrawMin": "1",
            "sameAddress": false,
            "contract": "",
            "withdrawTips": "",
            "depositTips": "",
            "netWork": "APTOS"
        }
    },
    {
        "coin": "BILLIONVIEW",
        "name": "BILLIONVIEW",
        "networkDetails": {
            "coin": "BILLIONVIEW",
            "depositDesc": null,
            "depositEnable": true,
            "minConfirm": 12,
            "name": "BILLIONVIEW",
            "network": "APTOS(APT)",
            "withdrawEnable": true,
            "withdrawFee": "100",
            "withdrawIntegerMultiple": null,
            "withdrawMax": "20000000",
            "withdrawMin": "200",
            "sameAddress": false,
            "contract": "0x6ed75636f618ef3cadabe8ba590c6c7f560346b28c84056725c1c5d94901f94b::bvt_coin::BvtCoin",
            "withdrawTips": "The token name of BILLIONVIEW (BVT) is BILLIONVIEW in MEXC; The last digits of the token's contract address are BvtCoin, please make sure they're correct before taking action.",
            "depositTips": "The token name of BILLIONVIEW (BVT) is BILLIONVIEW in MEXC; The last digits of the token's contract address are BvtCoin, please make sure they're correct before taking action.",
            "netWork": "APTOS"
        }
    }
]