[
    {
        "coin": "AR",
        "name": "Arweave",
        "networkDetails": {
            "coin": "AR",
            "depositDesc": null,
            "depositEnable": true,
            "minConfirm": 30,
            "name": "Arweave",
            "network": "AR",
            "withdrawEnable": true,
            "withdrawFee": "0.1",
            "withdrawIntegerMultiple": null,
            "withdrawMax": "300000",
            "withdrawMin": "0.2",
            "sameAddress": false,
            "contract": "",
            "withdrawTips": null,
            "depositTips": null,
            "netWork": "AR"
        }
    }
]