[
    {
        "coin": "ARCH",
        "name": "Archway",
        "networkDetails": {
            "coin": "ARCH",
            "depositDesc": null,
            "depositEnable": true,
            "minConfirm": 90,
            "name": "Archway",
            "network": "ARCHWAY",
            "withdrawEnable": true,
            "withdrawFee": "10",
            "withdrawIntegerMultiple": null,
            "withdrawMax": "4000000",
            "withdrawMin": "20",
            "sameAddress": true,
            "contract": "",
            "withdrawTips": null,
            "depositTips": null,
            "netWork": "ARCHWAY"
        }
    }
]