[
    {
        "coin": "AGC",
        "name": "Argocoin",
        "networkDetails": {
            "coin": "AGC",
            "depositDesc": null,
            "depositEnable": true,
            "minConfirm": 30,
            "name": "Argocoin",
            "network": "Argochain",
            "withdrawEnable": true,
            "withdrawFee": "1",
            "withdrawIntegerMultiple": null,
            "withdrawMax": "1000000",
            "withdrawMin": "2",
            "sameAddress": false,
            "contract": "",
            "withdrawTips": null,
            "depositTips": null,
            "netWork": "AGC"
        }
    }
]