[
    {
        "coin": "FLUUS",
        "name": "FLUUS",
        "networkDetails": {
            "coin": "FLUUS",
            "depositDesc": "Deposit suspended due to wallet maintenance",
            "depositEnable": false,
            "minConfirm": 35,
            "name": "FLUUS",
            "network": "Avalanche C Chain(AVAX CCHAIN)",
            "withdrawEnable": true,
            "withdrawFee": "0",
            "withdrawIntegerMultiple": null,
            "withdrawMax": "8000000",
            "withdrawMin": "1",
            "sameAddress": false,
            "contract": "0xDBabd6c54D43361E457A06D677341049AC23EFac",
            "withdrawTips": null,
            "depositTips": null,
            "netWork": "AVAX_CCHAIN"
        }
    },
    {
        "coin": "BSGG",
        "name": "Betswap.gg",
        "networkDetails": {
            "coin": "BSGG",
            "depositDesc": null,
            "depositEnable": false,
            "minConfirm": 35,
            "name": "Betswap.gg",
            "network": "Avalanche C Chain(AVAX CCHAIN)",
            "withdrawEnable": true,
            "withdrawFee": "0",
            "withdrawIntegerMultiple": null,
            "withdrawMax": "120000000",
            "withdrawMin": "1",
            "sameAddress": false,
            "contract": "0x63682bdc5f875e9bf69e201550658492c9763f89",
            "withdrawTips": null,
            "depositTips": null,
            "netWork": "AVAX_CCHAIN"
        }
    },
    {
        "coin": "BLS",
        "name": "BloodLoop",
        "networkDetails": {
            "coin": "BLS",
            "depositDesc": null,
            "depositEnable": true,
            "minConfirm": 35,
            "name": "BloodLoop",
            "network": "Avalanche C Chain(AVAX CCHAIN)",
            "withdrawEnable": true,
            "withdrawFee": "0.5",
            "withdrawIntegerMultiple": null,
            "withdrawMax": "1000000",
            "withdrawMin": "1",
            "sameAddress": false,
            "contract": "0x46B9144771Cb3195D66e4EDA643a7493fADCAF9D",
            "withdrawTips": null,
            "depositTips": null,
            "netWork": "AVAX_CCHAIN"
        }
    },
    {
        "coin": "STL",
        "name": "Stella Token",
        "networkDetails": {
            "coin": "STL",
            "depositDesc": "Deposit suspended due to wallet maintenance",
            "depositEnable": false,
            "minConfirm": 35,
            "name": "Stella Token",
            "network": "Avalanche C Chain(AVAX CCHAIN)",
            "withdrawEnable": true,
            "withdrawFee": "200",
            "withdrawIntegerMultiple": null,
            "withdrawMax": "5000000",
            "withdrawMin": "400",
            "sameAddress": false,
            "contract": "0x66B071A55b7c258c2086527e35EE355771aA05B8",
            "withdrawTips": null,
            "depositTips": null,
            "netWork": "AVAX_CCHAIN"
        }
    },
    {
        "coin": "SUP",
        "name": "Sup",
        "networkDetails": {
            "coin": "SUP",
            "depositDesc": null,
            "depositEnable": true,
            "minConfirm": 35,
            "name": "Sup",
            "network": "Avalanche C Chain(AVAX CCHAIN)",
            "withdrawEnable": true,
            "withdrawFee": "34000",
            "withdrawIntegerMultiple": null,
            "withdrawMax": "35000000000",
            "withdrawMin": "70000",
            "sameAddress": false,
            "contract": "0x22bc1c924A6174Eb9b2C98035F8D2f20E8Bc4A1E",
            "withdrawTips": null,
            "depositTips": null,
            "netWork": "AVAX_CCHAIN"
        }
    },
    {
        "coin": "SYN",
        "name": "Synapse",
        "networkDetails": {
            "coin": "SYN",
            "depositDesc": null,
            "depositEnable": true,
            "minConfirm": 35,
            "name": "Synapse",
            "network": "Avalanche C Chain(AVAX CCHAIN)",
            "withdrawEnable": true,
            "withdrawFee": "0.65",
            "withdrawIntegerMultiple": null,
            "withdrawMax": "400000",
            "withdrawMin": "1",
            "sameAddress": false,
            "contract": "0x1f1E7c893855525b303f99bDF5c3c05Be09ca251",
            "withdrawTips": null,
            "depositTips": null,
            "netWork": "AVAX_CCHAIN"
        }
    },
    {
        "coin": "CLY",
        "name": "Colony",
        "networkDetails": {
            "coin": "CLY",
            "depositDesc": null,
            "depositEnable": true,
            "minConfirm": 35,
            "name": "Colony",
            "network": "Avalanche C Chain(AVAX CCHAIN)",
            "withdrawEnable": true,
            "withdrawFee": "4",
            "withdrawIntegerMultiple": null,
            "withdrawMax": "5600000",
            "withdrawMin": "10",
            "sameAddress": false,
            "contract": "0xec3492a2508ddf4fdc0cd76f31f340b30d1793e6",
            "withdrawTips": null,
            "depositTips": null,
            "netWork": "AVAX_CCHAIN"
        }
    },
    {
        "coin": "COQ",
        "name": "COQ INU",
        "networkDetails": {
            "coin": "COQ",
            "depositDesc": null,
            "depositEnable": true,
            "minConfirm": 35,
            "name": "COQ INU",
            "network": "Avalanche C Chain(AVAX CCHAIN)",
            "withdrawEnable": true,
            "withdrawFee": "200000",
            "withdrawIntegerMultiple": null,
            "withdrawMax": "50000000000",
            "withdrawMin": "500000",
            "sameAddress": false,
            "contract": "0x420FcA0121DC28039145009570975747295f2329",
            "withdrawTips": null,
            "depositTips": null,
            "netWork": "AVAX_CCHAIN"
        }
    },
    {
        "coin": "CRA",
        "name": "Crabada",
        "networkDetails": {
            "coin": "CRA",
            "depositDesc": "Deposit is prohibited (forced deposit may result in asset loss)",
            "depositEnable": false,
            "minConfirm": 35,
            "name": "Crabada",
            "network": "Avalanche C Chain(AVAX CCHAIN)",
            "withdrawEnable": true,
            "withdrawFee": "0",
            "withdrawIntegerMultiple": null,
            "withdrawMax": "45000000",
            "withdrawMin": "10",
            "sameAddress": false,
            "contract": "0xA32608e873F9DdEF944B24798db69d80Bbb4d1ed",
            "withdrawTips": null,
            "depositTips": null,
            "netWork": "AVAX_CCHAIN"
        }
    },
    {
        "coin": "VRYNT",
        "name": "VRYNT",
        "networkDetails": {
            "coin": "VRYNT",
            "depositDesc": null,
            "depositEnable": false,
            "minConfirm": 35,
            "name": "VRYNT",
            "network": "Avalanche C Chain(AVAX CCHAIN)",
            "withdrawEnable": true,
            "withdrawFee": "0",
            "withdrawIntegerMultiple": null,
            "withdrawMax": "260000000",
            "withdrawMin": "1",
            "sameAddress": false,
            "contract": "0xE457c5Fe85d0563B2CA389354Da307516a8EDD87",
            "withdrawTips": null,
            "depositTips": null,
            "netWork": "AVAX_CCHAIN"
        }
    },
    {
        "coin": "DBY",
        "name": "MetaDerby",
        "networkDetails": {
            "coin": "DBY",
            "depositDesc": null,
            "depositEnable": false,
            "minConfirm": 35,
            "name": "MetaDerby",
            "network": "Avalanche C Chain(AVAX CCHAIN)",
            "withdrawEnable": true,
            "withdrawFee": "0",
            "withdrawIntegerMultiple": null,
            "withdrawMax": "14000000",
            "withdrawMin": "200",
            "sameAddress": false,
            "contract": "0x5085434227aB73151fAd2DE546210Cbc8663dF96",
            "withdrawTips": null,
            "depositTips": null,
            "netWork": "AVAX_CCHAIN"
        }
    },
    {
        "coin": "DEG",
        "name": "Degis",
        "networkDetails": {
            "coin": "DEG",
            "depositDesc": null,
            "depositEnable": false,
            "minConfirm": 35,
            "name": "Degis",
            "network": "Avalanche C Chain(AVAX CCHAIN)",
            "withdrawEnable": true,
            "withdrawFee": "0",
            "withdrawIntegerMultiple": null,
            "withdrawMax": "2000000",
            "withdrawMin": "5",
            "sameAddress": false,
            "contract": "0x9f285507Ea5B4F33822CA7aBb5EC8953ce37A645",
            "withdrawTips": null,
            "depositTips": null,
            "netWork": "AVAX_CCHAIN"
        }
    },
    {
        "coin": "WOLFI",
        "name": "WOLFI",
        "networkDetails": {
            "coin": "WOLFI",
            "depositDesc": null,
            "depositEnable": true,
            "minConfirm": 35,
            "name": "WOLFI",
            "network": "Avalanche C Chain(AVAX CCHAIN)",
            "withdrawEnable": true,
            "withdrawFee": "280",
            "withdrawIntegerMultiple": null,
            "withdrawMax": "200000000",
            "withdrawMin": "600",
            "sameAddress": false,
            "contract": "0x5DDc8d968a94cf95CfeB7379F8372d858B9C797d",
            "withdrawTips": null,
            "depositTips": null,
            "netWork": "AVAX_CCHAIN"
        }
    },
    {
        "coin": "NXPC",
        "name": "NEXPACE",
        "networkDetails": {
            "coin": "NXPC",
            "depositDesc": null,
            "depositEnable": true,
            "minConfirm": 35,
            "name": "NEXPACE",
            "network": "Avalanche C Chain(AVAX CCHAIN)",
            "withdrawEnable": true,
            "withdrawFee": "0.4",
            "withdrawIntegerMultiple": null,
            "withdrawMax": "100000",
            "withdrawMin": "1",
            "sameAddress": false,
            "contract": "0x5E0E90E268BC247Cc850c789A0DB0d5c7621fb59",
            "withdrawTips": null,
            "depositTips": null,
            "netWork": "AVAX_CCHAIN"
        }
    },
    {
        "coin": "ARENA",
        "name": "The Arena",
        "networkDetails": {
            "coin": "ARENA",
            "depositDesc": null,
            "depositEnable": true,
            "minConfirm": 35,
            "name": "The Arena",
            "network": "Avalanche C Chain(AVAX CCHAIN)",
            "withdrawEnable": true,
            "withdrawFee": "15",
            "withdrawIntegerMultiple": null,
            "withdrawMax": "20000000",
            "withdrawMin": "50",
            "sameAddress": false,
            "contract": "0xB8d7710f7d8349A506b75dD184F05777c82dAd0C",
            "withdrawTips": null,
            "depositTips": null,
            "netWork": "AVAX_CCHAIN"
        }
    },
    {
        "coin": "TICO",
        "name": "FUNTICO",
        "networkDetails": {
            "coin": "TICO",
            "depositDesc": null,
            "depositEnable": true,
            "minConfirm": 35,
            "name": "FUNTICO",
            "network": "Avalanche C Chain(AVAX CCHAIN)",
            "withdrawEnable": true,
            "withdrawFee": "60",
            "withdrawIntegerMultiple": null,
            "withdrawMax": "20000000",
            "withdrawMin": "100",
            "sameAddress": false,
            "contract": "0xEDf647326007E64d94B0Ee69743350F3736E392C",
            "withdrawTips": null,
            "depositTips": null,
            "netWork": "AVAX_CCHAIN"
        }
    },
    {
        "coin": "TD",
        "name": "Big Red",
        "networkDetails": {
            "coin": "TD",
            "depositDesc": null,
            "depositEnable": true,
            "minConfirm": 35,
            "name": "Big Red",
            "network": "Avalanche C Chain(AVAX CCHAIN)",
            "withdrawEnable": true,
            "withdrawFee": "50000",
            "withdrawIntegerMultiple": null,
            "withdrawMax": "20000000000",
            "withdrawMin": "100000",
            "sameAddress": false,
            "contract": "0x87bbFc9DCB66Caa8ce7582A3F17B60a25cd8A248",
            "withdrawTips": null,
            "depositTips": null,
            "netWork": "AVAX_CCHAIN"
        }
    },
    {
        "coin": "GECKOAVAX",
        "name": "Gecko Inu",
        "networkDetails": {
            "coin": "GECKOAVAX",
            "depositDesc": "Deposit is prohibited (forced deposit may result in asset loss)",
            "depositEnable": false,
            "minConfirm": 35,
            "name": "Gecko Inu",
            "network": "Avalanche C Chain(AVAX CCHAIN)",
            "withdrawEnable": true,
            "withdrawFee": "0",
            "withdrawIntegerMultiple": null,
            "withdrawMax": "700000000000",
            "withdrawMin": "4000000",
            "sameAddress": false,
            "contract": "0xE8385CECb013561b69bEb63FF59f4d10734881f3",
            "withdrawTips": "The token name of Gecko Inu (GEC) is GECKOAVAX in MEXC; The last digits of the token's contract address are 81f3, please make sure they're correct before taking action.",
            "depositTips": "The token name of Gecko Inu (GEC) is GECKOAVAX in MEXC; The last digits of the token's contract address are 81f3, please make sure they're correct before taking action.",
            "netWork": "AVAX_CCHAIN"
        }
    },
    {
        "coin": "NHCT",
        "name": "Hurricane NFT",
        "networkDetails": {
            "coin": "NHCT",
            "depositDesc": null,
            "depositEnable": false,
            "minConfirm": 35,
            "name": "Hurricane NFT",
            "network": "Avalanche C Chain(AVAX CCHAIN)",
            "withdrawEnable": true,
            "withdrawFee": "0",
            "withdrawIntegerMultiple": null,
            "withdrawMax": "7000000",
            "withdrawMin": "1",
            "sameAddress": false,
            "contract": "0x3CE2fceC09879af073B53beF5f4D04327a1bC032",
            "withdrawTips": null,
            "depositTips": null,
            "netWork": "AVAX_CCHAIN"
        }
    },
    {
        "coin": "PNIC",
        "name": "Phoenic",
        "networkDetails": {
            "coin": "PNIC",
            "depositDesc": null,
            "depositEnable": true,
            "minConfirm": 35,
            "name": "Phoenic",
            "network": "Avalanche C Chain(AVAX CCHAIN)",
            "withdrawEnable": true,
            "withdrawFee": "0.5",
            "withdrawIntegerMultiple": null,
            "withdrawMax": "800000",
            "withdrawMin": "1",
            "sameAddress": false,
            "contract": "0x4f3c5C53279536fFcfe8bCafb78E612E933D53c6",
            "withdrawTips": null,
            "depositTips": null,
            "netWork": "AVAX_CCHAIN"
        }
    },
    {
        "coin": "ELK",
        "name": "Elk Finance",
        "networkDetails": {
            "coin": "ELK",
            "depositDesc": null,
            "depositEnable": true,
            "minConfirm": 35,
            "name": "Elk Finance",
            "network": "Avalanche C Chain(AVAX CCHAIN)",
            "withdrawEnable": true,
            "withdrawFee": "2",
            "withdrawIntegerMultiple": null,
            "withdrawMax": "2000000",
            "withdrawMin": "10",
            "sameAddress": false,
            "contract": "0xeEeEEb57642040bE42185f49C52F7E9B38f8eeeE",
            "withdrawTips": null,
            "depositTips": null,
            "netWork": "AVAX_CCHAIN"
        }
    },
    {
        "coin": "CHRO",
        "name": "Chronicum",
        "networkDetails": {
            "coin": "CHRO",
            "depositDesc": null,
            "depositEnable": false,
            "minConfirm": 35,
            "name": "Chronicum",
            "network": "Avalanche C Chain(AVAX CCHAIN)",
            "withdrawEnable": true,
            "withdrawFee": "0",
            "withdrawIntegerMultiple": null,
            "withdrawMax": "220000000",
            "withdrawMin": "1",
            "sameAddress": false,
            "contract": "0xbf1230bb63bfD7F5D628AB7B543Bcefa8a24B81B",
            "withdrawTips": null,
            "depositTips": null,
            "netWork": "AVAX_CCHAIN"
        }
    },
    {
        "coin": "XETA",
        "name": "XANA",
        "networkDetails": {
            "coin": "XETA",
            "depositDesc": "Deposit is prohibited (forced deposit may result in asset loss)",
            "depositEnable": false,
            "minConfirm": 35,
            "name": "XANA",
            "network": "Avalanche C Chain(AVAX CCHAIN)",
            "withdrawEnable": true,
            "withdrawFee": "50",
            "withdrawIntegerMultiple": null,
            "withdrawMax": "13333333.333333",
            "withdrawMin": "100",
            "sameAddress": false,
            "contract": "0x31c994AC062C1970C086260Bc61babB708643fAc",
            "withdrawTips": null,
            "depositTips": null,
            "netWork": "AVAX_CCHAIN"
        }
    },
    {
        "coin": "KOAVA",
        "name": "Koava",
        "networkDetails": {
            "coin": "KOAVA",
            "depositDesc": "Deposit is prohibited (forced deposit may result in asset loss)",
            "depositEnable": false,
            "minConfirm": 35,
            "name": "Koava",
            "network": "Avalanche C Chain(AVAX CCHAIN)",
            "withdrawEnable": true,
            "withdrawFee": "6.25",
            "withdrawIntegerMultiple": null,
            "withdrawMax": "12000000",
            "withdrawMin": "10",
            "sameAddress": false,
            "contract": "0x2905106e44B72C1a0d29735fCaAA19280e59436d",
            "withdrawTips": null,
            "depositTips": null,
            "netWork": "AVAX_CCHAIN"
        }
    },
    {
        "coin": "WTR",
        "name": "Deepwaters",
        "networkDetails": {
            "coin": "WTR",
            "depositDesc": "Deposit is prohibited (forced deposit may result in asset loss)",
            "depositEnable": false,
            "minConfirm": 35,
            "name": "Deepwaters",
            "network": "Avalanche C Chain(AVAX CCHAIN)",
            "withdrawEnable": true,
            "withdrawFee": "0",
            "withdrawIntegerMultiple": null,
            "withdrawMax": "1680000",
            "withdrawMin": "1",
            "sameAddress": false,
            "contract": "0xd05B010eDDB2Dc65d5Bd5a1389330D475049A4d5",
            "withdrawTips": null,
            "depositTips": null,
            "netWork": "AVAX_CCHAIN"
        }
    },
    {
        "coin": "GAU",
        "name": "Gamer Arena",
        "networkDetails": {
            "coin": "GAU",
            "depositDesc": null,
            "depositEnable": true,
            "minConfirm": 35,
            "name": "Gamer Arena",
            "network": "Avalanche C Chain(AVAX CCHAIN)",
            "withdrawEnable": true,
            "withdrawFee": "4",
            "withdrawIntegerMultiple": null,
            "withdrawMax": "1000000",
            "withdrawMin": "10",
            "sameAddress": false,
            "contract": "0xCa8EBfB8e1460Aaac7c272CB9053B3D42412AAc2",
            "withdrawTips": null,
            "depositTips": null,
            "netWork": "AVAX_CCHAIN"
        }
    },
    {
        "coin": "PIXELOLD",
        "name": "PixelVerse",
        "networkDetails": {
            "coin": "PIXELOLD",
            "depositDesc": "Deposit suspended due to wallet maintenance",
            "depositEnable": false,
            "minConfirm": 35,
            "name": "PixelVerse",
            "network": "Avalanche C Chain(AVAX CCHAIN)",
            "withdrawEnable": false,
            "withdrawFee": "10",
            "withdrawIntegerMultiple": null,
            "withdrawMax": "2000000",
            "withdrawMin": "20",
            "sameAddress": false,
            "contract": "0xde458da0df5e8d17fc2b2dee641d2bb01f800cd1",
            "withdrawTips": null,
            "depositTips": null,
            "netWork": "AVAX_CCHAIN"
        }
    },
    {
        "coin": "HCT",
        "name": "HurricaneSwap",
        "networkDetails": {
            "coin": "HCT",
            "depositDesc": "Deposit suspended due to wallet maintenance",
            "depositEnable": false,
            "minConfirm": 35,
            "name": "HurricaneSwap",
            "network": "Avalanche C Chain(AVAX CCHAIN)",
            "withdrawEnable": true,
            "withdrawFee": "0",
            "withdrawIntegerMultiple": null,
            "withdrawMax": "1000000000",
            "withdrawMin": "1",
            "sameAddress": false,
            "contract": "0x45C13620B55C35A5f539d26E88247011Eb10fDbd",
            "withdrawTips": null,
            "depositTips": null,
            "netWork": "AVAX_CCHAIN"
        }
    },
    {
        "coin": "AVAX",
        "name": "Avalanche",
        "networkDetails": {
            "coin": "AVAX",
            "depositDesc": null,
            "depositEnable": true,
            "minConfirm": 35,
            "name": "Avalanche",
            "network": "Avalanche C Chain(AVAX CCHAIN)",
            "withdrawEnable": true,
            "withdrawFee": "0.004",
            "withdrawIntegerMultiple": null,
            "withdrawMax": "50000",
            "withdrawMin": "0.1",
            "sameAddress": false,
            "contract": "",
            "withdrawTips": null,
            "depositTips": null,
            "netWork": "AVAX_CCHAIN"
        }
    },
    {
        "coin": "BENQI",
        "name": "BENQI",
        "networkDetails": {
            "coin": "BENQI",
            "depositDesc": null,
            "depositEnable": true,
            "minConfirm": 35,
            "name": "BENQI",
            "network": "Avalanche C Chain(AVAX CCHAIN)",
            "withdrawEnable": true,
            "withdrawFee": "50",
            "withdrawIntegerMultiple": null,
            "withdrawMax": "30000000",
            "withdrawMin": "100",
            "sameAddress": false,
            "contract": "0x8729438EB15e2C8B576fCc6AeCdA6A148776C0F5",
            "withdrawTips": null,
            "depositTips": null,
            "netWork": "AVAX_CCHAIN"
        }
    },
    {
        "coin": "YTS",
        "name": "YetiSwap",
        "networkDetails": {
            "coin": "YTS",
            "depositDesc": null,
            "depositEnable": false,
            "minConfirm": 35,
            "name": "YetiSwap",
            "network": "Avalanche C Chain(AVAX CCHAIN)",
            "withdrawEnable": true,
            "withdrawFee": "0",
            "withdrawIntegerMultiple": null,
            "withdrawMax": "3180000",
            "withdrawMin": "1",
            "sameAddress": false,
            "contract": "0x488F73cddDA1DE3664775fFd91623637383D6404",
            "withdrawTips": null,
            "depositTips": null,
            "netWork": "AVAX_CCHAIN"
        }
    },
    {
        "coin": "AVXT",
        "name": "Avaxtars Token",
        "networkDetails": {
            "coin": "AVXT",
            "depositDesc": null,
            "depositEnable": false,
            "minConfirm": 35,
            "name": "Avaxtars Token",
            "network": "Avalanche C Chain(AVAX CCHAIN)",
            "withdrawEnable": true,
            "withdrawFee": "0",
            "withdrawIntegerMultiple": null,
            "withdrawMax": "950000000",
            "withdrawMin": "1",
            "sameAddress": false,
            "contract": "0x397bBd6A0E41bdF4C3F971731E180Db8Ad06eBc1",
            "withdrawTips": null,
            "depositTips": null,
            "netWork": "AVAX_CCHAIN"
        }
    },
    {
        "coin": "IME",
        "name": "Imperium Empires",
        "networkDetails": {
            "coin": "IME",
            "depositDesc": null,
            "depositEnable": false,
            "minConfirm": 35,
            "name": "Imperium Empires",
            "network": "Avalanche C Chain(AVAX CCHAIN)",
            "withdrawEnable": true,
            "withdrawFee": "0",
            "withdrawIntegerMultiple": null,
            "withdrawMax": "3000000",
            "withdrawMin": "1",
            "sameAddress": false,
            "contract": "0xf891214fdcf9cdaa5fdc42369ee4f27f226adad6",
            "withdrawTips": null,
            "depositTips": null,
            "netWork": "AVAX_CCHAIN"
        }
    },
    {
        "coin": "ISA",
        "name": "Islander",
        "networkDetails": {
            "coin": "ISA",
            "depositDesc": null,
            "depositEnable": false,
            "minConfirm": 35,
            "name": "Islander",
            "network": "Avalanche C Chain(AVAX CCHAIN)",
            "withdrawEnable": true,
            "withdrawFee": "0",
            "withdrawIntegerMultiple": null,
            "withdrawMax": "1300000000",
            "withdrawMin": "1",
            "sameAddress": false,
            "contract": "0x3EeFb18003D033661f84e48360eBeCD181A84709",
            "withdrawTips": null,
            "depositTips": null,
            "netWork": "AVAX_CCHAIN"
        }
    },
    {
        "coin": "KIDEN",
        "name": "RoboKiden",
        "networkDetails": {
            "coin": "KIDEN",
            "depositDesc": "Deposit is prohibited (forced deposit may result in asset loss)",
            "depositEnable": false,
            "minConfirm": 35,
            "name": "RoboKiden",
            "network": "Avalanche C Chain(AVAX CCHAIN)",
            "withdrawEnable": true,
            "withdrawFee": "0",
            "withdrawIntegerMultiple": null,
            "withdrawMax": "1500000",
            "withdrawMin": "1",
            "sameAddress": false,
            "contract": "0xCc5c80B4ecEF7E6561Bb4721d8AC3E80B4503a96",
            "withdrawTips": null,
            "depositTips": null,
            "netWork": "AVAX_CCHAIN"
        }
    },
    {
        "coin": "PLNOLD",
        "name": "Pollen",
        "networkDetails": {
            "coin": "PLNOLD",
            "depositDesc": null,
            "depositEnable": false,
            "minConfirm": 35,
            "name": "Pollen",
            "network": "Avalanche C Chain(AVAX CCHAIN)",
            "withdrawEnable": false,
            "withdrawFee": "0",
            "withdrawIntegerMultiple": null,
            "withdrawMax": "35000000",
            "withdrawMin": "1",
            "sameAddress": false,
            "contract": "0x7b2B702706D9b361dfE3f00bD138C0CFDA7FB2Cf",
            "withdrawTips": null,
            "depositTips": null,
            "netWork": "AVAX_CCHAIN"
        }
    },
    {
        "coin": "XSEED",
        "name": "XSEED",
        "networkDetails": {
            "coin": "XSEED",
            "depositDesc": "Deposit is prohibited (forced deposit may result in asset loss)",
            "depositEnable": false,
            "minConfirm": 35,
            "name": "XSEED",
            "network": "Avalanche C Chain(AVAX CCHAIN)",
            "withdrawEnable": true,
            "withdrawFee": "0",
            "withdrawIntegerMultiple": null,
            "withdrawMax": "300000000",
            "withdrawMin": "2000",
            "sameAddress": false,
            "contract": "0x0a10d108e2d81ccc793e37b56206c84bf96ddc57",
            "withdrawTips": null,
            "depositTips": null,
            "netWork": "AVAX_CCHAIN"
        }
    },
    {
        "coin": "JNS",
        "name": "Janus Network",
        "networkDetails": {
            "coin": "JNS",
            "depositDesc": null,
            "depositEnable": false,
            "minConfirm": 35,
            "name": "Janus Network",
            "network": "Avalanche C Chain(AVAX CCHAIN)",
            "withdrawEnable": true,
            "withdrawFee": "2",
            "withdrawIntegerMultiple": null,
            "withdrawMax": "3000000",
            "withdrawMin": "10",
            "sameAddress": false,
            "contract": "0x7A023A408F51c23760Eb31190fc731bc12B52954",
            "withdrawTips": null,
            "depositTips": null,
            "netWork": "AVAX_CCHAIN"
        }
    },
    {
        "coin": "JOE",
        "name": "JOE",
        "networkDetails": {
            "coin": "JOE",
            "depositDesc": null,
            "depositEnable": true,
            "minConfirm": 35,
            "name": "JOE",
            "network": "Avalanche C Chain(AVAX CCHAIN)",
            "withdrawEnable": true,
            "withdrawFee": "0.2",
            "withdrawIntegerMultiple": null,
            "withdrawMax": "1400000",
            "withdrawMin": "2",
            "sameAddress": false,
            "contract": "0x6e84a6216ea6dacc71ee8e6b0a5b7322eebc0fdd",
            "withdrawTips": null,
            "depositTips": null,
            "netWork": "AVAX_CCHAIN"
        }
    },
    {
        "coin": "JUC",
        "name": "JUICE",
        "networkDetails": {
            "coin": "JUC",
            "depositDesc": null,
            "depositEnable": true,
            "minConfirm": 35,
            "name": "JUICE",
            "network": "Avalanche C Chain(AVAX CCHAIN)",
            "withdrawEnable": true,
            "withdrawFee": "120",
            "withdrawIntegerMultiple": null,
            "withdrawMax": "100000000",
            "withdrawMin": "300",
            "sameAddress": false,
            "contract": "0xd5d053d5b769383e860d1520da7a908e00919f36",
            "withdrawTips": null,
            "depositTips": "The token name of JUICE(JUICE) is JUC in MEXC; The last digits of the token's contract address are 9f36, please make sure they're correct before taking action.",
            "netWork": "AVAX_CCHAIN"
        }
    },
    {
        "coin": "KULA",
        "name": "KulaDAO",
        "networkDetails": {
            "coin": "KULA",
            "depositDesc": null,
            "depositEnable": true,
            "minConfirm": 35,
            "name": "KulaDAO",
            "network": "Avalanche C Chain(AVAX CCHAIN)",
            "withdrawEnable": true,
            "withdrawFee": "2",
            "withdrawIntegerMultiple": null,
            "withdrawMax": "2000000",
            "withdrawMin": "10",
            "sameAddress": false,
            "contract": "0x99F2BDf00ACd067c65A79a0b6A3914C555196EA4",
            "withdrawTips": null,
            "depositTips": null,
            "netWork": "AVAX_CCHAIN"
        }
    },
    {
        "coin": "KET",
        "name": "yellow ket",
        "networkDetails": {
            "coin": "KET",
            "depositDesc": "Deposit is prohibited (forced deposit may result in asset loss)",
            "depositEnable": false,
            "minConfirm": 35,
            "name": "yellow ket",
            "network": "Avalanche C Chain(AVAX CCHAIN)",
            "withdrawEnable": true,
            "withdrawFee": "0",
            "withdrawIntegerMultiple": null,
            "withdrawMax": "1000000",
            "withdrawMin": "1",
            "sameAddress": false,
            "contract": "0xFFFF003a6BAD9b743d658048742935fFFE2b6ED7",
            "withdrawTips": null,
            "depositTips": null,
            "netWork": "AVAX_CCHAIN"
        }
    },
    {
        "coin": "KIB",
        "name": "Kibble",
        "networkDetails": {
            "coin": "KIB",
            "depositDesc": null,
            "depositEnable": true,
            "minConfirm": 35,
            "name": "Kibble",
            "network": "Avalanche C Chain(AVAX CCHAIN)",
            "withdrawEnable": true,
            "withdrawFee": "40",
            "withdrawIntegerMultiple": null,
            "withdrawMax": "20000000",
            "withdrawMin": "100",
            "sameAddress": false,
            "contract": "0x00Da149c4E01E4a391Ab86DEdDaAE66E906B6fB7",
            "withdrawTips": null,
            "depositTips": null,
            "netWork": "AVAX_CCHAIN"
        }
    },
    {
        "coin": "FITFI",
        "name": "Step App",
        "networkDetails": {
            "coin": "FITFI",
            "depositDesc": null,
            "depositEnable": true,
            "minConfirm": 35,
            "name": "Step App",
            "network": "Avalanche C Chain(AVAX CCHAIN)",
            "withdrawEnable": true,
            "withdrawFee": "40",
            "withdrawIntegerMultiple": null,
            "withdrawMax": "200000000",
            "withdrawMin": "80",
            "sameAddress": false,
            "contract": "0x714f020C54cc9D104B6F4f6998C63ce2a31D1888",
            "withdrawTips": null,
            "depositTips": null,
            "netWork": "AVAX_CCHAIN"
        }
    },
    {
        "coin": "USDT",
        "name": "USDT",
        "networkDetails": {
            "coin": "USDT",
            "depositDesc": null,
            "depositEnable": true,
            "minConfirm": 35,
            "name": "Tether",
            "network": "Avalanche C Chain(AVAX CCHAIN)",
            "withdrawEnable": true,
            "withdrawFee": "0.067",
            "withdrawIntegerMultiple": null,
            "withdrawMax": "2000000",
            "withdrawMin": "5",
            "sameAddress": false,
            "contract": "0x9702230A8Ea53601f5cD2dc00fDBc13d4dF4A8c7",
            "withdrawTips": null,
            "depositTips": null,
            "netWork": "AVAX_CCHAIN"
        }
    },
    {
        "coin": "USDC",
        "name": "USDC",
        "networkDetails": {
            "coin": "USDC",
            "depositDesc": null,
            "depositEnable": true,
            "minConfirm": 35,
            "name": "Tether",
            "network": "Avalanche C Chain(AVAX CCHAIN)",
            "withdrawEnable": true,
            "withdrawFee": "0.067",
            "withdrawIntegerMultiple": null,
            "withdrawMax": "1000000",
            "withdrawMin": "5",
            "sameAddress": false,
            "contract": "0xB97EF9Ef8734C71904D8002F8b6Bc66Dd9c48a6E",
            "withdrawTips": null,
            "depositTips": null,
            "netWork": "AVAX_CCHAIN"
        }
    },
    {
        "coin": "AKITAX",
        "name": "AKITAX",
        "networkDetails": {
            "coin": "AKITAX",
            "depositDesc": "Deposit is prohibited (forced deposit may result in asset loss)",
            "depositEnable": false,
            "minConfirm": 35,
            "name": "AKITAX",
            "network": "Avalanche C Chain(AVAX CCHAIN)",
            "withdrawEnable": true,
            "withdrawFee": "0",
            "withdrawIntegerMultiple": null,
            "withdrawMax": "4000000000",
            "withdrawMin": "20000",
            "sameAddress": false,
            "contract": "0xf2536e4301a428AF9686ed73E42b50C1f9AeD517",
            "withdrawTips": null,
            "depositTips": null,
            "netWork": "AVAX_CCHAIN"
        }
    },
    {
        "coin": "ORNG",
        "name": "ORANGE",
        "networkDetails": {
            "coin": "ORNG",
            "depositDesc": "Deposit is prohibited (forced deposit may result in asset loss)",
            "depositEnable": false,
            "minConfirm": 35,
            "name": "ORANGE",
            "network": "Avalanche C Chain(AVAX CCHAIN)",
            "withdrawEnable": true,
            "withdrawFee": "0",
            "withdrawIntegerMultiple": null,
            "withdrawMax": "14000000",
            "withdrawMin": "70",
            "sameAddress": false,
            "contract": "0x6c14c1898C843FF66cA51e87244690bBc28DF215",
            "withdrawTips": null,
            "depositTips": null,
            "netWork": "AVAX_CCHAIN"
        }
    },
    {
        "coin": "WINK",
        "name": "Wink",
        "networkDetails": {
            "coin": "WINK",
            "depositDesc": "Deposit is prohibited (forced deposit may result in asset loss)",
            "depositEnable": false,
            "minConfirm": 35,
            "name": "Wink",
            "network": "Avalanche C Chain(AVAX CCHAIN)",
            "withdrawEnable": true,
            "withdrawFee": "0",
            "withdrawIntegerMultiple": null,
            "withdrawMax": "2000000",
            "withdrawMin": "1",
            "sameAddress": false,
            "contract": "0x7698A5311DA174A95253Ce86C21ca7272b9B05f8",
            "withdrawTips": null,
            "depositTips": null,
            "netWork": "AVAX_CCHAIN"
        }
    },
    {
        "coin": "CRAFT",
        "name": "TaleCraft",
        "networkDetails": {
            "coin": "CRAFT",
            "depositDesc": null,
            "depositEnable": false,
            "minConfirm": 35,
            "name": "TaleCraft",
            "network": "Avalanche C Chain(AVAX CCHAIN)",
            "withdrawEnable": true,
            "withdrawFee": "0",
            "withdrawIntegerMultiple": null,
            "withdrawMax": "10000000",
            "withdrawMin": "1",
            "sameAddress": false,
            "contract": "0x8ae8be25c23833e0a01aa200403e826f611f9cd2",
            "withdrawTips": null,
            "depositTips": null,
            "netWork": "AVAX_CCHAIN"
        }
    },
    {
        "coin": "SECOND",
        "name": "MetaDOS",
        "networkDetails": {
            "coin": "SECOND",
            "depositDesc": null,
            "depositEnable": true,
            "minConfirm": 35,
            "name": "MetaDOS",
            "network": "Avalanche C Chain(AVAX CCHAIN)",
            "withdrawEnable": true,
            "withdrawFee": "100",
            "withdrawIntegerMultiple": null,
            "withdrawMax": "20000000",
            "withdrawMin": "200",
            "sameAddress": false,
            "contract": "0x7979871595b80433183950Ab6c6457752B585805",
            "withdrawTips": null,
            "depositTips": null,
            "netWork": "AVAX_CCHAIN"
        }
    },
    {
        "coin": "AVALOX",
        "name": "Avalox",
        "networkDetails": {
            "coin": "AVALOX",
            "depositDesc": null,
            "depositEnable": true,
            "minConfirm": 35,
            "name": "Avalox",
            "network": "Avalanche C Chain(AVAX CCHAIN)",
            "withdrawEnable": true,
            "withdrawFee": "800",
            "withdrawIntegerMultiple": null,
            "withdrawMax": "800000000",
            "withdrawMin": "1000",
            "sameAddress": false,
            "contract": "0x1209810df5370F68B28E6832dC4aC80072E2d0B8",
            "withdrawTips": null,
            "depositTips": null,
            "netWork": "AVAX_CCHAIN"
        }
    },
    {
        "coin": "LAMBO",
        "name": "LAMBO",
        "networkDetails": {
            "coin": "LAMBO",
            "depositDesc": null,
            "depositEnable": true,
            "minConfirm": 35,
            "name": "LAMBO",
            "network": "Avalanche C Chain(AVAX CCHAIN)",
            "withdrawEnable": true,
            "withdrawFee": "200",
            "withdrawIntegerMultiple": null,
            "withdrawMax": "100000000",
            "withdrawMin": "1000",
            "sameAddress": false,
            "contract": "0x6F43fF77A9C0Cf552b5b653268fBFe26A052429b",
            "withdrawTips": null,
            "depositTips": null,
            "netWork": "AVAX_CCHAIN"
        }
    },
    {
        "coin": "NAI",
        "name": "Nuklai",
        "networkDetails": {
            "coin": "NAI",
            "depositDesc": null,
            "depositEnable": true,
            "minConfirm": 35,
            "name": "Nuklai",
            "network": "Avalanche C Chain(AVAX CCHAIN)",
            "withdrawEnable": true,
            "withdrawFee": "4",
            "withdrawIntegerMultiple": null,
            "withdrawMax": "8000000",
            "withdrawMin": "10",
            "sameAddress": false,
            "contract": "0x5Ac34C53A04B9aaA0BF047e7291fb4e8A48f2A18",
            "withdrawTips": null,
            "depositTips": null,
            "netWork": "AVAX_CCHAIN"
        }
    },
    {
        "coin": "BLUBAVAX",
        "name": "Blub",
        "networkDetails": {
            "coin": "BLUBAVAX",
            "depositDesc": "Deposit is prohibited (forced deposit may result in asset loss)",
            "depositEnable": false,
            "minConfirm": 35,
            "name": "Blub",
            "network": "Avalanche C Chain(AVAX CCHAIN)",
            "withdrawEnable": true,
            "withdrawFee": "10",
            "withdrawIntegerMultiple": null,
            "withdrawMax": "4000000",
            "withdrawMin": "20",
            "sameAddress": false,
            "contract": "0x0f669808d88B2b0b3D23214DCD2a1cc6A8B1B5cd",
            "withdrawTips": null,
            "depositTips": null,
            "netWork": "AVAX_CCHAIN"
        }
    },
    {
        "coin": "SPCM",
        "name": "SPCM",
        "networkDetails": {
            "coin": "SPCM",
            "depositDesc": null,
            "depositEnable": false,
            "minConfirm": 35,
            "name": "SPCM",
            "network": "Avalanche C Chain(AVAX CCHAIN)",
            "withdrawEnable": false,
            "withdrawFee": "3333.333333333333333333333333333333",
            "withdrawIntegerMultiple": null,
            "withdrawMax": "666666666.666666666666666666666666666666",
            "withdrawMin": "6666.666666666666666666666666666666",
            "sameAddress": false,
            "contract": "0x7Cc9c624Efa62C2Decf0a2a028f7885eCea95A17",
            "withdrawTips": null,
            "depositTips": null,
            "netWork": "AVAX_CCHAIN"
        }
    },
    {
        "coin": "OBX",
        "name": "OpenBlox",
        "networkDetails": {
            "coin": "OBX",
            "depositDesc": null,
            "depositEnable": false,
            "minConfirm": 35,
            "name": "OpenBlox",
            "network": "Avalanche C Chain(AVAX CCHAIN)",
            "withdrawEnable": true,
            "withdrawFee": "0",
            "withdrawIntegerMultiple": null,
            "withdrawMax": "180000000",
            "withdrawMin": "1",
            "sameAddress": false,
            "contract": "0xcCf719c44e2C36E919335692E89d22Cf13D6aaEB",
            "withdrawTips": null,
            "depositTips": null,
            "netWork": "AVAX_CCHAIN"
        }
    },
    {
        "coin": "AIVAX",
        "name": "AIVAX",
        "networkDetails": {
            "coin": "AIVAX",
            "depositDesc": "Deposit is prohibited (forced deposit may result in asset loss)",
            "depositEnable": false,
            "minConfirm": 35,
            "name": "AIVAX",
            "network": "Avalanche C Chain(AVAX CCHAIN)",
            "withdrawEnable": true,
            "withdrawFee": "0",
            "withdrawIntegerMultiple": null,
            "withdrawMax": "40000000",
            "withdrawMin": "200",
            "sameAddress": false,
            "contract": "0x09d156F209E0C54D0365D6BB05f8a048649f2542",
            "withdrawTips": null,
            "depositTips": null,
            "netWork": "AVAX_CCHAIN"
        }
    },
    {
        "coin": "ICPX",
        "name": "Icrypex Token",
        "networkDetails": {
            "coin": "ICPX",
            "depositDesc": null,
            "depositEnable": true,
            "minConfirm": 35,
            "name": "Icrypex Token",
            "network": "Avalanche C Chain(AVAX CCHAIN)",
            "withdrawEnable": true,
            "withdrawFee": "0.3",
            "withdrawIntegerMultiple": null,
            "withdrawMax": "70000",
            "withdrawMin": "1",
            "sameAddress": false,
            "contract": "0xd78d3D08053130A3b4466e15D8fc2a61a3DeE47d",
            "withdrawTips": null,
            "depositTips": null,
            "netWork": "AVAX_CCHAIN"
        }
    },
    {
        "coin": "RNVI",
        "name": "Renovi",
        "networkDetails": {
            "coin": "RNVI",
            "depositDesc": "Deposit is prohibited (forced deposit may result in asset loss)",
            "depositEnable": false,
            "minConfirm": 35,
            "name": "Renovi",
            "network": "Avalanche C Chain(AVAX CCHAIN)",
            "withdrawEnable": true,
            "withdrawFee": "2",
            "withdrawIntegerMultiple": null,
            "withdrawMax": "2000000",
            "withdrawMin": "10",
            "sameAddress": false,
            "contract": "0x6a178B9e4E504E194c39a50C15e13d60684A8a26",
            "withdrawTips": null,
            "depositTips": null,
            "netWork": "AVAX_CCHAIN"
        }
    },
    {
        "coin": "PNG",
        "name": "Pangolin",
        "networkDetails": {
            "coin": "PNG",
            "depositDesc": null,
            "depositEnable": true,
            "minConfirm": 35,
            "name": "Pangolin",
            "network": "Avalanche C Chain(AVAX CCHAIN)",
            "withdrawEnable": true,
            "withdrawFee": "2",
            "withdrawIntegerMultiple": null,
            "withdrawMax": "5000000",
            "withdrawMin": "10",
            "sameAddress": false,
            "contract": "0x60781c2586d68229fde47564546784ab3faca982",
            "withdrawTips": null,
            "depositTips": null,
            "netWork": "AVAX_CCHAIN"
        }
    },
    {
        "coin": "PTP",
        "name": "Platypus",
        "networkDetails": {
            "coin": "PTP",
            "depositDesc": "Deposit is prohibited (forced deposit may result in asset loss)",
            "depositEnable": false,
            "minConfirm": 35,
            "name": "Platypus",
            "network": "Avalanche C Chain(AVAX CCHAIN)",
            "withdrawEnable": true,
            "withdrawFee": "0",
            "withdrawIntegerMultiple": null,
            "withdrawMax": "1140901310",
            "withdrawMin": "50",
            "sameAddress": false,
            "contract": "0x22d4002028f537599be9f666d1c4fa138522f9c8",
            "withdrawTips": null,
            "depositTips": null,
            "netWork": "AVAX_CCHAIN"
        }
    },
    {
        "coin": "BIOFIOLD",
        "name": "BIOFI",
        "networkDetails": {
            "coin": "BIOFIOLD",
            "depositDesc": null,
            "depositEnable": false,
            "minConfirm": 35,
            "name": "BIOFI",
            "network": "Avalanche C Chain(AVAX CCHAIN)",
            "withdrawEnable": false,
            "withdrawFee": "10",
            "withdrawIntegerMultiple": null,
            "withdrawMax": "2000000",
            "withdrawMin": "20",
            "sameAddress": false,
            "contract": "0x9366d30FeBA284E62900f6295BC28c9906f33172",
            "withdrawTips": null,
            "depositTips": null,
            "netWork": "AVAX_CCHAIN"
        }
    },
    {
        "coin": "PXP",
        "name": "PointPay",
        "networkDetails": {
            "coin": "PXP",
            "depositDesc": null,
            "depositEnable": true,
            "minConfirm": 35,
            "name": "PointPay",
            "network": "Avalanche C Chain(AVAX CCHAIN)",
            "withdrawEnable": true,
            "withdrawFee": "1",
            "withdrawIntegerMultiple": null,
            "withdrawMax": "2000000",
            "withdrawMin": "2",
            "sameAddress": false,
            "contract": "0x15FA5d3DBD11a831b72B92C1705BC9F801E233CB",
            "withdrawTips": null,
            "depositTips": null,
            "netWork": "AVAX_CCHAIN"
        }
    },
    {
        "coin": "ROCO",
        "name": "ROCO FINANCE",
        "networkDetails": {
            "coin": "ROCO",
            "depositDesc": "Deposit is prohibited (forced deposit may result in asset loss)",
            "depositEnable": false,
            "minConfirm": 35,
            "name": "ROCO FINANCE",
            "network": "Avalanche C Chain(AVAX CCHAIN)",
            "withdrawEnable": true,
            "withdrawFee": "0",
            "withdrawIntegerMultiple": null,
            "withdrawMax": "1600000",
            "withdrawMin": "10",
            "sameAddress": false,
            "contract": "0xb2a85C5ECea99187A977aC34303b80AcbDdFa208",
            "withdrawTips": null,
            "depositTips": null,
            "netWork": "AVAX_CCHAIN"
        }
    },
    {
        "coin": "ARROW",
        "name": "Arrow Markets",
        "networkDetails": {
            "coin": "ARROW",
            "depositDesc": "Deposit is prohibited (forced deposit may result in asset loss)",
            "depositEnable": false,
            "minConfirm": 35,
            "name": "Arrow Markets",
            "network": "Avalanche C Chain(AVAX CCHAIN)",
            "withdrawEnable": true,
            "withdrawFee": "1.7",
            "withdrawIntegerMultiple": null,
            "withdrawMax": "500000",
            "withdrawMin": "4",
            "sameAddress": false,
            "contract": "0x5c5e384Bd4e36724B2562cCAA582aFd125277C9B",
            "withdrawTips": null,
            "depositTips": null,
            "netWork": "AVAX_CCHAIN"
        }
    },
    {
        "coin": "TECH",
        "name": "NumberGoUpTECH",
        "networkDetails": {
            "coin": "TECH",
            "depositDesc": "Deposit is prohibited (forced deposit may result in asset loss)",
            "depositEnable": false,
            "minConfirm": 35,
            "name": "NumberGoUpTECH",
            "network": "Avalanche C Chain(AVAX CCHAIN)",
            "withdrawEnable": true,
            "withdrawFee": "0",
            "withdrawIntegerMultiple": null,
            "withdrawMax": "667000000",
            "withdrawMin": "1",
            "sameAddress": false,
            "contract": "0x5Ac04b69bDE6f67C0bd5D6bA6fD5D816548b066a",
            "withdrawTips": null,
            "depositTips": null,
            "netWork": "AVAX_CCHAIN"
        }
    },
    {
        "coin": "VEEOLD",
        "name": "Vee Finance",
        "networkDetails": {
            "coin": "VEEOLD",
            "depositDesc": null,
            "depositEnable": false,
            "minConfirm": 35,
            "name": "Vee Finance",
            "network": "Avalanche C Chain(AVAX CCHAIN)",
            "withdrawEnable": true,
            "withdrawFee": "0",
            "withdrawIntegerMultiple": null,
            "withdrawMax": "1500000000",
            "withdrawMin": "1",
            "sameAddress": false,
            "contract": "0x3709e8615e02c15b096f8a9b460ccb8ca8194e86",
            "withdrawTips": null,
            "depositTips": null,
            "netWork": "AVAX_CCHAIN"
        }
    },
    {
        "coin": "DYPOLD",
        "name": "Dypius",
        "networkDetails": {
            "coin": "DYPOLD",
            "depositDesc": "Deposit suspended due to wallet maintenance",
            "depositEnable": false,
            "minConfirm": 35,
            "name": "Dypius",
            "network": "Avalanche C Chain(AVAX CCHAIN)",
            "withdrawEnable": false,
            "withdrawFee": "0",
            "withdrawIntegerMultiple": null,
            "withdrawMax": "2357065",
            "withdrawMin": "2357060",
            "sameAddress": false,
            "contract": "0x961C8c0B1aaD0c0b10a51FeF6a867E3091BCef17",
            "withdrawTips": null,
            "depositTips": null,
            "netWork": "AVAX_CCHAIN"
        }
    },
    {
        "coin": "RUX",
        "name": "RunBlox",
        "networkDetails": {
            "coin": "RUX",
            "depositDesc": null,
            "depositEnable": false,
            "minConfirm": 35,
            "name": "RunBlox",
            "network": "Avalanche C Chain(AVAX CCHAIN)",
            "withdrawEnable": true,
            "withdrawFee": "0",
            "withdrawIntegerMultiple": null,
            "withdrawMax": "300000",
            "withdrawMin": "1",
            "sameAddress": false,
            "contract": "0xA1AfCC973d44cE1C65a21D9e644CB82489d26503",
            "withdrawTips": null,
            "depositTips": null,
            "netWork": "AVAX_CCHAIN"
        }
    },
    {
        "coin": "WOLF",
        "name": "Landwolf",
        "networkDetails": {
            "coin": "WOLF",
            "depositDesc": null,
            "depositEnable": true,
            "minConfirm": 35,
            "name": "Landwolf",
            "network": "Avalanche C Chain(AVAX CCHAIN)",
            "withdrawEnable": true,
            "withdrawFee": "7500",
            "withdrawIntegerMultiple": null,
            "withdrawMax": "100000000000",
            "withdrawMin": "14000",
            "sameAddress": false,
            "contract": "0x4f94b8aef08c92fefe416af073f1df1e284438ec",
            "withdrawTips": null,
            "depositTips": null,
            "netWork": "AVAX_CCHAIN"
        }
    },
    {
        "coin": "LOST",
        "name": "Lost Worlds",
        "networkDetails": {
            "coin": "LOST",
            "depositDesc": "Deposit is prohibited (forced deposit may result in asset loss)",
            "depositEnable": false,
            "minConfirm": 35,
            "name": "Lost Worlds",
            "network": "Avalanche C Chain(AVAX CCHAIN)",
            "withdrawEnable": true,
            "withdrawFee": "0",
            "withdrawIntegerMultiple": null,
            "withdrawMax": "10000000",
            "withdrawMin": "1",
            "sameAddress": false,
            "contract": "0x449674B82F05d498E126Dd6615a1057A9c088f2C",
            "withdrawTips": null,
            "depositTips": null,
            "netWork": "AVAX_CCHAIN"
        }
    },
    {
        "coin": "XAVA",
        "name": "Avalaunch",
        "networkDetails": {
            "coin": "XAVA",
            "depositDesc": null,
            "depositEnable": true,
            "minConfirm": 35,
            "name": "Avalaunch",
            "network": "Avalanche C Chain(AVAX CCHAIN)",
            "withdrawEnable": true,
            "withdrawFee": "0.8",
            "withdrawIntegerMultiple": null,
            "withdrawMax": "1300000",
            "withdrawMin": "2",
            "sameAddress": false,
            "contract": "0xd1c3f94DE7e5B45fa4eDBBA472491a9f4B166FC4",
            "withdrawTips": null,
            "depositTips": null,
            "netWork": "AVAX_CCHAIN"
        }
    }
]