[
    {
        "coin": "GSYS",
        "name": "GSYS",
        "networkDetails": {
            "coin": "GSYS",
            "depositDesc": null,
            "depositEnable": true,
            "minConfirm": 35,
            "name": "GSYS",
            "network": "Blue20",
            "withdrawEnable": true,
            "withdrawFee": "0.1",
            "withdrawIntegerMultiple": null,
            "withdrawMax": "2000000",
            "withdrawMin": "1",
            "sameAddress": false,
            "contract": "",
            "withdrawTips": null,
            "depositTips": null,
            "netWork": "GSYS"
        }
    }
]