[
    {
        "coin": "RACA",
        "name": "Radio Caca",
        "networkDetails": {
            "coin": "RACA",
            "depositDesc": null,
            "depositEnable": true,
            "minConfirm": 61,
            "name": "Radio Caca",
            "network": "BNB Smart Chain(BEP20-RACAV2)",
            "withdrawEnable": true,
            "withdrawFee": "3654",
            "withdrawIntegerMultiple": null,
            "withdrawMax": "1200000000",
            "withdrawMin": "4515.6",
            "sameAddress": false,
            "contract": "0x12bb890508c125661e03b09ec06e404bc9289040",
            "withdrawTips": null,
            "depositTips": null,
            "netWork": "BSC"
        }
    }
]