[
    {
        "coin": "REEFOLD",
        "name": "REEF",
        "networkDetails": {
            "coin": "REEFOLD",
            "depositDesc": null,
            "depositEnable": false,
            "minConfirm": 12,
            "name": "REEF",
            "network": "BNB Smart Chain(BEP20)b",
            "withdrawEnable": false,
            "withdrawFee": "0",
            "withdrawIntegerMultiple": null,
            "withdrawMax": "10573545",
            "withdrawMin": "10573540",
            "sameAddress": false,
            "contract": "",
            "withdrawTips": null,
            "depositTips": null,
            "netWork": "NONE"
        }
    }
]