[
    {
        "coin": "RATS",
        "name": "Rats",
        "networkDetails": {
            "coin": "RATS",
            "depositDesc": null,
            "depositEnable": true,
            "minConfirm": 3,
            "name": "Rats",
            "network": "BRC20",
            "withdrawEnable": true,
            "withdrawFee": "300000",
            "withdrawIntegerMultiple": null,
            "withdrawMax": "1500000000",
            "withdrawMin": "600000",
            "sameAddress": false,
            "contract": "rats",
            "withdrawTips": null,
            "depositTips": null,
            "netWork": "BRC20"
        }
    },
    {
        "coin": "TNK",
        "name": "Trac Network",
        "networkDetails": {
            "coin": "TNK",
            "depositDesc": null,
            "depositEnable": true,
            "minConfirm": 3,
            "name": "Trac Network",
            "network": "BRC20",
            "withdrawEnable": true,
            "withdrawFee": "10",
            "withdrawIntegerMultiple": null,
            "withdrawMax": "125000",
            "withdrawMin": "30",
            "sameAddress": false,
            "contract": "traC",
            "withdrawTips": null,
            "depositTips": null,
            "netWork": "BRC20"
        }
    },
    {
        "coin": "COM",
        "name": "BRC20.COM",
        "networkDetails": {
            "coin": "COM",
            "depositDesc": null,
            "depositEnable": true,
            "minConfirm": 3,
            "name": "BRC20.COM",
            "network": "BRC20",
            "withdrawEnable": true,
            "withdrawFee": "70",
            "withdrawIntegerMultiple": null,
            "withdrawMax": "40000",
            "withdrawMin": "120",
            "sameAddress": false,
            "contract": ".com",
            "withdrawTips": null,
            "depositTips": null,
            "netWork": "BRC20"
        }
    },
    {
        "coin": "RDEX",
        "name": "RDEX",
        "networkDetails": {
            "coin": "RDEX",
            "depositDesc": null,
            "depositEnable": true,
            "minConfirm": 3,
            "name": "RDEX",
            "network": "BRC20",
            "withdrawEnable": true,
            "withdrawFee": "1120",
            "withdrawIntegerMultiple": null,
            "withdrawMax": "660000",
            "withdrawMin": "2000",
            "sameAddress": false,
            "contract": "rdex",
            "withdrawTips": null,
            "depositTips": null,
            "netWork": "BRC20"
        }
    },
    {
        "coin": "BIDP",
        "name": "BID Protocol",
        "networkDetails": {
            "coin": "BIDP",
            "depositDesc": "Deposit is prohibited (forced deposit may result in asset loss)",
            "depositEnable": false,
            "minConfirm": 3,
            "name": "BID Protocol",
            "network": "BRC20",
            "withdrawEnable": true,
            "withdrawFee": "0",
            "withdrawIntegerMultiple": null,
            "withdrawMax": "1000000000",
            "withdrawMin": "1",
            "sameAddress": false,
            "contract": "bidp",
            "withdrawTips": null,
            "depositTips": null,
            "netWork": "BRC20"
        }
    },
    {
        "coin": "UNIGRAPH",
        "name": "Unigraph Protocol",
        "networkDetails": {
            "coin": "UNIGRAPH",
            "depositDesc": "Deposit is prohibited (forced deposit may result in asset loss)",
            "depositEnable": false,
            "minConfirm": 3,
            "name": "Unigraph Protocol",
            "network": "BRC20",
            "withdrawEnable": true,
            "withdrawFee": "1000",
            "withdrawIntegerMultiple": null,
            "withdrawMax": "400000",
            "withdrawMin": "1900",
            "sameAddress": false,
            "contract": "grph",
            "withdrawTips": null,
            "depositTips": "The token name of Unigraph Protocol (GRPH) is UNIGRAPH in MEXC; The last digits of the token's contract address are GRPH, please make sure they're correct before taking action.",
            "netWork": "BRC20"
        }
    },
    {
        "coin": "ORDI",
        "name": "ORDI",
        "networkDetails": {
            "coin": "ORDI",
            "depositDesc": null,
            "depositEnable": true,
            "minConfirm": 3,
            "name": "ORDI",
            "network": "BRC20",
            "withdrawEnable": true,
            "withdrawFee": "0.3",
            "withdrawIntegerMultiple": null,
            "withdrawMax": "2000000",
            "withdrawMin": "0.45",
            "sameAddress": false,
            "contract": "ordi",
            "withdrawTips": null,
            "depositTips": null,
            "netWork": "BRC20"
        }
    },
    {
        "coin": "ORNJ",
        "name": "Orange",
        "networkDetails": {
            "coin": "ORNJ",
            "depositDesc": null,
            "depositEnable": true,
            "minConfirm": 3,
            "name": "Orange",
            "network": "BRC20",
            "withdrawEnable": true,
            "withdrawFee": "130",
            "withdrawIntegerMultiple": null,
            "withdrawMax": "600000",
            "withdrawMin": "150",
            "sameAddress": false,
            "contract": "ornj",
            "withdrawTips": null,
            "depositTips": null,
            "netWork": "BRC20"
        }
    },
    {
        "coin": "TRIO",
        "name": "OrdinalsBot",
        "networkDetails": {
            "coin": "TRIO",
            "depositDesc": null,
            "depositEnable": true,
            "minConfirm": 3,
            "name": "OrdinalsBot",
            "network": "BRC20",
            "withdrawEnable": true,
            "withdrawFee": "4",
            "withdrawIntegerMultiple": null,
            "withdrawMax": "40000",
            "withdrawMin": "10",
            "sameAddress": false,
            "contract": "trio",
            "withdrawTips": null,
            "depositTips": null,
            "netWork": "BRC20"
        }
    },
    {
        "coin": "O4DX",
        "name": "OrangeDX",
        "networkDetails": {
            "coin": "O4DX",
            "depositDesc": "Deposit is prohibited (forced deposit may result in asset loss)",
            "depositEnable": false,
            "minConfirm": 3,
            "name": "OrangeDX",
            "network": "BRC20",
            "withdrawEnable": true,
            "withdrawFee": "385",
            "withdrawIntegerMultiple": null,
            "withdrawMax": "1430000",
            "withdrawMin": "500",
            "sameAddress": false,
            "contract": "o4dx",
            "withdrawTips": null,
            "depositTips": null,
            "netWork": "BRC20"
        }
    },
    {
        "coin": "SAIX",
        "name": "XSaiyan.tech",
        "networkDetails": {
            "coin": "SAIX",
            "depositDesc": "Deposit is prohibited (forced deposit may result in asset loss)",
            "depositEnable": false,
            "minConfirm": 3,
            "name": "XSaiyan.tech",
            "network": "BRC20",
            "withdrawEnable": true,
            "withdrawFee": "164000",
            "withdrawIntegerMultiple": null,
            "withdrawMax": "235000000",
            "withdrawMin": "300000",
            "sameAddress": false,
            "contract": "saix",
            "withdrawTips": null,
            "depositTips": "This token only supports deposit & withdrawal on BRC20 chain at present.Please do not depoist SAIX on the Arbitrum chain. Otherwise, it may cause asset losses.",
            "netWork": "BRC20"
        }
    },
    {
        "coin": "1ON8",
        "name": "Little Dragon",
        "networkDetails": {
            "coin": "1ON8",
            "depositDesc": "Deposit is prohibited (forced deposit may result in asset loss)",
            "depositEnable": false,
            "minConfirm": 3,
            "name": "Little Dragon",
            "network": "BRC20",
            "withdrawEnable": true,
            "withdrawFee": "0",
            "withdrawIntegerMultiple": null,
            "withdrawMax": "300000",
            "withdrawMin": "1",
            "sameAddress": false,
            "contract": "1On8",
            "withdrawTips": null,
            "depositTips": null,
            "netWork": "BRC20"
        }
    },
    {
        "coin": "SATS",
        "name": "SATS",
        "networkDetails": {
            "coin": "SATS",
            "depositDesc": null,
            "depositEnable": true,
            "minConfirm": 3,
            "name": "SATS",
            "network": "BRC20",
            "withdrawEnable": true,
            "withdrawFee": "30000000",
            "withdrawIntegerMultiple": null,
            "withdrawMax": "3000000000000",
            "withdrawMin": "47000000",
            "sameAddress": false,
            "contract": "sats",
            "withdrawTips": null,
            "depositTips": null,
            "netWork": "BRC20"
        }
    },
    {
        "coin": "TX20",
        "name": "Trex20",
        "networkDetails": {
            "coin": "TX20",
            "depositDesc": "Deposit is prohibited (forced deposit may result in asset loss)",
            "depositEnable": false,
            "minConfirm": 3,
            "name": "Trex20",
            "network": "BRC20",
            "withdrawEnable": true,
            "withdrawFee": "2700",
            "withdrawIntegerMultiple": null,
            "withdrawMax": "2000000",
            "withdrawMin": "3000",
            "sameAddress": false,
            "contract": "tx20",
            "withdrawTips": null,
            "depositTips": null,
            "netWork": "BRC20"
        }
    }
]