[
    {
        "coin": "BSTC",
        "name": "BST Chain",
        "networkDetails": {
            "coin": "BSTC",
            "depositDesc": "Deposit suspended due to wallet maintenance",
            "depositEnable": false,
            "minConfirm": 60,
            "name": "BST Chain",
            "network": "BSTC",
            "withdrawEnable": false,
            "withdrawFee": "0.025",
            "withdrawIntegerMultiple": null,
            "withdrawMax": "60000",
            "withdrawMin": "0.1",
            "sameAddress": false,
            "contract": "",
            "withdrawTips": null,
            "depositTips": null,
            "netWork": "BSTC"
        }
    }
]