[
    {
        "coin": "BDC",
        "name": "BILLION DOLLAR CAT",
        "networkDetails": {
            "coin": "BDC",
            "depositDesc": null,
            "depositEnable": true,
            "minConfirm": 3,
            "name": "BILLION DOLLAR CAT",
            "network": "BTCRUNES",
            "withdrawEnable": true,
            "withdrawFee": "80",
            "withdrawIntegerMultiple": null,
            "withdrawMax": "20000000",
            "withdrawMin": "200",
            "sameAddress": false,
            "contract": "845764:84",
            "withdrawTips": null,
            "depositTips": null,
            "netWork": "BTCRUNES"
        }
    },
    {
        "coin": "DOG",
        "name": "DOG GO TO THE MOON",
        "networkDetails": {
            "coin": "DOG",
            "depositDesc": null,
            "depositEnable": true,
            "minConfirm": 3,
            "name": "DOG GO TO THE MOON",
            "network": "BTCRUNES",
            "withdrawEnable": true,
            "withdrawFee": "1500",
            "withdrawIntegerMultiple": null,
            "withdrawMax": "10000000",
            "withdrawMin": "3000",
            "sameAddress": false,
            "contract": "840000:3",
            "withdrawTips": null,
            "depositTips": null,
            "netWork": "BTCRUNES"
        }
    },
    {
        "coin": "GIZMO",
        "name": "GizmoImaginaryKitten",
        "networkDetails": {
            "coin": "GIZMO",
            "depositDesc": null,
            "depositEnable": true,
            "minConfirm": 3,
            "name": "GizmoImaginaryKitten",
            "network": "BTCRUNES",
            "withdrawEnable": true,
            "withdrawFee": "200",
            "withdrawIntegerMultiple": null,
            "withdrawMax": "10000000",
            "withdrawMin": "400",
            "sameAddress": false,
            "contract": "865193:4006",
            "withdrawTips": null,
            "depositTips": null,
            "netWork": "BTCRUNES"
        }
    },
    {
        "coin": "ODINDOG",
        "name": "ODINDOG",
        "networkDetails": {
            "coin": "ODINDOG",
            "depositDesc": "Deposit suspended due to wallet maintenance",
            "depositEnable": false,
            "minConfirm": 3,
            "name": "ODINDOG",
            "network": "BTCRUNES",
            "withdrawEnable": true,
            "withdrawFee": "6",
            "withdrawIntegerMultiple": null,
            "withdrawMax": "250000",
            "withdrawMin": "10",
            "sameAddress": false,
            "contract": "882601:678",
            "withdrawTips": null,
            "depositTips": null,
            "netWork": "BTCRUNES"
        }
    },
    {
        "coin": "RUNI",
        "name": "RunesTerminal",
        "networkDetails": {
            "coin": "RUNI",
            "depositDesc": null,
            "depositEnable": true,
            "minConfirm": 3,
            "name": "RunesTerminal",
            "network": "BTCRUNES",
            "withdrawEnable": true,
            "withdrawFee": "6.4",
            "withdrawIntegerMultiple": null,
            "withdrawMax": "250000",
            "withdrawMin": "20",
            "sameAddress": false,
            "contract": "840035:1060",
            "withdrawTips": null,
            "depositTips": null,
            "netWork": "BTCRUNES"
        }
    },
    {
        "coin": "LIQUIDIUM",
        "name": "LIQUIDIUM.TOKEN",
        "networkDetails": {
            "coin": "LIQUIDIUM",
            "depositDesc": null,
            "depositEnable": true,
            "minConfirm": 3,
            "name": "LIQUIDIUM.TOKEN",
            "network": "BTCRUNES",
            "withdrawEnable": true,
            "withdrawFee": "30",
            "withdrawIntegerMultiple": null,
            "withdrawMax": "700000",
            "withdrawMin": "80",
            "sameAddress": false,
            "contract": "840010:907",
            "withdrawTips": null,
            "depositTips": null,
            "netWork": "BTCRUNES"
        }
    },
    {
        "coin": "RUNECOIN",
        "name": "RSIC GENESIS RUNE",
        "networkDetails": {
            "coin": "RUNECOIN",
            "depositDesc": null,
            "depositEnable": true,
            "minConfirm": 3,
            "name": "RSIC GENESIS RUNE",
            "network": "BTCRUNES",
            "withdrawEnable": true,
            "withdrawFee": "1300",
            "withdrawIntegerMultiple": null,
            "withdrawMax": "44444444.444444444444444444444444444444",
            "withdrawMin": "2000",
            "sameAddress": false,
            "contract": "840000:28",
            "withdrawTips": null,
            "depositTips": null,
            "netWork": "BTCRUNES"
        }
    },
    {
        "coin": "TANUKI",
        "name": "TANUKI WISDOM",
        "networkDetails": {
            "coin": "TANUKI",
            "depositDesc": "Deposit is prohibited (forced deposit may result in asset loss)",
            "depositEnable": false,
            "minConfirm": 3,
            "name": "TANUKI WISDOM",
            "network": "BTCRUNES",
            "withdrawEnable": true,
            "withdrawFee": "0",
            "withdrawIntegerMultiple": null,
            "withdrawMax": "670000",
            "withdrawMin": "40",
            "sameAddress": false,
            "contract": "868414:2716",
            "withdrawTips": null,
            "depositTips": null,
            "netWork": "BTCRUNES"
        }
    },
    {
        "coin": "ZAAR",
        "name": "Ordzaar",
        "networkDetails": {
            "coin": "ZAAR",
            "depositDesc": "Deposit is prohibited (forced deposit may result in asset loss)",
            "depositEnable": false,
            "minConfirm": 3,
            "name": "Ordzaar",
            "network": "BTCRUNES",
            "withdrawEnable": true,
            "withdrawFee": "580",
            "withdrawIntegerMultiple": null,
            "withdrawMax": "25000000",
            "withdrawMin": "1000",
            "sameAddress": false,
            "contract": "840000:159",
            "withdrawTips": null,
            "depositTips": null,
            "netWork": "BTCRUNES"
        }
    },
    {
        "coin": "JD98",
        "name": "Jade ARdinals",
        "networkDetails": {
            "coin": "JD98",
            "depositDesc": "Deposit is prohibited (forced deposit may result in asset loss)",
            "depositEnable": false,
            "minConfirm": 3,
            "name": "Jade ARdinals",
            "network": "BTCRUNES",
            "withdrawEnable": true,
            "withdrawFee": "20",
            "withdrawIntegerMultiple": null,
            "withdrawMax": "1000000",
            "withdrawMin": "40",
            "sameAddress": false,
            "contract": "840000:1799",
            "withdrawTips": null,
            "depositTips": null,
            "netWork": "BTCRUNES"
        }
    },
    {
        "coin": "DECENTRALIZED",
        "name": "DECENTRALIZED",
        "networkDetails": {
            "coin": "DECENTRALIZED",
            "depositDesc": null,
            "depositEnable": true,
            "minConfirm": 3,
            "name": "DECENTRALIZED",
            "network": "BTCRUNES",
            "withdrawEnable": true,
            "withdrawFee": "6000",
            "withdrawIntegerMultiple": null,
            "withdrawMax": "200000000",
            "withdrawMin": "12000",
            "sameAddress": false,
            "contract": "840000:2",
            "withdrawTips": null,
            "depositTips": null,
            "netWork": "BTCRUNES"
        }
    },
    {
        "coin": "LOBO",
        "name": "LOBO.THE.WOLF.PUP",
        "networkDetails": {
            "coin": "LOBO",
            "depositDesc": null,
            "depositEnable": true,
            "minConfirm": 3,
            "name": "LOBO.THE.WOLF.PUP",
            "network": "BTCRUNES",
            "withdrawEnable": true,
            "withdrawFee": "7000",
            "withdrawIntegerMultiple": null,
            "withdrawMax": "100000000",
            "withdrawMin": "20000",
            "sameAddress": false,
            "contract": "840000:35",
            "withdrawTips": null,
            "depositTips": null,
            "netWork": "BTCRUNES"
        }
    }
]