[
    {
        "coin": "CANTO",
        "name": "CANTO",
        "networkDetails": {
            "coin": "CANTO",
            "depositDesc": null,
            "depositEnable": true,
            "minConfirm": 20,
            "name": "CANTO",
            "network": "CANTOEVM",
            "withdrawEnable": true,
            "withdrawFee": "1",
            "withdrawIntegerMultiple": null,
            "withdrawMax": "3000000",
            "withdrawMin": "2",
            "sameAddress": false,
            "contract": "",
            "withdrawTips": null,
            "depositTips": null,
            "netWork": "CANTOEVM"
        }
    }
]