[
    {
        "coin": "BTN",
        "name": "Butane Token",
        "networkDetails": {
            "coin": "BTN",
            "depositDesc": "Deposit is prohibited (forced deposit may result in asset loss)",
            "depositEnable": false,
            "minConfirm": 35,
            "name": "Butane Token",
            "network": "Cardano(ADA)",
            "withdrawEnable": true,
            "withdrawFee": "0",
            "withdrawIntegerMultiple": null,
            "withdrawMax": "300000",
            "withdrawMin": "1",
            "sameAddress": false,
            "contract": "016be5325fd988fea98ad422fcfd53e5352cacfced5c106a932a35a4#42544e",
            "withdrawTips": null,
            "depositTips": null,
            "netWork": "ADA"
        }
    },
    {
        "coin": "HOSKY",
        "name": "Hosky Token",
        "networkDetails": {
            "coin": "HOSKY",
            "depositDesc": null,
            "depositEnable": true,
            "minConfirm": 35,
            "name": "Hosky Token",
            "network": "Cardano(ADA)",
            "withdrawEnable": true,
            "withdrawFee": "20600000",
            "withdrawIntegerMultiple": null,
            "withdrawMax": "2000000000000",
            "withdrawMin": "40000000",
            "sameAddress": false,
            "contract": "a0028f350aaabe0545fdcb56b039bfb08e4bb4d8c4d7c3c7d481c235#484f534b59",
            "withdrawTips": null,
            "depositTips": null,
            "netWork": "ADA"
        }
    },
    {
        "coin": "NEWM",
        "name": "NEWM",
        "networkDetails": {
            "coin": "NEWM",
            "depositDesc": null,
            "depositEnable": true,
            "minConfirm": 35,
            "name": "NEWM",
            "network": "Cardano(ADA)",
            "withdrawEnable": true,
            "withdrawFee": "3000",
            "withdrawIntegerMultiple": null,
            "withdrawMax": "200000000",
            "withdrawMin": "6000",
            "sameAddress": false,
            "contract": "682fe60c9918842b3323c43b5144bc3d52a23bd2fb81345560d73f63#4e45574d",
            "withdrawTips": null,
            "depositTips": null,
            "netWork": "ADA"
        }
    },
    {
        "coin": "SUGR",
        "name": "SUGARADA",
        "networkDetails": {
            "coin": "SUGR",
            "depositDesc": "Deposit suspended as project integration is in progress",
            "depositEnable": false,
            "minConfirm": 35,
            "name": "SUGARADA",
            "network": "Cardano(ADA)",
            "withdrawEnable": false,
            "withdrawFee": "0.1",
            "withdrawIntegerMultiple": null,
            "withdrawMax": "20000000",
            "withdrawMin": "0.2",
            "sameAddress": false,
            "contract": "766fce8055f39d40fcfc19721677b3deb2e7846950ae08dce757f1e7#53554741522042555348",
            "withdrawTips": null,
            "depositTips": null,
            "netWork": "ADA"
        }
    },
    {
        "coin": "COB",
        "name": "COBRA KING",
        "networkDetails": {
            "coin": "COB",
            "depositDesc": "Deposit is prohibited (forced deposit may result in asset loss)",
            "depositEnable": false,
            "minConfirm": 35,
            "name": "COBRA KING",
            "network": "Cardano(ADA)",
            "withdrawEnable": true,
            "withdrawFee": "240000",
            "withdrawIntegerMultiple": null,
            "withdrawMax": "5000000000",
            "withdrawMin": "500000",
            "sameAddress": false,
            "contract": "b01cd2dffad5d6e840d7420b3e09154a96c796bbd9a57bb3455ba642#434f42",
            "withdrawTips": null,
            "depositTips": null,
            "netWork": "ADA"
        }
    },
    {
        "coin": "MELD",
        "name": "MELD",
        "networkDetails": {
            "coin": "MELD",
            "depositDesc": "Deposit is prohibited (forced deposit may result in asset loss)",
            "depositEnable": false,
            "minConfirm": 35,
            "name": "MELD",
            "network": "Cardano(ADA)",
            "withdrawEnable": true,
            "withdrawFee": "8000",
            "withdrawIntegerMultiple": null,
            "withdrawMax": "10000000",
            "withdrawMin": "36000",
            "sameAddress": false,
            "contract": "a2944573e99d2ed3055b808eaa264f0bf119e01fc6b18863067c63e4#4d454c44",
            "withdrawTips": "",
            "depositTips": "",
            "netWork": "ADA"
        }
    },
    {
        "coin": "STUFF",
        "name": "STUFF.io",
        "networkDetails": {
            "coin": "STUFF",
            "depositDesc": null,
            "depositEnable": true,
            "minConfirm": 35,
            "name": "STUFF.io",
            "network": "Cardano(ADA)",
            "withdrawEnable": true,
            "withdrawFee": "300",
            "withdrawIntegerMultiple": null,
            "withdrawMax": "5000000",
            "withdrawMin": "2000",
            "sameAddress": false,
            "contract": "51a5e236c4de3af2b8020442e2a26f454fda3b04cb621c1294a0ef34#424f4f4b",
            "withdrawTips": null,
            "depositTips": null,
            "netWork": "ADA"
        }
    },
    {
        "coin": "MELDOLD2",
        "name": "MELD",
        "networkDetails": {
            "coin": "MELDOLD2",
            "depositDesc": "Deposit is prohibited (forced deposit may result in asset loss)",
            "depositEnable": false,
            "minConfirm": 35,
            "name": "MELD",
            "network": "Cardano(ADA)",
            "withdrawEnable": false,
            "withdrawFee": "50",
            "withdrawIntegerMultiple": null,
            "withdrawMax": "13125885.835",
            "withdrawMin": "10000",
            "sameAddress": false,
            "contract": "6ac8ef33b510ec004fe11585f7c5a9f0c07f0c23428ab4f29c1d7d10#4d454c44",
            "withdrawTips": null,
            "depositTips": null,
            "netWork": "ADA"
        }
    },
    {
        "coin": "GET",
        "name": "GET",
        "networkDetails": {
            "coin": "GET",
            "depositDesc": null,
            "depositEnable": true,
            "minConfirm": 35,
            "name": "GET",
            "network": "Cardano(ADA)",
            "withdrawEnable": true,
            "withdrawFee": "150",
            "withdrawIntegerMultiple": null,
            "withdrawMax": "20000000",
            "withdrawMin": "500",
            "sameAddress": false,
            "contract": "33be91b6ae36905945138fbd131ca0fc255dc55ab5c2bfbc8fb41072#476c6f62616c20456e7465727461696e6d656e7420546f6b656e202847455429",
            "withdrawTips": null,
            "depositTips": null,
            "netWork": "ADA"
        }
    },
    {
        "coin": "ADAX",
        "name": "ADAX",
        "networkDetails": {
            "coin": "ADAX",
            "depositDesc": "Deposit is prohibited (forced deposit may result in asset loss)",
            "depositEnable": false,
            "minConfirm": 35,
            "name": "ADAX",
            "network": "Cardano(ADA)",
            "withdrawEnable": true,
            "withdrawFee": "400",
            "withdrawIntegerMultiple": null,
            "withdrawMax": "17000000",
            "withdrawMin": "650",
            "sameAddress": false,
            "contract": "0c78f619e54a5d00e143f66181a2c500d0c394b38a10e86cd1a23c5f#41444158",
            "withdrawTips": null,
            "depositTips": null,
            "netWork": "ADA"
        }
    },
    {
        "coin": "ADAO",
        "name": "Adadao",
        "networkDetails": {
            "coin": "ADAO",
            "depositDesc": "Deposit is prohibited (forced deposit may result in asset loss)",
            "depositEnable": false,
            "minConfirm": 35,
            "name": "Adadao",
            "network": "Cardano(ADA)",
            "withdrawEnable": true,
            "withdrawFee": "0",
            "withdrawIntegerMultiple": null,
            "withdrawMax": "100000000",
            "withdrawMin": "5000",
            "sameAddress": false,
            "contract": "50f8758f5a5c9511a8d9b395e7d5df761bc7e46bcbcaf4d383bc1877#4144414f",
            "withdrawTips": "The token ticker name of Adadao(ADAO) in MEXC Global is ADAO, please pay attention before deposit is made.",
            "depositTips": "The token ticker name of Adadao(ADAO) in MEXC Global is ADAO, please pay attention before deposit is made.",
            "netWork": "ADA"
        }
    },
    {
        "coin": "MEOWOLD",
        "name": "MeowSwap",
        "networkDetails": {
            "coin": "MEOWOLD",
            "depositDesc": "Deposit suspended due to wallet maintenance",
            "depositEnable": false,
            "minConfirm": 35,
            "name": "MeowSwap",
            "network": "Cardano(ADA)",
            "withdrawEnable": false,
            "withdrawFee": "0",
            "withdrawIntegerMultiple": null,
            "withdrawMax": "2000000",
            "withdrawMin": "1500",
            "sameAddress": false,
            "contract": "1dd1a7dde0e1e82761325ee5f4719d0d4b7c24dfba77d9bee01eed4b#4d454f57",
            "withdrawTips": null,
            "depositTips": null,
            "netWork": "ADA"
        }
    },
    {
        "coin": "PALM",
        "name": "Palm Economy",
        "networkDetails": {
            "coin": "PALM",
            "depositDesc": null,
            "depositEnable": true,
            "minConfirm": 35,
            "name": "Palm Economy",
            "network": "Cardano(ADA)",
            "withdrawEnable": true,
            "withdrawFee": "1100",
            "withdrawIntegerMultiple": null,
            "withdrawMax": "200000000",
            "withdrawMin": "3000",
            "sameAddress": false,
            "contract": "b7c5cd554f3e83c8aa0900a0c9053284a5348244d23d0406c28eaf4d#50414c4d0a",
            "withdrawTips": null,
            "depositTips": null,
            "netWork": "ADA"
        }
    },
    {
        "coin": "INDY",
        "name": "Indigo Protocol",
        "networkDetails": {
            "coin": "INDY",
            "depositDesc": null,
            "depositEnable": true,
            "minConfirm": 35,
            "name": "Indigo Protocol",
            "network": "Cardano(ADA)",
            "withdrawEnable": true,
            "withdrawFee": "2",
            "withdrawIntegerMultiple": null,
            "withdrawMax": "100000",
            "withdrawMin": "5",
            "sameAddress": false,
            "contract": "533bb94a8850ee3ccbe483106489399112b74c905342cb1792a797a0#494e4459",
            "withdrawTips": null,
            "depositTips": null,
            "netWork": "ADA"
        }
    },
    {
        "coin": "KUBE",
        "name": "KubeCoin",
        "networkDetails": {
            "coin": "KUBE",
            "depositDesc": "Deposit is prohibited (forced deposit may result in asset loss)",
            "depositEnable": false,
            "minConfirm": 35,
            "name": "KubeCoin",
            "network": "Cardano(ADA)",
            "withdrawEnable": true,
            "withdrawFee": "3000",
            "withdrawIntegerMultiple": null,
            "withdrawMax": "20000000",
            "withdrawMin": "5000",
            "sameAddress": false,
            "contract": "a26022096c6a8052987dabbfa94849ab7886cf0bb7840044e017d5be#4b756265436f696e",
            "withdrawTips": null,
            "depositTips": null,
            "netWork": "ADA"
        }
    },
    {
        "coin": "NMKR",
        "name": "NMKR",
        "networkDetails": {
            "coin": "NMKR",
            "depositDesc": null,
            "depositEnable": true,
            "minConfirm": 35,
            "name": "NMKR",
            "network": "Cardano(ADA)",
            "withdrawEnable": true,
            "withdrawFee": "2000",
            "withdrawIntegerMultiple": null,
            "withdrawMax": "125000000",
            "withdrawMin": "5000",
            "sameAddress": false,
            "contract": "5dac8536653edc12f6f5e1045d8164b9f59998d3bdc300fc92843489#4e4d4b52",
            "withdrawTips": null,
            "depositTips": null,
            "netWork": "ADA"
        }
    },
    {
        "coin": "WRTOLD",
        "name": "WingRiders",
        "networkDetails": {
            "coin": "WRTOLD",
            "depositDesc": null,
            "depositEnable": false,
            "minConfirm": 35,
            "name": "WingRiders",
            "network": "Cardano(ADA)",
            "withdrawEnable": false,
            "withdrawFee": "100",
            "withdrawIntegerMultiple": null,
            "withdrawMax": "20000000",
            "withdrawMin": "200",
            "sameAddress": false,
            "contract": "c0ee29a85b13209423b10447d3c2e6a50641a15c57770e27cb9d5073#57696e67526964657273",
            "withdrawTips": null,
            "depositTips": null,
            "netWork": "ADA"
        }
    },
    {
        "coin": "JPG",
        "name": "JPG",
        "networkDetails": {
            "coin": "JPG",
            "depositDesc": "Deposit is prohibited (forced deposit may result in asset loss)",
            "depositEnable": false,
            "minConfirm": 35,
            "name": "JPG",
            "network": "Cardano(ADA)",
            "withdrawEnable": true,
            "withdrawFee": "40",
            "withdrawIntegerMultiple": null,
            "withdrawMax": "2500000",
            "withdrawMin": "100",
            "sameAddress": false,
            "contract": "681b5d0383ac3b457e1bcc453223c90ccef26b234328f45fa10fd276#4a5047",
            "withdrawTips": null,
            "depositTips": null,
            "netWork": "ADA"
        }
    },
    {
        "coin": "BLUES",
        "name": "Blueshift",
        "networkDetails": {
            "coin": "BLUES",
            "depositDesc": "Deposit is prohibited (forced deposit may result in asset loss)",
            "depositEnable": false,
            "minConfirm": 35,
            "name": "Blueshift",
            "network": "Cardano(ADA)",
            "withdrawEnable": true,
            "withdrawFee": "380",
            "withdrawIntegerMultiple": null,
            "withdrawMax": "3500000",
            "withdrawMin": "1000",
            "sameAddress": false,
            "contract": "e043fd7b2076ea9e1b279d200b59e153bf6b299a72ce6e2c14aeb790#424c554553",
            "withdrawTips": null,
            "depositTips": null,
            "netWork": "ADA"
        }
    },
    {
        "coin": "COCK",
        "name": "COCK",
        "networkDetails": {
            "coin": "COCK",
            "depositDesc": null,
            "depositEnable": true,
            "minConfirm": 35,
            "name": "COCK",
            "network": "Cardano(ADA)",
            "withdrawEnable": true,
            "withdrawFee": "950",
            "withdrawIntegerMultiple": null,
            "withdrawMax": "50000000",
            "withdrawMin": "2000",
            "sameAddress": false,
            "contract": "49e423161ef818adc475c783571cb479d5f15ad52a01a240eacc0d3b#434f434b",
            "withdrawTips": null,
            "depositTips": null,
            "netWork": "ADA"
        }
    },
    {
        "coin": "DANA",
        "name": "Ardana",
        "networkDetails": {
            "coin": "DANA",
            "depositDesc": "Deposit suspended due to wallet maintenance",
            "depositEnable": false,
            "minConfirm": 35,
            "name": "Ardana",
            "network": "Cardano(ADA)",
            "withdrawEnable": true,
            "withdrawFee": "0",
            "withdrawIntegerMultiple": null,
            "withdrawMax": "24000000",
            "withdrawMin": "2500",
            "sameAddress": false,
            "contract": "c88bbd1848db5ea665b1fffbefba86e8dcd723b5085348e8a8d2260f#44414e41",
            "withdrawTips": null,
            "depositTips": null,
            "netWork": "ADA"
        }
    },
    {
        "coin": "SUNDAEOLD",
        "name": "SundaeSwap",
        "networkDetails": {
            "coin": "SUNDAEOLD",
            "depositDesc": "Deposit suspended due to wallet maintenance",
            "depositEnable": false,
            "minConfirm": 35,
            "name": "SundaeSwap",
            "network": "Cardano(ADA)",
            "withdrawEnable": true,
            "withdrawFee": "10",
            "withdrawIntegerMultiple": null,
            "withdrawMax": "2000000",
            "withdrawMin": "1000",
            "sameAddress": false,
            "contract": "9a9693a9a37912a5097918f97918d15240c92ab729a0b7c4aa144d77#53554e444145",
            "withdrawTips": null,
            "depositTips": null,
            "netWork": "ADA"
        }
    },
    {
        "coin": "SNEK",
        "name": "SNEK",
        "networkDetails": {
            "coin": "SNEK",
            "depositDesc": null,
            "depositEnable": true,
            "minConfirm": 35,
            "name": "SNEK",
            "network": "Cardano(ADA)",
            "withdrawEnable": true,
            "withdrawFee": "500",
            "withdrawIntegerMultiple": null,
            "withdrawMax": "250000000",
            "withdrawMin": "600",
            "sameAddress": false,
            "contract": "279c909f348e533da5808898f87f9a14bb2c3dfbbacccd631d927a3f#534e454b",
            "withdrawTips": null,
            "depositTips": null,
            "netWork": "ADA"
        }
    },
    {
        "coin": "MIN",
        "name": "Minswap",
        "networkDetails": {
            "coin": "MIN",
            "depositDesc": null,
            "depositEnable": true,
            "minConfirm": 35,
            "name": "Minswap",
            "network": "Cardano(ADA)",
            "withdrawEnable": true,
            "withdrawFee": "80",
            "withdrawIntegerMultiple": null,
            "withdrawMax": "7700000",
            "withdrawMin": "150",
            "sameAddress": false,
            "contract": "29d222ce763455e3d7a09a665ce554f00ac89d2e99a1a83d267170c6#4d494e",
            "withdrawTips": null,
            "depositTips": null,
            "netWork": "ADA"
        }
    },
    {
        "coin": "OCC",
        "name": "Occam.Fi",
        "networkDetails": {
            "coin": "OCC",
            "depositDesc": null,
            "depositEnable": false,
            "minConfirm": 35,
            "name": "Occam.Fi",
            "network": "Cardano(ADA)",
            "withdrawEnable": false,
            "withdrawFee": "5",
            "withdrawIntegerMultiple": null,
            "withdrawMax": "100000",
            "withdrawMin": "10",
            "sameAddress": false,
            "contract": "2ad8fbdc6f18d97ce61b113301f05ff6b2a241c4e0bf5d06127d30a2#4f4343",
            "withdrawTips": null,
            "depositTips": null,
            "netWork": "ADA"
        }
    },
    {
        "coin": "FLDT",
        "name": "FluidTokens",
        "networkDetails": {
            "coin": "FLDT",
            "depositDesc": null,
            "depositEnable": true,
            "minConfirm": 35,
            "name": "FluidTokens",
            "network": "Cardano(ADA)",
            "withdrawEnable": true,
            "withdrawFee": "15",
            "withdrawIntegerMultiple": null,
            "withdrawMax": "1000000",
            "withdrawMin": "30",
            "sameAddress": false,
            "contract": "577f0b1342f8f8f4aed3388b80a8535812950c7a892495c0ecdf0f1e#0014df10464c4454",
            "withdrawTips": null,
            "depositTips": null,
            "netWork": "ADA"
        }
    },
    {
        "coin": "ADA",
        "name": "Cardano",
        "networkDetails": {
            "coin": "ADA",
            "depositDesc": null,
            "depositEnable": true,
            "minConfirm": 35,
            "name": "Cardano",
            "network": "Cardano(ADA)",
            "withdrawEnable": true,
            "withdrawFee": "2",
            "withdrawIntegerMultiple": null,
            "withdrawMax": "200000",
            "withdrawMin": "7",
            "sameAddress": false,
            "contract": "",
            "withdrawTips": null,
            "depositTips": null,
            "netWork": "ADA"
        }
    },
    {
        "coin": "AXO",
        "name": "AXO",
        "networkDetails": {
            "coin": "AXO",
            "depositDesc": "Deposit is prohibited (forced deposit may result in asset loss)",
            "depositEnable": false,
            "minConfirm": 35,
            "name": "AXO",
            "network": "Cardano(ADA)",
            "withdrawEnable": true,
            "withdrawFee": "80",
            "withdrawIntegerMultiple": null,
            "withdrawMax": "10000000",
            "withdrawMin": "200",
            "sameAddress": false,
            "contract": "420000029ad9527271b1b1e3c27ee065c18df70a4a4cfc3093a41a44#41584f",
            "withdrawTips": null,
            "depositTips": null,
            "netWork": "ADA"
        }
    }
]