[
    {
        "coin": "CCD",
        "name": "Concordium",
        "networkDetails": {
            "coin": "CCD",
            "depositDesc": null,
            "depositEnable": true,
            "minConfirm": 10,
            "name": "Concordium",
            "network": "CCD",
            "withdrawEnable": true,
            "withdrawFee": "80",
            "withdrawIntegerMultiple": null,
            "withdrawMax": "67000000",
            "withdrawMin": "200",
            "sameAddress": false,
            "contract": "",
            "withdrawTips": null,
            "depositTips": null,
            "netWork": "CCD"
        }
    }
]