[
    {
        "coin": "TIA",
        "name": "TIA",
        "networkDetails": {
            "coin": "TIA",
            "depositDesc": null,
            "depositEnable": true,
            "minConfirm": 20,
            "name": "TIA",
            "network": "Celestia(TIA)",
            "withdrawEnable": true,
            "withdrawFee": "0.05",
            "withdrawIntegerMultiple": null,
            "withdrawMax": "100000",
            "withdrawMin": "0.1",
            "sameAddress": true,
            "contract": "",
            "withdrawTips": "",
            "depositTips": null,
            "netWork": "CELESTIA"
        }
    }
]