[
    {
        "coin": "SAUBEROLD",
        "name": "SAUBER",
        "networkDetails": {
            "coin": "SAUBEROLD",
            "depositDesc": "Deposit suspended due to wallet maintenance",
            "depositEnable": false,
            "minConfirm": 20,
            "name": "SAUBER",
            "network": "Chiliz Legacy Chain(CHZ)",
            "withdrawEnable": false,
            "withdrawFee": "0",
            "withdrawIntegerMultiple": null,
            "withdrawMax": "400000",
            "withdrawMin": "11650",
            "sameAddress": false,
            "contract": "0x2A5917d1A5aAbe3Ad07FA32828Ff8c1D5fE24A20",
            "withdrawTips": null,
            "depositTips": null,
            "netWork": "OG"
        }
    },
    {
        "coin": "SCCPOLD",
        "name": "SCCP",
        "networkDetails": {
            "coin": "SCCPOLD",
            "depositDesc": "Deposit suspended due to wallet maintenance",
            "depositEnable": false,
            "minConfirm": 20,
            "name": "SCCP",
            "network": "Chiliz Legacy Chain(CHZ)",
            "withdrawEnable": false,
            "withdrawFee": "0",
            "withdrawIntegerMultiple": null,
            "withdrawMax": "400000",
            "withdrawMin": "77980",
            "sameAddress": false,
            "contract": "0x31F0FcDe2854cF19723d522b5ec0313795068e72",
            "withdrawTips": null,
            "depositTips": null,
            "netWork": "OG"
        }
    },
    {
        "coin": "GALO",
        "name": "Atletico Mineiro FT",
        "networkDetails": {
            "coin": "GALO",
            "depositDesc": null,
            "depositEnable": false,
            "minConfirm": 20,
            "name": "Atletico Mineiro FT",
            "network": "Chiliz Legacy Chain(CHZ)",
            "withdrawEnable": false,
            "withdrawFee": "0",
            "withdrawIntegerMultiple": null,
            "withdrawMax": "800000",
            "withdrawMin": "1",
            "sameAddress": false,
            "contract": "0xDD5BE82ad7A0372F0805498A934B5427e0a0129C",
            "withdrawTips": null,
            "depositTips": null,
            "netWork": "OG"
        }
    },
    {
        "coin": "SPFCOLD",
        "name": "SPFC",
        "networkDetails": {
            "coin": "SPFCOLD",
            "depositDesc": "Deposit suspended due to wallet maintenance",
            "depositEnable": false,
            "minConfirm": 20,
            "name": "SPFC",
            "network": "Chiliz Legacy Chain(CHZ)",
            "withdrawEnable": false,
            "withdrawFee": "0",
            "withdrawIntegerMultiple": null,
            "withdrawMax": "126374",
            "withdrawMin": "126365",
            "sameAddress": false,
            "contract": "0x9e8c72A057C8F785A206506E27ee9Af0d8f81a28",
            "withdrawTips": null,
            "depositTips": null,
            "netWork": "OG"
        }
    },
    {
        "coin": "EFCOLD",
        "name": "Everton FC Fan Token",
        "networkDetails": {
            "coin": "EFCOLD",
            "depositDesc": "Deposit suspended due to wallet maintenance",
            "depositEnable": false,
            "minConfirm": 20,
            "name": "Everton FC Fan Token",
            "network": "Chiliz Legacy Chain(CHZ)",
            "withdrawEnable": false,
            "withdrawFee": "0",
            "withdrawIntegerMultiple": null,
            "withdrawMax": "200000",
            "withdrawMin": "3080",
            "sameAddress": false,
            "contract": "0x2cd13ACf6F71435896Ba906Ba8521Dd8AAE63e00",
            "withdrawTips": null,
            "depositTips": null,
            "netWork": "OG"
        }
    },
    {
        "coin": "NAPOLD",
        "name": "NAP",
        "networkDetails": {
            "coin": "NAPOLD",
            "depositDesc": "Deposit is prohibited (forced deposit may result in asset loss)",
            "depositEnable": false,
            "minConfirm": 20,
            "name": "NAP",
            "network": "Chiliz Legacy Chain(CHZ)",
            "withdrawEnable": false,
            "withdrawFee": "0",
            "withdrawIntegerMultiple": null,
            "withdrawMax": "66666",
            "withdrawMin": "2",
            "sameAddress": false,
            "contract": "0xC7456e8f7CE7BDdBcbF719d0a90811a35dD3d363",
            "withdrawTips": null,
            "depositTips": null,
            "netWork": "OG"
        }
    },
    {
        "coin": "AVLOLD",
        "name": "Aston Villa FT",
        "networkDetails": {
            "coin": "AVLOLD",
            "depositDesc": null,
            "depositEnable": false,
            "minConfirm": 20,
            "name": "Aston Villa FT",
            "network": "Chiliz Legacy Chain(CHZ)",
            "withdrawEnable": false,
            "withdrawFee": "0",
            "withdrawIntegerMultiple": null,
            "withdrawMax": "320000",
            "withdrawMin": "1",
            "sameAddress": false,
            "contract": "0x27C4b6281F50Ec34a5b089bb5D80df557A3DbCF3",
            "withdrawTips": null,
            "depositTips": null,
            "netWork": "OG"
        }
    },
    {
        "coin": "LUFCOLD",
        "name": "LUFC",
        "networkDetails": {
            "coin": "LUFCOLD",
            "depositDesc": "Deposit suspended due to wallet maintenance",
            "depositEnable": false,
            "minConfirm": 20,
            "name": "LUFC",
            "network": "Chiliz Legacy Chain(CHZ)",
            "withdrawEnable": false,
            "withdrawFee": "0",
            "withdrawIntegerMultiple": null,
            "withdrawMax": "400000",
            "withdrawMin": "30380",
            "sameAddress": false,
            "contract": "0xb078eEa34fA2d854bAb1A4B7D5514FeA55e43f91",
            "withdrawTips": null,
            "depositTips": null,
            "netWork": "OG"
        }
    },
    {
        "coin": "MENGOOLD",
        "name": "MENGO",
        "networkDetails": {
            "coin": "MENGOOLD",
            "depositDesc": "Deposit suspended due to wallet maintenance",
            "depositEnable": false,
            "minConfirm": 20,
            "name": "MENGO",
            "network": "Chiliz Legacy Chain(CHZ)",
            "withdrawEnable": false,
            "withdrawFee": "0",
            "withdrawIntegerMultiple": null,
            "withdrawMax": "400000",
            "withdrawMin": "52520",
            "sameAddress": false,
            "contract": "0x3E2D6FA11FD5a8A360c121a1e9bb3BDf72d8b502",
            "withdrawTips": null,
            "depositTips": null,
            "netWork": "OG"
        }
    },
    {
        "coin": "ITA",
        "name": "Italian Football",
        "networkDetails": {
            "coin": "ITA",
            "depositDesc": null,
            "depositEnable": false,
            "minConfirm": 20,
            "name": "Italian Football",
            "network": "Chiliz Legacy Chain(CHZ)",
            "withdrawEnable": false,
            "withdrawFee": "0",
            "withdrawIntegerMultiple": null,
            "withdrawMax": "240000",
            "withdrawMin": "1",
            "sameAddress": false,
            "contract": "0x280e7a6db41213776E6A4429c819867dd2312DAD",
            "withdrawTips": null,
            "depositTips": null,
            "netWork": "OG"
        }
    },
    {
        "coin": "JUV",
        "name": "Juventus Fan Token",
        "networkDetails": {
            "coin": "JUV",
            "depositDesc": null,
            "depositEnable": false,
            "minConfirm": 20,
            "name": "Juventus Fan Token",
            "network": "Chiliz Legacy Chain(CHZ)",
            "withdrawEnable": false,
            "withdrawFee": "0",
            "withdrawIntegerMultiple": null,
            "withdrawMax": "75000",
            "withdrawMin": "1",
            "sameAddress": false,
            "contract": "0x14A5750B0e54b57D12767B84A326C9fE59472Da5",
            "withdrawTips": null,
            "depositTips": null,
            "netWork": "OG"
        }
    },
    {
        "coin": "CPFCOLD",
        "name": "CPFC",
        "networkDetails": {
            "coin": "CPFCOLD",
            "depositDesc": "Deposit suspended due to wallet maintenance",
            "depositEnable": false,
            "minConfirm": 20,
            "name": "CPFC",
            "network": "Chiliz Legacy Chain(CHZ)",
            "withdrawEnable": false,
            "withdrawFee": "0",
            "withdrawIntegerMultiple": null,
            "withdrawMax": "200000",
            "withdrawMin": "28125",
            "sameAddress": false,
            "contract": "0xa7B303a6e8bA03d6fA3d9E895F935065e4b19F1F",
            "withdrawTips": null,
            "depositTips": null,
            "netWork": "OG"
        }
    },
    {
        "coin": "AFCOLD",
        "name": "AFC",
        "networkDetails": {
            "coin": "AFCOLD",
            "depositDesc": "Deposit suspended due to wallet maintenance",
            "depositEnable": false,
            "minConfirm": 20,
            "name": "AFC",
            "network": "Chiliz Legacy Chain(CHZ)",
            "withdrawEnable": false,
            "withdrawFee": "0",
            "withdrawIntegerMultiple": null,
            "withdrawMax": "55198",
            "withdrawMin": "55195",
            "sameAddress": false,
            "contract": "0x09F9f796A05d94A302cF7EC4d19fa889575FF188",
            "withdrawTips": null,
            "depositTips": null,
            "netWork": "OG"
        }
    },
    {
        "coin": "VCFOLD",
        "name": "VCF",
        "networkDetails": {
            "coin": "VCFOLD",
            "depositDesc": "Deposit suspended due to wallet maintenance",
            "depositEnable": false,
            "minConfirm": 20,
            "name": "VCF",
            "network": "Chiliz Legacy Chain(CHZ)",
            "withdrawEnable": false,
            "withdrawFee": "0",
            "withdrawIntegerMultiple": null,
            "withdrawMax": "400000",
            "withdrawMin": "28570",
            "sameAddress": false,
            "contract": "0xd4C328527e3Dce0F542dae21bf9dfe69E8269703",
            "withdrawTips": null,
            "depositTips": null,
            "netWork": "OG"
        }
    },
    {
        "coin": "ASMOLD2",
        "name": "ASM",
        "networkDetails": {
            "coin": "ASMOLD2",
            "depositDesc": "Deposit suspended due to wallet maintenance",
            "depositEnable": false,
            "minConfirm": 20,
            "name": "ASM",
            "network": "Chiliz Legacy Chain(CHZ)",
            "withdrawEnable": false,
            "withdrawFee": "0",
            "withdrawIntegerMultiple": null,
            "withdrawMax": "200000",
            "withdrawMin": "21800",
            "sameAddress": false,
            "contract": "0xD683C2B700B83C59a143C1eE9f3B05D6190f8521",
            "withdrawTips": null,
            "depositTips": null,
            "netWork": "OG"
        }
    },
    {
        "coin": "POROLD",
        "name": "POR",
        "networkDetails": {
            "coin": "POROLD",
            "depositDesc": "Deposit suspended due to wallet maintenance",
            "depositEnable": false,
            "minConfirm": 20,
            "name": "POR",
            "network": "Chiliz Legacy Chain(CHZ)",
            "withdrawEnable": false,
            "withdrawFee": "0",
            "withdrawIntegerMultiple": null,
            "withdrawMax": "23014",
            "withdrawMin": "23010",
            "sameAddress": false,
            "contract": "0xB0bB080667E52Bd84884d2c90322706C4AA9067b",
            "withdrawTips": null,
            "depositTips": null,
            "netWork": "OG"
        }
    },
    {
        "coin": "AMOLD",
        "name": "Aston Martin FT",
        "networkDetails": {
            "coin": "AMOLD",
            "depositDesc": "Deposit is prohibited (forced deposit may result in asset loss)",
            "depositEnable": false,
            "minConfirm": 20,
            "name": "Aston Martin FT",
            "network": "Chiliz Legacy Chain(CHZ)",
            "withdrawEnable": false,
            "withdrawFee": "0",
            "withdrawIntegerMultiple": null,
            "withdrawMax": "900000",
            "withdrawMin": "1",
            "sameAddress": false,
            "contract": "0x852312667B68A5d59D78DDE123b1E0C78A8Ee959",
            "withdrawTips": null,
            "depositTips": null,
            "netWork": "OG"
        }
    },
    {
        "coin": "ACMOLD",
        "name": "ACM",
        "networkDetails": {
            "coin": "ACMOLD",
            "depositDesc": "Deposit suspended due to wallet maintenance",
            "depositEnable": false,
            "minConfirm": 20,
            "name": "ACM",
            "network": "Chiliz Legacy Chain(CHZ)",
            "withdrawEnable": false,
            "withdrawFee": "0",
            "withdrawIntegerMultiple": null,
            "withdrawMax": "43109",
            "withdrawMin": "43105",
            "sameAddress": false,
            "contract": "0xEA6A3E367e96521fD9E8296425a44EFa6aee82da",
            "withdrawTips": null,
            "depositTips": null,
            "netWork": "OG"
        }
    },
    {
        "coin": "INTEROLD",
        "name": "INTER",
        "networkDetails": {
            "coin": "INTEROLD",
            "depositDesc": "Deposit suspended due to wallet maintenance",
            "depositEnable": false,
            "minConfirm": 20,
            "name": "INTER",
            "network": "Chiliz Legacy Chain(CHZ)",
            "withdrawEnable": false,
            "withdrawFee": "0",
            "withdrawIntegerMultiple": null,
            "withdrawMax": "49369",
            "withdrawMin": "49365",
            "sameAddress": false,
            "contract": "0x67e410B0e722ff2eec6dDCC7AefD3EdBC2B9078d",
            "withdrawTips": null,
            "depositTips": null,
            "netWork": "OG"
        }
    },
    {
        "coin": "IBFK",
        "name": "Basaksehir FT",
        "networkDetails": {
            "coin": "IBFK",
            "depositDesc": null,
            "depositEnable": false,
            "minConfirm": 20,
            "name": "Basaksehir FT",
            "network": "Chiliz Legacy Chain(CHZ)",
            "withdrawEnable": false,
            "withdrawFee": "0",
            "withdrawIntegerMultiple": null,
            "withdrawMax": "200000",
            "withdrawMin": "1",
            "sameAddress": false,
            "contract": "0x916FB58D0c474314AFD399eE50E3528E543e9E9F",
            "withdrawTips": null,
            "depositTips": null,
            "netWork": "OG"
        }
    },
    {
        "coin": "GALFT",
        "name": "GalatasarayFanToken",
        "networkDetails": {
            "coin": "GALFT",
            "depositDesc": null,
            "depositEnable": false,
            "minConfirm": 20,
            "name": "GalatasarayFanToken",
            "network": "Chiliz Legacy Chain(CHZ)",
            "withdrawEnable": false,
            "withdrawFee": "0",
            "withdrawIntegerMultiple": null,
            "withdrawMax": "80000",
            "withdrawMin": "1",
            "sameAddress": false,
            "contract": "0x73F309e94D836bAb473B1EBc0103a3DCd7DAeaa9",
            "withdrawTips": "The token name of Galatasaray Fan Token(GAL) is GALFT in MEXC Global; Current contract address: 0x73F309e94D836bAb473B1EBc0103a3DCd7DAeaa9, please confirm before proceeding",
            "depositTips": "The token name of Galatasaray Fan Token(GAL) is GALFT in MEXC Global; Current contract address: 0x73F309e94D836bAb473B1EBc0103a3DCd7DAeaa9, please confirm before proceeding",
            "netWork": "OG"
        }
    },
    {
        "coin": "ARGOLD",
        "name": "ARG",
        "networkDetails": {
            "coin": "ARGOLD",
            "depositDesc": "Deposit suspended due to wallet maintenance",
            "depositEnable": false,
            "minConfirm": 20,
            "name": "ARG",
            "network": "Chiliz Legacy Chain(CHZ)",
            "withdrawEnable": false,
            "withdrawFee": "0",
            "withdrawIntegerMultiple": null,
            "withdrawMax": "26495",
            "withdrawMin": "26485",
            "sameAddress": false,
            "contract": "0x9e10469Cd2cd93836e19484A9Ca1EF5aDDC43e0f",
            "withdrawTips": null,
            "depositTips": null,
            "netWork": "OG"
        }
    },
    {
        "coin": "ASR",
        "name": "AS Roma Fan Token",
        "networkDetails": {
            "coin": "ASR",
            "depositDesc": null,
            "depositEnable": false,
            "minConfirm": 20,
            "name": "AS Roma Fan Token",
            "network": "Chiliz Legacy Chain(CHZ)",
            "withdrawEnable": false,
            "withdrawFee": "0",
            "withdrawIntegerMultiple": null,
            "withdrawMax": "80000",
            "withdrawMin": "1",
            "sameAddress": false,
            "contract": "0x235639F72E127bBdd1509BFC9DC6e2caeb3FB741",
            "withdrawTips": null,
            "depositTips": null,
            "netWork": "OG"
        }
    },
    {
        "coin": "ATM",
        "name": "Atletico De Madrid",
        "networkDetails": {
            "coin": "ATM",
            "depositDesc": "Deposit is prohibited (forced deposit may result in asset loss)",
            "depositEnable": false,
            "minConfirm": 20,
            "name": "Atletico De Madrid",
            "network": "Chiliz Legacy Chain(CHZ)",
            "withdrawEnable": false,
            "withdrawFee": "0",
            "withdrawIntegerMultiple": null,
            "withdrawMax": "80000",
            "withdrawMin": "0.1",
            "sameAddress": false,
            "contract": "0x4c3E460b8e8285DE57c8B1B2B688847B995B71D6",
            "withdrawTips": null,
            "depositTips": null,
            "netWork": "OG"
        }
    }
]