[
    {
        "coin": "KAYEN",
        "name": "Kayen Protocol",
        "networkDetails": {
            "coin": "KAYEN",
            "depositDesc": null,
            "depositEnable": false,
            "minConfirm": 30,
            "name": "Kayen Protocol",
            "network": "Chiliz Chain(CHZ2)",
            "withdrawEnable": true,
            "withdrawFee": "5",
            "withdrawIntegerMultiple": null,
            "withdrawMax": "2000000",
            "withdrawMin": "20",
            "sameAddress": false,
            "contract": "0x8c0b6ea89DABA6516df9437a60cA481501781606",
            "withdrawTips": null,
            "depositTips": null,
            "netWork": "CHZ"
        }
    },
    {
        "coin": "CHZ",
        "name": "CHZ-CHZ",
        "networkDetails": {
            "coin": "CHZ",
            "depositDesc": null,
            "depositEnable": true,
            "minConfirm": 30,
            "name": "CHZ-CHZ",
            "network": "Chiliz Chain(CHZ2)",
            "withdrawEnable": true,
            "withdrawFee": "1",
            "withdrawIntegerMultiple": null,
            "withdrawMax": "2000000",
            "withdrawMin": "10",
            "sameAddress": false,
            "contract": "",
            "withdrawTips": null,
            "depositTips": null,
            "netWork": "CHZ"
        }
    },
    {
        "coin": "SAUBER",
        "name": "Sauber FT",
        "networkDetails": {
            "coin": "SAUBER",
            "depositDesc": null,
            "depositEnable": true,
            "minConfirm": 30,
            "name": "Sauber FT",
            "network": "Chiliz Chain(CHZ2)",
            "withdrawEnable": true,
            "withdrawFee": "2",
            "withdrawIntegerMultiple": null,
            "withdrawMax": "880000",
            "withdrawMin": "10",
            "sameAddress": false,
            "contract": "0xcf6D626203011e5554C82baBE17dd7CDC4Ee86BF",
            "withdrawTips": "The token is currently Chiliz Chain(CHZ2), The last digits of the token's contract address are 86BF, please make sure they're correct before taking action.",
            "depositTips": "The token is currently Chiliz Chain(CHZ2), The last digits of the token's contract address are 86BF, please make sure they're correct before taking action.",
            "netWork": "CHZ"
        }
    },
    {
        "coin": "OG",
        "name": "OG",
        "networkDetails": {
            "coin": "OG",
            "depositDesc": null,
            "depositEnable": true,
            "minConfirm": 30,
            "name": "OG",
            "network": "Chiliz Chain(CHZ2)",
            "withdrawEnable": true,
            "withdrawFee": "0",
            "withdrawIntegerMultiple": null,
            "withdrawMax": "350000",
            "withdrawMin": "1",
            "sameAddress": false,
            "contract": "0x19ca0f4adb29e2130a56b9c9422150b5dc07f294",
            "withdrawTips": "The token is currently Chiliz Chain(CHZ2), The last digits of the token's contract address are f294, please make sure they're correct before taking action.",
            "depositTips": "The token is currently Chiliz Chain(CHZ2), The last digits of the token's contract address are f294, please make sure they're correct before taking action.",
            "netWork": "CHZ"
        }
    },
    {
        "coin": "VCF",
        "name": "Valencia CF",
        "networkDetails": {
            "coin": "VCF",
            "depositDesc": "Deposit is prohibited (forced deposit may result in asset loss)",
            "depositEnable": false,
            "minConfirm": 30,
            "name": "Valencia CF",
            "network": "Chiliz Chain(CHZ2)",
            "withdrawEnable": true,
            "withdrawFee": "1",
            "withdrawIntegerMultiple": null,
            "withdrawMax": "270000",
            "withdrawMin": "10",
            "sameAddress": false,
            "contract": "0xba0c26485b1909f80476067272d74A99Cc0E1D57",
            "withdrawTips": "The token is currently Chiliz Chain(CHZ2), The last digits of the token's contract address are 1D57, please make sure they're correct before taking action.",
            "depositTips": "The token is currently Chiliz Chain(CHZ2), The last digits of the token's contract address are 1D57, please make sure they're correct before taking action.",
            "netWork": "CHZ"
        }
    },
    {
        "coin": "EFC",
        "name": "Everton FC Fan Token",
        "networkDetails": {
            "coin": "EFC",
            "depositDesc": null,
            "depositEnable": true,
            "minConfirm": 30,
            "name": "Everton FC Fan Token",
            "network": "Chiliz Chain(CHZ2)",
            "withdrawEnable": true,
            "withdrawFee": "1",
            "withdrawIntegerMultiple": null,
            "withdrawMax": "460000",
            "withdrawMin": "2",
            "sameAddress": false,
            "contract": "0xaBEE61f8fF0eADd8D4ee87092792aAF2D9B2CA8e",
            "withdrawTips": "The token is currently Chiliz Chain(CHZ2), The last digits of the token's contract address are CA8e, please make sure they're correct before taking action.",
            "depositTips": "The token is currently Chiliz Chain(CHZ2), The last digits of the token's contract address are CA8e, please make sure they're correct before taking action.",
            "netWork": "CHZ"
        }
    },
    {
        "coin": "CITY",
        "name": "Manchester City Fan",
        "networkDetails": {
            "coin": "CITY",
            "depositDesc": null,
            "depositEnable": true,
            "minConfirm": 30,
            "name": "Manchester City Fan",
            "network": "Chiliz Chain(CHZ2)",
            "withdrawEnable": true,
            "withdrawFee": "0",
            "withdrawIntegerMultiple": null,
            "withdrawMax": "50000",
            "withdrawMin": "1",
            "sameAddress": false,
            "contract": "0x6401b29f40a02578ae44241560625232a01b3f79",
            "withdrawTips": "The token is currently Chiliz Chain(CHZ2), The last digits of the token's contract address are 3f79, please make sure they're correct before taking action.",
            "depositTips": "The token is currently Chiliz Chain(CHZ2), The last digits of the token's contract address are 3f79, please make sure they're correct before taking action.",
            "netWork": "CHZ"
        }
    },
    {
        "coin": "LUFC",
        "name": "Leeds United FC",
        "networkDetails": {
            "coin": "LUFC",
            "depositDesc": null,
            "depositEnable": true,
            "minConfirm": 30,
            "name": "Leeds United FC",
            "network": "Chiliz Chain(CHZ2)",
            "withdrawEnable": true,
            "withdrawFee": "1",
            "withdrawIntegerMultiple": null,
            "withdrawMax": "300000",
            "withdrawMin": "2",
            "sameAddress": false,
            "contract": "0xF67A8a4299f7EBF0c58DbFb38941D0867f300C30",
            "withdrawTips": "The token is currently Chiliz Chain(CHZ2), The last digits of the token's contract address are 0C30, please make sure they're correct before taking action.",
            "depositTips": "The token is currently Chiliz Chain(CHZ2), The last digits of the token's contract address are 0C30, please make sure they're correct before taking action.",
            "netWork": "CHZ"
        }
    },
    {
        "coin": "MENGO",
        "name": "Flamengo Fan Token",
        "networkDetails": {
            "coin": "MENGO",
            "depositDesc": null,
            "depositEnable": true,
            "minConfirm": 30,
            "name": "Flamengo Fan Token",
            "network": "Chiliz Chain(CHZ2)",
            "withdrawEnable": true,
            "withdrawFee": "1",
            "withdrawIntegerMultiple": null,
            "withdrawMax": "340000",
            "withdrawMin": "5",
            "sameAddress": false,
            "contract": "0xD1723Eb9e7C6eE7c7e2d421B2758dc0f2166eDDc",
            "withdrawTips": "The token is currently Chiliz Chain(CHZ2), The last digits of the token's contract address are eDDc, please make sure they're correct before taking action.",
            "depositTips": "The token is currently Chiliz Chain(CHZ2), The last digits of the token's contract address are eDDc, please make sure they're correct before taking action.",
            "netWork": "CHZ"
        }
    },
    {
        "coin": "INTER",
        "name": "InterMilanFanToken",
        "networkDetails": {
            "coin": "INTER",
            "depositDesc": null,
            "depositEnable": true,
            "minConfirm": 30,
            "name": "InterMilanFanToken",
            "network": "Chiliz Chain(CHZ2)",
            "withdrawEnable": true,
            "withdrawFee": "1",
            "withdrawIntegerMultiple": null,
            "withdrawMax": "90000",
            "withdrawMin": "2",
            "sameAddress": false,
            "contract": "0xc727c9c0f2647cb90b0fca64d8ddb14878716bed",
            "withdrawTips": "The token is currently Chiliz Chain(CHZ2), The last digits of the token's contract address are 6bed, please make sure they're correct before taking action.",
            "depositTips": "The token is currently Chiliz Chain(CHZ2), The last digits of the token's contract address are 6bed, please make sure they're correct before taking action.",
            "netWork": "CHZ"
        }
    },
    {
        "coin": "CPFC",
        "name": "Crystal Palace FT",
        "networkDetails": {
            "coin": "CPFC",
            "depositDesc": null,
            "depositEnable": true,
            "minConfirm": 30,
            "name": "Crystal Palace FT",
            "network": "Chiliz Chain(CHZ2)",
            "withdrawEnable": true,
            "withdrawFee": "0",
            "withdrawIntegerMultiple": null,
            "withdrawMax": "150000",
            "withdrawMin": "1",
            "sameAddress": false,
            "contract": "0xA70bD29Bef2936765Fe33b0f4b0Cf8E947D75581",
            "withdrawTips": "The token is currently Chiliz Chain(CHZ2), The last digits of the token's contract address are 5581, please make sure they're correct before taking action.",
            "depositTips": "The token is currently Chiliz Chain(CHZ2), The last digits of the token's contract address are 5581, please make sure they're correct before taking action.",
            "netWork": "CHZ"
        }
    },
    {
        "coin": "NAP",
        "name": "Napoli Fan Token",
        "networkDetails": {
            "coin": "NAP",
            "depositDesc": null,
            "depositEnable": true,
            "minConfirm": 30,
            "name": "Napoli Fan Token",
            "network": "Chiliz Chain(CHZ2)",
            "withdrawEnable": true,
            "withdrawFee": "0",
            "withdrawIntegerMultiple": null,
            "withdrawMax": "66000",
            "withdrawMin": "1",
            "sameAddress": false,
            "contract": "0xbE7f1eBB1Fd6246844E093B04991ae0e66D12C77",
            "withdrawTips": "The token is currently Chiliz Chain(CHZ2), The last digits of the token's contract address are 2C77, please make sure they're correct before taking action.",
            "depositTips": "The token is currently Chiliz Chain(CHZ2), The last digits of the token's contract address are 2C77, please make sure they're correct before taking action.",
            "netWork": "CHZ"
        }
    },
    {
        "coin": "SPFC",
        "name": "Sao Paulo FC FT",
        "networkDetails": {
            "coin": "SPFC",
            "depositDesc": "Deposit is prohibited (forced deposit may result in asset loss)",
            "depositEnable": false,
            "minConfirm": 30,
            "name": "Sao Paulo FC FT",
            "network": "Chiliz Chain(CHZ2)",
            "withdrawEnable": true,
            "withdrawFee": "2",
            "withdrawIntegerMultiple": null,
            "withdrawMax": "970000",
            "withdrawMin": "5",
            "sameAddress": false,
            "contract": "0x540165b9dfdde31658f9ba0ca5504eda448bffd0",
            "withdrawTips": "The token is currently Chiliz Chain(CHZ2), The last digits of the token's contract address are ffd0, please make sure they're correct before taking action.",
            "depositTips": "The token is currently Chiliz Chain(CHZ2), The last digits of the token's contract address are ffd0, please make sure they're correct before taking action.",
            "netWork": "CHZ"
        }
    },
    {
        "coin": "POR",
        "name": "PortugalNationalTeam",
        "networkDetails": {
            "coin": "POR",
            "depositDesc": null,
            "depositEnable": true,
            "minConfirm": 30,
            "name": "PortugalNationalTeam",
            "network": "Chiliz Chain(CHZ2)",
            "withdrawEnable": true,
            "withdrawFee": "1",
            "withdrawIntegerMultiple": null,
            "withdrawMax": "200000",
            "withdrawMin": "2",
            "sameAddress": false,
            "contract": "0xffad7930b474d45933c93b83a2802204b8787129",
            "withdrawTips": "The token is currently Chiliz Chain(CHZ2), The last digits of the token's contract address are 7129, please make sure they're correct before taking action.",
            "depositTips": "The token is currently Chiliz Chain(CHZ2), The last digits of the token's contract address are 7129, please make sure they're correct before taking action.",
            "netWork": "CHZ"
        }
    },
    {
        "coin": "PSG",
        "name": "Paris Saint-Germain",
        "networkDetails": {
            "coin": "PSG",
            "depositDesc": null,
            "depositEnable": true,
            "minConfirm": 30,
            "name": "Paris Saint-Germain",
            "network": "Chiliz Chain(CHZ2)",
            "withdrawEnable": true,
            "withdrawFee": "0",
            "withdrawIntegerMultiple": null,
            "withdrawMax": "36000",
            "withdrawMin": "1",
            "sameAddress": false,
            "contract": "0xc2661815c69c2b3924d3dd0c2c1358a1e38a3105",
            "withdrawTips": "The token is currently Chiliz Chain(CHZ2), The last digits of the token's contract address are 3105, please make sure they're correct before taking action.",
            "depositTips": "The token is currently Chiliz Chain(CHZ2), The last digits of the token's contract address are 3105, please make sure they're correct before taking action.",
            "netWork": "CHZ"
        }
    },
    {
        "coin": "ACM",
        "name": "AC Milan Fan Token",
        "networkDetails": {
            "coin": "ACM",
            "depositDesc": null,
            "depositEnable": true,
            "minConfirm": 30,
            "name": "AC Milan Fan Token",
            "network": "Chiliz Chain(CHZ2)",
            "withdrawEnable": true,
            "withdrawFee": "0",
            "withdrawIntegerMultiple": null,
            "withdrawMax": "80000",
            "withdrawMin": "2",
            "sameAddress": false,
            "contract": "0xf9c0f80a6c67b1b39bddf00ecd57f2533ef5b688",
            "withdrawTips": "The token is currently Chiliz Chain(CHZ2), The last digits of the token's contract address are b688, please make sure they're correct before taking action.",
            "depositTips": "The token is currently Chiliz Chain(CHZ2), The last digits of the token's contract address are b688, please make sure they're correct before taking action.",
            "netWork": "CHZ"
        }
    },
    {
        "coin": "AFC",
        "name": "Arsenal Fan Token",
        "networkDetails": {
            "coin": "AFC",
            "depositDesc": null,
            "depositEnable": true,
            "minConfirm": 30,
            "name": "Arsenal Fan Token",
            "network": "Chiliz Chain(CHZ2)",
            "withdrawEnable": true,
            "withdrawFee": "1",
            "withdrawIntegerMultiple": null,
            "withdrawMax": "50000",
            "withdrawMin": "2",
            "sameAddress": false,
            "contract": "0x1d4343d35f0e0e14c14115876d01deaa4792550b",
            "withdrawTips": "The token is currently Chiliz Chain(CHZ2), The last digits of the token's contract address are 550b, please make sure they're correct before taking action.",
            "depositTips": "The token is currently Chiliz Chain(CHZ2), The last digits of the token's contract address are 550b, please make sure they're correct before taking action.",
            "netWork": "CHZ"
        }
    },
    {
        "coin": "ARG",
        "name": "Argentine Football",
        "networkDetails": {
            "coin": "ARG",
            "depositDesc": null,
            "depositEnable": true,
            "minConfirm": 30,
            "name": "Argentine Football",
            "network": "Chiliz Chain(CHZ2)",
            "withdrawEnable": true,
            "withdrawFee": "1",
            "withdrawIntegerMultiple": null,
            "withdrawMax": "135000",
            "withdrawMin": "2",
            "sameAddress": false,
            "contract": "0xd34625c1c812439229ef53e06f22053249d011f5",
            "withdrawTips": "The token is currently Chiliz Chain(CHZ2), The last digits of the token's contract address are 11f5, please make sure they're correct before taking action.",
            "depositTips": "The token is currently Chiliz Chain(CHZ2), The last digits of the token's contract address are 11f5, please make sure they're correct before taking action.",
            "netWork": "CHZ"
        }
    },
    {
        "coin": "ASM",
        "name": "AS Monaco",
        "networkDetails": {
            "coin": "ASM",
            "depositDesc": null,
            "depositEnable": true,
            "minConfirm": 30,
            "name": "AS Monaco",
            "network": "Chiliz Chain(CHZ2)",
            "withdrawEnable": true,
            "withdrawFee": "1",
            "withdrawIntegerMultiple": null,
            "withdrawMax": "180000",
            "withdrawMin": "5",
            "sameAddress": false,
            "contract": "0x371863096CF5685cD37AE00C28DE10b6edBab3Fe",
            "withdrawTips": "The token name of AS Monaco Fan Token (ASM) is ASM in MEXC Global; The last digits of the token's contract address are b3Fe, please make sure they're correct before taking action.",
            "depositTips": "The token name of AS Monaco Fan Token (ASM) is ASM in MEXC Global; The last digits of the token's contract address are b3Fe, please make sure they're correct before taking action.",
            "netWork": "CHZ"
        }
    },
    {
        "coin": "SCCP",
        "name": "S.C. Corinthians FT",
        "networkDetails": {
            "coin": "SCCP",
            "depositDesc": null,
            "depositEnable": true,
            "minConfirm": 30,
            "name": "S.C. Corinthians FT",
            "network": "Chiliz Chain(CHZ2)",
            "withdrawEnable": true,
            "withdrawFee": "2",
            "withdrawIntegerMultiple": null,
            "withdrawMax": "580000",
            "withdrawMin": "5",
            "sameAddress": false,
            "contract": "0x20BFeab58f8bE903753d037Ba7e307fc77c97388",
            "withdrawTips": "The token is currently Chiliz Chain(CHZ2), The last digits of the token's contract address are 7388, please make sure they're correct before taking action.",
            "depositTips": "The token is currently Chiliz Chain(CHZ2), The last digits of the token's contract address are 7388, please make sure they're correct before taking action.",
            "netWork": "CHZ"
        }
    },
    {
        "coin": "BAR",
        "name": "FC Barcelona FT",
        "networkDetails": {
            "coin": "BAR",
            "depositDesc": null,
            "depositEnable": true,
            "minConfirm": 30,
            "name": "FC Barcelona FT",
            "network": "Chiliz Chain(CHZ2)",
            "withdrawEnable": true,
            "withdrawFee": "0",
            "withdrawIntegerMultiple": null,
            "withdrawMax": "60000",
            "withdrawMin": "2",
            "sameAddress": false,
            "contract": "0xfd3c73b3b09d418841dd6aff341b2d6e3aba433b",
            "withdrawTips": "The token is currently Chiliz Chain(CHZ2), The last digits of the token's contract address are 433b, please make sure they're correct before taking action.",
            "depositTips": "The token is currently Chiliz Chain(CHZ2), The last digits of the token's contract address are 433b, please make sure they're correct before taking action.",
            "netWork": "CHZ"
        }
    }
]