[
    {
        "coin": "CRO",
        "name": "Crypto",
        "networkDetails": {
            "coin": "CRO",
            "depositDesc": null,
            "depositEnable": true,
            "minConfirm": 40,
            "name": "Crypto",
            "network": "CRONOS",
            "withdrawEnable": true,
            "withdrawFee": "1",
            "withdrawIntegerMultiple": null,
            "withdrawMax": "13000000",
            "withdrawMin": "2",
            "sameAddress": false,
            "contract": "",
            "withdrawTips": null,
            "depositTips": null,
            "netWork": "CRONOS"
        }
    },
    {
        "coin": "VVS",
        "name": "VVS Finance",
        "networkDetails": {
            "coin": "VVS",
            "depositDesc": "Deposit suspended due to wallet maintenance",
            "depositEnable": false,
            "minConfirm": 40,
            "name": "VVS Finance",
            "network": "CRONOS",
            "withdrawEnable": true,
            "withdrawFee": "0",
            "withdrawIntegerMultiple": null,
            "withdrawMax": "67000000000",
            "withdrawMin": "1",
            "sameAddress": false,
            "contract": "0x2D03bECE6747ADC00E1a131BBA1469C15fD11e03",
            "withdrawTips": null,
            "depositTips": null,
            "netWork": "CRONOS"
        }
    },
    {
        "coin": "MERY",
        "name": "Mistery On CRO",
        "networkDetails": {
            "coin": "MERY",
            "depositDesc": "Deposit is prohibited (forced deposit may result in asset loss)",
            "depositEnable": false,
            "minConfirm": 40,
            "name": "Mistery On CRO",
            "network": "CRONOS",
            "withdrawEnable": true,
            "withdrawFee": "500",
            "withdrawIntegerMultiple": null,
            "withdrawMax": "4000000000",
            "withdrawMin": "1000",
            "sameAddress": false,
            "contract": "0x3b41B27E74Dd366CE27cB389dc7877D4e1516d4d",
            "withdrawTips": null,
            "depositTips": null,
            "netWork": "CRONOS"
        }
    },
    {
        "coin": "FER",
        "name": "Ferro",
        "networkDetails": {
            "coin": "FER",
            "depositDesc": "Deposit is prohibited (forced deposit may result in asset loss)",
            "depositEnable": false,
            "minConfirm": 40,
            "name": "Ferro",
            "network": "CRONOS",
            "withdrawEnable": true,
            "withdrawFee": "0",
            "withdrawIntegerMultiple": null,
            "withdrawMax": "7000000",
            "withdrawMin": "1",
            "sameAddress": false,
            "contract": "0x39bC1e38c842C60775Ce37566D03B41A7A66C782",
            "withdrawTips": null,
            "depositTips": null,
            "netWork": "CRONOS"
        }
    },
    {
        "coin": "FRTN",
        "name": "Fortune",
        "networkDetails": {
            "coin": "FRTN",
            "depositDesc": "Deposit is prohibited (forced deposit may result in asset loss)",
            "depositEnable": false,
            "minConfirm": 40,
            "name": "Fortune",
            "network": "CRONOS",
            "withdrawEnable": true,
            "withdrawFee": "0",
            "withdrawIntegerMultiple": null,
            "withdrawMax": "7000000",
            "withdrawMin": "1",
            "sameAddress": false,
            "contract": "0xaF02D78F39C0002D14b95A3bE272DA02379AfF21",
            "withdrawTips": null,
            "depositTips": null,
            "netWork": "CRONOS"
        }
    },
    {
        "coin": "MMFCRO",
        "name": "MM Finance",
        "networkDetails": {
            "coin": "MMFCRO",
            "depositDesc": null,
            "depositEnable": false,
            "minConfirm": 40,
            "name": "MM Finance",
            "network": "CRONOS",
            "withdrawEnable": true,
            "withdrawFee": "0",
            "withdrawIntegerMultiple": null,
            "withdrawMax": "20000000",
            "withdrawMin": "1",
            "sameAddress": false,
            "contract": "0x97749c9B61F878a880DfE312d2594AE07AEd7656",
            "withdrawTips": "The token name of MM Finance\uff08MMF\uff09is MMFCRO in MEXC Global;Current futures address: 0x97749c9B61F878a880DfE312d2594AE07AEd7656, please confirm before proceeding",
            "depositTips": "The token name of MM Finance\uff08MMF\uff09is MMFCRO in MEXC Global;Current futures address: 0x97749c9B61F878a880DfE312d2594AE07AEd7656, please confirm before proceeding",
            "netWork": "CRONOS"
        }
    },
    {
        "coin": "CRONA",
        "name": "CronaSwap",
        "networkDetails": {
            "coin": "CRONA",
            "depositDesc": "Deposit suspended due to wallet maintenance",
            "depositEnable": false,
            "minConfirm": 40,
            "name": "CronaSwap",
            "network": "CRONOS",
            "withdrawEnable": true,
            "withdrawFee": "0",
            "withdrawIntegerMultiple": null,
            "withdrawMax": "4000000",
            "withdrawMin": "1",
            "sameAddress": false,
            "contract": "0xadbd1231fb360047525BEdF962581F3eee7b49fe",
            "withdrawTips": null,
            "depositTips": null,
            "netWork": "CRONOS"
        }
    },
    {
        "coin": "CROGE",
        "name": "CrogeCoin",
        "networkDetails": {
            "coin": "CROGE",
            "depositDesc": "Deposit suspended due to wallet maintenance",
            "depositEnable": false,
            "minConfirm": 40,
            "name": "CrogeCoin",
            "network": "CRONOS",
            "withdrawEnable": true,
            "withdrawFee": "0",
            "withdrawIntegerMultiple": null,
            "withdrawMax": "200000000",
            "withdrawMin": "1",
            "sameAddress": false,
            "contract": "0xC4a174cCb5fb54a6721e11e0Ca961e42715023F9",
            "withdrawTips": "Please note that there will be an additional 5% fee for each transfer of CROGE to the official smart contract.",
            "depositTips": "Please note that CROGE will charge a 10% fee for each deposit (including 5% for transfer to official smart contracts and 5% for funds pooling on the platform).",
            "netWork": "CRONOS"
        }
    },
    {
        "coin": "SINGLE",
        "name": "Single Finance",
        "networkDetails": {
            "coin": "SINGLE",
            "depositDesc": null,
            "depositEnable": false,
            "minConfirm": 40,
            "name": "Single Finance",
            "network": "CRONOS",
            "withdrawEnable": true,
            "withdrawFee": "0",
            "withdrawIntegerMultiple": null,
            "withdrawMax": "70000000",
            "withdrawMin": "2",
            "sameAddress": false,
            "contract": "0x0804702a4E749d39A35FDe73d1DF0B1f1D6b8347",
            "withdrawTips": null,
            "depositTips": null,
            "netWork": "CRONOS"
        }
    },
    {
        "coin": "MTD",
        "name": "Minted",
        "networkDetails": {
            "coin": "MTD",
            "depositDesc": "Deposit suspended due to wallet maintenance",
            "depositEnable": false,
            "minConfirm": 40,
            "name": "Minted",
            "network": "CRONOS",
            "withdrawEnable": true,
            "withdrawFee": "0",
            "withdrawIntegerMultiple": null,
            "withdrawMax": "800000",
            "withdrawMin": "1",
            "sameAddress": false,
            "contract": "0x0224010BA2d567ffa014222eD960D1fa43B8C8E1",
            "withdrawTips": null,
            "depositTips": null,
            "netWork": "CRONOS"
        }
    },
    {
        "coin": "MMOCRO",
        "name": "MM Optimizer",
        "networkDetails": {
            "coin": "MMOCRO",
            "depositDesc": null,
            "depositEnable": false,
            "minConfirm": 40,
            "name": "MM Optimizer",
            "network": "CRONOS",
            "withdrawEnable": true,
            "withdrawFee": "0",
            "withdrawIntegerMultiple": null,
            "withdrawMax": "1350000",
            "withdrawMin": "1",
            "sameAddress": false,
            "contract": "0x50c0C5bda591bc7e89A342A3eD672FB59b3C46a7",
            "withdrawTips": "The token name of MM Optimizer\uff08MMO\uff09is MMOCRO in MEXC Global;Current futures address: 0x50c0C5bda591bc7e89A342A3eD672FB59b3C46a7, please confirm before proceeding",
            "depositTips": "The token name of MM Optimizer\uff08MMO\uff09is MMOCRO in MEXC Global;Current futures address: 0x50c0C5bda591bc7e89A342A3eD672FB59b3C46a7, please confirm before proceeding",
            "netWork": "CRONOS"
        }
    }
]