[
    {
        "coin": "DARC",
        "name": "Konstellation",
        "networkDetails": {
            "coin": "DARC",
            "depositDesc": "Deposit suspended due to wallet maintenance",
            "depositEnable": false,
            "minConfirm": 30,
            "name": "Konstellation",
            "network": "DARC",
            "withdrawEnable": false,
            "withdrawFee": "1",
            "withdrawIntegerMultiple": null,
            "withdrawMax": "120000000",
            "withdrawMin": "10",
            "sameAddress": true,
            "contract": "",
            "withdrawTips": null,
            "depositTips": null,
            "netWork": "DARC"
        }
    }
]