[
    {
        "coin": "JEWEL",
        "name": "JEWEL-DFK",
        "networkDetails": {
            "coin": "JEWEL",
            "depositDesc": null,
            "depositEnable": true,
            "minConfirm": 60,
            "name": "JEWEL-DFK",
            "network": "DeFi Kingdoms",
            "withdrawEnable": true,
            "withdrawFee": "1",
            "withdrawIntegerMultiple": null,
            "withdrawMax": "2000000",
            "withdrawMin": "2",
            "sameAddress": false,
            "contract": "",
            "withdrawTips": null,
            "depositTips": null,
            "netWork": "DFK"
        }
    }
]