[
    {
        "coin": "DENTX",
        "name": "DENTNet",
        "networkDetails": {
            "coin": "DENTX",
            "depositDesc": "Deposit is prohibited (forced deposit may result in asset loss)",
            "depositEnable": false,
            "minConfirm": 30,
            "name": "DENTNet",
            "network": "DENTX",
            "withdrawEnable": true,
            "withdrawFee": "2",
            "withdrawIntegerMultiple": null,
            "withdrawMax": "2000000",
            "withdrawMin": "5",
            "sameAddress": false,
            "contract": "",
            "withdrawTips": null,
            "depositTips": null,
            "netWork": "DENTX"
        }
    }
]