[
    {
        "coin": "ETHF",
        "name": "EthereumFair",
        "networkDetails": {
            "coin": "ETHF",
            "depositDesc": null,
            "depositEnable": true,
            "minConfirm": 30,
            "name": "EthereumFair",
            "network": "DIS",
            "withdrawEnable": true,
            "withdrawFee": "20",
            "withdrawIntegerMultiple": null,
            "withdrawMax": "20000000",
            "withdrawMin": "40",
            "sameAddress": false,
            "contract": "",
            "withdrawTips": null,
            "depositTips": null,
            "netWork": "DIS"
        }
    }
]