[
    {
        "coin": "DORA",
        "name": "DORA",
        "networkDetails": {
            "coin": "DORA",
            "depositDesc": null,
            "depositEnable": true,
            "minConfirm": 20,
            "name": "DORA",
            "network": "DORA",
            "withdrawEnable": true,
            "withdrawFee": "3",
            "withdrawIntegerMultiple": null,
            "withdrawMax": "4000000",
            "withdrawMin": "10",
            "sameAddress": true,
            "contract": "",
            "withdrawTips": null,
            "depositTips": null,
            "netWork": "DORA"
        }
    }
]