[
    {
        "coin": "DYDX",
        "name": "DYDX",
        "networkDetails": {
            "coin": "DYDX",
            "depositDesc": null,
            "depositEnable": true,
            "minConfirm": 60,
            "name": "DYDX",
            "network": "DYDX",
            "withdrawEnable": true,
            "withdrawFee": "0.1",
            "withdrawIntegerMultiple": null,
            "withdrawMax": "2000000",
            "withdrawMin": "1",
            "sameAddress": true,
            "contract": "",
            "withdrawTips": null,
            "depositTips": null,
            "netWork": "DYDX"
        }
    }
]