[
    {
        "coin": "ONEFINITY",
        "name": "OneFinity",
        "networkDetails": {
            "coin": "ONEFINITY",
            "depositDesc": "Deposit is prohibited (forced deposit may result in asset loss)",
            "depositEnable": false,
            "minConfirm": 50,
            "name": "OneFinity",
            "network": "EGLD",
            "withdrawEnable": true,
            "withdrawFee": "1.666666",
            "withdrawIntegerMultiple": null,
            "withdrawMax": "333333.333333",
            "withdrawMin": "3.333332",
            "sameAddress": false,
            "contract": "ONE-f9954f",
            "withdrawTips": "The token name of OneDex (ONE) is ONEFINITY in MEXC; The last digits of the token's contract address are 954f, please make sure they're correct before taking action.",
            "depositTips": "The token name of OneDex (ONE) is ONEFINITY in MEXC; The last digits of the token's contract address are 954f, please make sure they're correct before taking action.",
            "netWork": "EGLD"
        }
    },
    {
        "coin": "ITHEUM",
        "name": "Itheum",
        "networkDetails": {
            "coin": "ITHEUM",
            "depositDesc": null,
            "depositEnable": true,
            "minConfirm": 50,
            "name": "Itheum",
            "network": "EGLD",
            "withdrawEnable": true,
            "withdrawFee": "2",
            "withdrawIntegerMultiple": null,
            "withdrawMax": "200000000",
            "withdrawMin": "4",
            "sameAddress": false,
            "contract": "ITHEUM-df6f26",
            "withdrawTips": null,
            "depositTips": null,
            "netWork": "EGLD"
        }
    },
    {
        "coin": "DRX",
        "name": "DoctorX",
        "networkDetails": {
            "coin": "DRX",
            "depositDesc": null,
            "depositEnable": true,
            "minConfirm": 50,
            "name": "DoctorX",
            "network": "EGLD",
            "withdrawEnable": true,
            "withdrawFee": "12500",
            "withdrawIntegerMultiple": null,
            "withdrawMax": "2500000000",
            "withdrawMin": "25000",
            "sameAddress": false,
            "contract": "DRX-b7f337",
            "withdrawTips": null,
            "depositTips": null,
            "netWork": "EGLD"
        }
    },
    {
        "coin": "KOSON",
        "name": "Age of Zalmoxis",
        "networkDetails": {
            "coin": "KOSON",
            "depositDesc": "Deposit is prohibited (forced deposit may result in asset loss)",
            "depositEnable": false,
            "minConfirm": 50,
            "name": "Age of Zalmoxis",
            "network": "EGLD",
            "withdrawEnable": true,
            "withdrawFee": "0",
            "withdrawIntegerMultiple": null,
            "withdrawMax": "14000000",
            "withdrawMin": "1",
            "sameAddress": false,
            "contract": "KOSON-5dd4fa",
            "withdrawTips": null,
            "depositTips": null,
            "netWork": "EGLD"
        }
    },
    {
        "coin": "EMR",
        "name": "EMR",
        "networkDetails": {
            "coin": "EMR",
            "depositDesc": null,
            "depositEnable": true,
            "minConfirm": 50,
            "name": "EMR",
            "network": "EGLD",
            "withdrawEnable": true,
            "withdrawFee": "1",
            "withdrawIntegerMultiple": null,
            "withdrawMax": "2000000",
            "withdrawMin": "20",
            "sameAddress": false,
            "contract": "EMR-d10ed9",
            "withdrawTips": null,
            "depositTips": null,
            "netWork": "EGLD"
        }
    },
    {
        "coin": "XOXNO",
        "name": "XOXNO Network",
        "networkDetails": {
            "coin": "XOXNO",
            "depositDesc": null,
            "depositEnable": true,
            "minConfirm": 50,
            "name": "XOXNO Network",
            "network": "EGLD",
            "withdrawEnable": true,
            "withdrawFee": "1",
            "withdrawIntegerMultiple": null,
            "withdrawMax": "1000000",
            "withdrawMin": "2",
            "sameAddress": false,
            "contract": "XOXNO-c1293a",
            "withdrawTips": null,
            "depositTips": null,
            "netWork": "EGLD"
        }
    },
    {
        "coin": "HTM",
        "name": "Hatom",
        "networkDetails": {
            "coin": "HTM",
            "depositDesc": null,
            "depositEnable": true,
            "minConfirm": 50,
            "name": "Hatom",
            "network": "EGLD",
            "withdrawEnable": true,
            "withdrawFee": "1",
            "withdrawIntegerMultiple": null,
            "withdrawMax": "100000",
            "withdrawMin": "2",
            "sameAddress": false,
            "contract": "HTM-f51d55",
            "withdrawTips": null,
            "depositTips": null,
            "netWork": "EGLD"
        }
    },
    {
        "coin": "ZPAY",
        "name": "ZoidPay",
        "networkDetails": {
            "coin": "ZPAY",
            "depositDesc": "Deposit is prohibited (forced deposit may result in asset loss)",
            "depositEnable": false,
            "minConfirm": 50,
            "name": "ZoidPay",
            "network": "EGLD",
            "withdrawEnable": true,
            "withdrawFee": "0.8",
            "withdrawIntegerMultiple": null,
            "withdrawMax": "2700000",
            "withdrawMin": "2",
            "sameAddress": false,
            "contract": "ZPAY-247875",
            "withdrawTips": null,
            "depositTips": null,
            "netWork": "EGLD"
        }
    },
    {
        "coin": "RIDE",
        "name": "holoride",
        "networkDetails": {
            "coin": "RIDE",
            "depositDesc": null,
            "depositEnable": true,
            "minConfirm": 50,
            "name": "holoride",
            "network": "EGLD",
            "withdrawEnable": true,
            "withdrawFee": "1",
            "withdrawIntegerMultiple": null,
            "withdrawMax": "5000000",
            "withdrawMin": "2",
            "sameAddress": false,
            "contract": "RIDE-7d18e9",
            "withdrawTips": null,
            "depositTips": null,
            "netWork": "EGLD"
        }
    },
    {
        "coin": "FOXSY",
        "name": "Foxsy AI",
        "networkDetails": {
            "coin": "FOXSY",
            "depositDesc": null,
            "depositEnable": true,
            "minConfirm": 50,
            "name": "Foxsy AI",
            "network": "EGLD",
            "withdrawEnable": true,
            "withdrawFee": "1",
            "withdrawIntegerMultiple": null,
            "withdrawMax": "4000000",
            "withdrawMin": "2",
            "sameAddress": false,
            "contract": "FOXSY-5d5f3e",
            "withdrawTips": null,
            "depositTips": null,
            "netWork": "EGLD"
        }
    },
    {
        "coin": "MEX",
        "name": "xExchange",
        "networkDetails": {
            "coin": "MEX",
            "depositDesc": null,
            "depositEnable": true,
            "minConfirm": 50,
            "name": "xExchange",
            "network": "EGLD",
            "withdrawEnable": true,
            "withdrawFee": "52000",
            "withdrawIntegerMultiple": null,
            "withdrawMax": "40000000000",
            "withdrawMin": "100000",
            "sameAddress": false,
            "contract": "MEX-455c57",
            "withdrawTips": null,
            "depositTips": null,
            "netWork": "EGLD"
        }
    },
    {
        "coin": "TADA",
        "name": "Tada",
        "networkDetails": {
            "coin": "TADA",
            "depositDesc": null,
            "depositEnable": true,
            "minConfirm": 50,
            "name": "Tada",
            "network": "EGLD",
            "withdrawEnable": true,
            "withdrawFee": "20",
            "withdrawIntegerMultiple": null,
            "withdrawMax": "10000000",
            "withdrawMin": "40",
            "sameAddress": false,
            "contract": "TADA-5c032c",
            "withdrawTips": null,
            "depositTips": null,
            "netWork": "EGLD"
        }
    },
    {
        "coin": "CRTOLD",
        "name": "Cantina Royale",
        "networkDetails": {
            "coin": "CRTOLD",
            "depositDesc": "Deposit is prohibited (forced deposit may result in asset loss)",
            "depositEnable": false,
            "minConfirm": 50,
            "name": "Cantina Royale",
            "network": "EGLD",
            "withdrawEnable": false,
            "withdrawFee": "1",
            "withdrawIntegerMultiple": null,
            "withdrawMax": "1400000",
            "withdrawMin": "2",
            "sameAddress": false,
            "contract": "CRT-52decf",
            "withdrawTips": null,
            "depositTips": null,
            "netWork": "EGLD"
        }
    },
    {
        "coin": "EGLD",
        "name": "MULTIVERSX",
        "networkDetails": {
            "coin": "EGLD",
            "depositDesc": null,
            "depositEnable": true,
            "minConfirm": 50,
            "name": "MULTIVERSX",
            "network": "EGLD",
            "withdrawEnable": true,
            "withdrawFee": "0.01",
            "withdrawIntegerMultiple": null,
            "withdrawMax": "6000",
            "withdrawMin": "0.1",
            "sameAddress": false,
            "contract": "",
            "withdrawTips": null,
            "depositTips": null,
            "netWork": "EGLD"
        }
    },
    {
        "coin": "A1X",
        "name": "AI Nexus",
        "networkDetails": {
            "coin": "A1X",
            "depositDesc": null,
            "depositEnable": true,
            "minConfirm": 50,
            "name": "AI Nexus",
            "network": "EGLD",
            "withdrawEnable": true,
            "withdrawFee": "50",
            "withdrawIntegerMultiple": null,
            "withdrawMax": "20000000",
            "withdrawMin": "100",
            "sameAddress": false,
            "contract": "A1X-0d446d",
            "withdrawTips": null,
            "depositTips": null,
            "netWork": "EGLD"
        }
    },
    {
        "coin": "BOBER",
        "name": "BOBER",
        "networkDetails": {
            "coin": "BOBER",
            "depositDesc": null,
            "depositEnable": true,
            "minConfirm": 50,
            "name": "BOBER",
            "network": "EGLD",
            "withdrawEnable": true,
            "withdrawFee": "2500",
            "withdrawIntegerMultiple": null,
            "withdrawMax": "1000000000",
            "withdrawMin": "5000",
            "sameAddress": false,
            "contract": "BOBER-9eb764",
            "withdrawTips": null,
            "depositTips": null,
            "netWork": "EGLD"
        }
    }
]