[
    {
        "coin": "ERG",
        "name": "Ergo",
        "networkDetails": {
            "coin": "ERG",
            "depositDesc": null,
            "depositEnable": true,
            "minConfirm": 20,
            "name": "Ergo",
            "network": "ERG",
            "withdrawEnable": false,
            "withdrawFee": "0.1",
            "withdrawIntegerMultiple": null,
            "withdrawMax": "1000",
            "withdrawMin": "0.2",
            "sameAddress": false,
            "contract": "",
            "withdrawTips": null,
            "depositTips": null,
            "netWork": "ERG"
        }
    }
]