[
    {
        "coin": "ETHFOLD",
        "name": "Ethereum fair",
        "networkDetails": {
            "coin": "ETHFOLD",
            "depositDesc": "Deposit suspended as project upgrade is in progress",
            "depositEnable": false,
            "minConfirm": 3000,
            "name": "Ethereum fair",
            "network": "ETF",
            "withdrawEnable": false,
            "withdrawFee": "0.1",
            "withdrawIntegerMultiple": null,
            "withdrawMax": "1000000",
            "withdrawMin": "1",
            "sameAddress": false,
            "contract": "",
            "withdrawTips": "The token name of EthereumFair\uff08ETF\uff09 is ETHF in MEXC , please confirm before proceeding.",
            "depositTips": "The token name of EthereumFair\uff08ETF\uff09 is ETHF in MEXC , please confirm before proceeding.",
            "netWork": "NONE"
        }
    }
]