[
    {
        "coin": "ETP",
        "name": "Metaverse",
        "networkDetails": {
            "coin": "ETP",
            "depositDesc": "Deposit suspended due to wallet maintenance",
            "depositEnable": false,
            "minConfirm": 120,
            "name": "Metaverse",
            "network": "ETP",
            "withdrawEnable": false,
            "withdrawFee": "50",
            "withdrawIntegerMultiple": null,
            "withdrawMax": "5000000",
            "withdrawMin": "100",
            "sameAddress": false,
            "contract": "",
            "withdrawTips": null,
            "depositTips": null,
            "netWork": "ETP"
        }
    }
]