[
    {
        "coin": "EVMOS",
        "name": "Evmos",
        "networkDetails": {
            "coin": "EVMOS",
            "depositDesc": null,
            "depositEnable": true,
            "minConfirm": 60,
            "name": "Evmos",
            "network": "EVMOS",
            "withdrawEnable": true,
            "withdrawFee": "20",
            "withdrawIntegerMultiple": null,
            "withdrawMax": "2000000",
            "withdrawMin": "100",
            "sameAddress": true,
            "contract": "",
            "withdrawTips": null,
            "depositTips": null,
            "netWork": "EVMOS"
        }
    }
]