[
    {
        "coin": "FACT",
        "name": "fact",
        "networkDetails": {
            "coin": "FACT",
            "depositDesc": null,
            "depositEnable": true,
            "minConfirm": 10,
            "name": "fact",
            "network": "FACT",
            "withdrawEnable": true,
            "withdrawFee": "0.005",
            "withdrawIntegerMultiple": null,
            "withdrawMax": "25000",
            "withdrawMin": "0.01",
            "sameAddress": false,
            "contract": "",
            "withdrawTips": null,
            "depositTips": null,
            "netWork": "FACT"
        }
    }
]