[
    {
        "coin": "BRO",
        "name": "DexBrowser",
        "networkDetails": {
            "coin": "BRO",
            "depositDesc": null,
            "depositEnable": false,
            "minConfirm": 100,
            "name": "DexBrowser",
            "network": "Fantom(FTM)",
            "withdrawEnable": true,
            "withdrawFee": "0",
            "withdrawIntegerMultiple": null,
            "withdrawMax": "60000000",
            "withdrawMin": "1",
            "sameAddress": false,
            "contract": "0x230576a0455d7ae33c6defe64182c0bb68bafaf3",
            "withdrawTips": null,
            "depositTips": null,
            "netWork": "FTM"
        }
    },
    {
        "coin": "FMXEN",
        "name": "XEN Crypto",
        "networkDetails": {
            "coin": "FMXEN",
            "depositDesc": null,
            "depositEnable": true,
            "minConfirm": 100,
            "name": "XEN Crypto",
            "network": "Fantom(FTM)",
            "withdrawEnable": true,
            "withdrawFee": "67000000",
            "withdrawIntegerMultiple": null,
            "withdrawMax": "116000000000000",
            "withdrawMin": "68000000",
            "sameAddress": false,
            "contract": "0xeF4B763385838FfFc708000f884026B8c0434275",
            "withdrawTips": null,
            "depositTips": null,
            "netWork": "FTM"
        }
    },
    {
        "coin": "FS",
        "name": "FantomStarter",
        "networkDetails": {
            "coin": "FS",
            "depositDesc": "Deposit suspended due to wallet maintenance",
            "depositEnable": false,
            "minConfirm": 100,
            "name": "FantomStarter",
            "network": "Fantom(FTM)",
            "withdrawEnable": true,
            "withdrawFee": "0",
            "withdrawIntegerMultiple": null,
            "withdrawMax": "2000000",
            "withdrawMin": "1",
            "sameAddress": false,
            "contract": "0xC758295Cd1A564cdb020a78a681a838CF8e0627D",
            "withdrawTips": null,
            "depositTips": null,
            "netWork": "FTM"
        }
    },
    {
        "coin": "TREEB",
        "name": "Retreeb",
        "networkDetails": {
            "coin": "TREEB",
            "depositDesc": "Deposit is prohibited (forced deposit may result in asset loss)",
            "depositEnable": false,
            "minConfirm": 100,
            "name": "Retreeb",
            "network": "Fantom(FTM)",
            "withdrawEnable": true,
            "withdrawFee": "0",
            "withdrawIntegerMultiple": null,
            "withdrawMax": "15000000",
            "withdrawMin": "15",
            "sameAddress": false,
            "contract": "0xc60d7067dfbc6f2caf30523a064f416a5af52963",
            "withdrawTips": null,
            "depositTips": null,
            "netWork": "FTM"
        }
    },
    {
        "coin": "SPIRITOLD",
        "name": "SpiritSwap",
        "networkDetails": {
            "coin": "SPIRITOLD",
            "depositDesc": "Deposit suspended due to wallet maintenance",
            "depositEnable": false,
            "minConfirm": 100,
            "name": "SpiritSwap",
            "network": "Fantom(FTM)",
            "withdrawEnable": true,
            "withdrawFee": "0",
            "withdrawIntegerMultiple": null,
            "withdrawMax": "20000000",
            "withdrawMin": "200",
            "sameAddress": false,
            "contract": "0x5cc61a78f164885776aa610fb0fe1257df78e59b",
            "withdrawTips": null,
            "depositTips": null,
            "netWork": "FTM"
        }
    },
    {
        "coin": "TOMBPLUS",
        "name": "Tombplus",
        "networkDetails": {
            "coin": "TOMBPLUS",
            "depositDesc": "Deposit is prohibited (forced deposit may result in asset loss)",
            "depositEnable": false,
            "minConfirm": 100,
            "name": "Tombplus",
            "network": "Fantom(FTM)",
            "withdrawEnable": true,
            "withdrawFee": "1",
            "withdrawIntegerMultiple": null,
            "withdrawMax": "500000",
            "withdrawMin": "2",
            "sameAddress": false,
            "contract": "0xE53aFA646d48E9EF68fCd559F2a598880a3f1370",
            "withdrawTips": "The token name of TOMB(TOMB) is TOMBPLUS in MEXC; The last digits of the token's contract address are D739, please make sure they're correct before taking action.",
            "depositTips": "The token name of TOMB(TOMB) is TOMBPLUS in MEXC; The last digits of the token's contract address are D739, please make sure they're correct before taking action.",
            "netWork": "FTM"
        }
    },
    {
        "coin": "FTM",
        "name": "Fantom",
        "networkDetails": {
            "coin": "FTM",
            "depositDesc": "Deposit suspended as project upgrade is in progress",
            "depositEnable": false,
            "minConfirm": 100,
            "name": "Fantom",
            "network": "Fantom(FTM)",
            "withdrawEnable": false,
            "withdrawFee": "0",
            "withdrawIntegerMultiple": null,
            "withdrawMax": "10409650",
            "withdrawMin": "10409646",
            "sameAddress": false,
            "contract": "",
            "withdrawTips": null,
            "depositTips": null,
            "netWork": "NONE"
        }
    },
    {
        "coin": "SGOAT",
        "name": "Sonic Goat",
        "networkDetails": {
            "coin": "SGOAT",
            "depositDesc": "Deposit is prohibited (forced deposit may result in asset loss)",
            "depositEnable": false,
            "minConfirm": 100,
            "name": "Sonic Goat",
            "network": "Fantom(FTM)",
            "withdrawEnable": true,
            "withdrawFee": "0",
            "withdrawIntegerMultiple": null,
            "withdrawMax": "400000",
            "withdrawMin": "1",
            "sameAddress": false,
            "contract": "0x43F9a13675e352154f745d6402E853FECC388aA5",
            "withdrawTips": null,
            "depositTips": null,
            "netWork": "FTM"
        }
    },
    {
        "coin": "SEXOLD",
        "name": "Solidex",
        "networkDetails": {
            "coin": "SEXOLD",
            "depositDesc": "Deposit suspended due to wallet maintenance",
            "depositEnable": false,
            "minConfirm": 100,
            "name": "Solidex",
            "network": "Fantom(FTM)",
            "withdrawEnable": false,
            "withdrawFee": "0",
            "withdrawIntegerMultiple": null,
            "withdrawMax": "2000000",
            "withdrawMin": "20",
            "sameAddress": false,
            "contract": "0xD31Fcd1f7Ba190dBc75354046F6024A9b86014d7",
            "withdrawTips": null,
            "depositTips": null,
            "netWork": "FTM"
        }
    },
    {
        "coin": "HEC",
        "name": "Hector Network",
        "networkDetails": {
            "coin": "HEC",
            "depositDesc": null,
            "depositEnable": false,
            "minConfirm": 100,
            "name": "Hector Network",
            "network": "Fantom(FTM)",
            "withdrawEnable": true,
            "withdrawFee": "0",
            "withdrawIntegerMultiple": null,
            "withdrawMax": "65000",
            "withdrawMin": "0.1",
            "sameAddress": false,
            "contract": "0x5c4fdfc5233f935f20d2adba572f770c2e377ab0",
            "withdrawTips": null,
            "depositTips": null,
            "netWork": "FTM"
        }
    },
    {
        "coin": "HND",
        "name": "Hundred Finance",
        "networkDetails": {
            "coin": "HND",
            "depositDesc": "Deposit suspended due to wallet maintenance",
            "depositEnable": false,
            "minConfirm": 100,
            "name": "Hundred Finance",
            "network": "Fantom(FTM)",
            "withdrawEnable": false,
            "withdrawFee": "1.5",
            "withdrawIntegerMultiple": null,
            "withdrawMax": "150000",
            "withdrawMin": "2",
            "sameAddress": false,
            "contract": "0x10010078a54396f62c96df8532dc2b4847d47ed3",
            "withdrawTips": null,
            "depositTips": null,
            "netWork": "FTM"
        }
    },
    {
        "coin": "WEVE",
        "name": "veDAO",
        "networkDetails": {
            "coin": "WEVE",
            "depositDesc": "Deposit suspended due to wallet maintenance",
            "depositEnable": false,
            "minConfirm": 100,
            "name": "veDAO",
            "network": "Fantom(FTM)",
            "withdrawEnable": true,
            "withdrawFee": "0",
            "withdrawIntegerMultiple": null,
            "withdrawMax": "52000000",
            "withdrawMin": "1",
            "sameAddress": false,
            "contract": "0x911da02c1232a3c3e1418b834a311921143b04d7",
            "withdrawTips": null,
            "depositTips": null,
            "netWork": "FTM"
        }
    },
    {
        "coin": "OATH",
        "name": "Oath",
        "networkDetails": {
            "coin": "OATH",
            "depositDesc": "Deposit is prohibited (forced deposit may result in asset loss)",
            "depositEnable": false,
            "minConfirm": 100,
            "name": "Oath",
            "network": "Fantom(FTM)",
            "withdrawEnable": true,
            "withdrawFee": "0",
            "withdrawIntegerMultiple": null,
            "withdrawMax": "900000",
            "withdrawMin": "2",
            "sameAddress": false,
            "contract": "0x21Ada0D2aC28C3A5Fa3cD2eE30882dA8812279B6",
            "withdrawTips": null,
            "depositTips": null,
            "netWork": "FTM"
        }
    },
    {
        "coin": "SOULOLD",
        "name": "SoulSwap",
        "networkDetails": {
            "coin": "SOULOLD",
            "depositDesc": "Deposit suspended due to wallet maintenance",
            "depositEnable": false,
            "minConfirm": 100,
            "name": "SoulSwap",
            "network": "Fantom(FTM)",
            "withdrawEnable": true,
            "withdrawFee": "500",
            "withdrawIntegerMultiple": null,
            "withdrawMax": "100000000",
            "withdrawMin": "1000",
            "sameAddress": false,
            "contract": "0xe2fb177009FF39F52C0134E8007FA0e4BaAcBd07",
            "withdrawTips": null,
            "depositTips": null,
            "netWork": "FTM"
        }
    },
    {
        "coin": "MMY",
        "name": "Mummy Finance",
        "networkDetails": {
            "coin": "MMY",
            "depositDesc": "Deposit is prohibited (forced deposit may result in asset loss)",
            "depositEnable": false,
            "minConfirm": 100,
            "name": "Mummy Finance",
            "network": "Fantom(FTM)",
            "withdrawEnable": true,
            "withdrawFee": "0",
            "withdrawIntegerMultiple": null,
            "withdrawMax": "25000",
            "withdrawMin": "0.1",
            "sameAddress": false,
            "contract": "0x01e77288b38b416F972428d562454fb329350bAc",
            "withdrawTips": null,
            "depositTips": null,
            "netWork": "FTM"
        }
    },
    {
        "coin": "WBOND",
        "name": "War Bond Token",
        "networkDetails": {
            "coin": "WBOND",
            "depositDesc": "Deposit suspended due to wallet maintenance",
            "depositEnable": false,
            "minConfirm": 100,
            "name": "War Bond Token",
            "network": "Fantom(FTM)",
            "withdrawEnable": true,
            "withdrawFee": "0",
            "withdrawIntegerMultiple": null,
            "withdrawMax": "7500000",
            "withdrawMin": "1",
            "sameAddress": false,
            "contract": "0x59c6606ed2af925f270733e378d6af7829b5b3cf",
            "withdrawTips": null,
            "depositTips": null,
            "netWork": "FTM"
        }
    },
    {
        "coin": "TART",
        "name": "TARTARUS",
        "networkDetails": {
            "coin": "TART",
            "depositDesc": "Deposit suspended due to wallet maintenance",
            "depositEnable": false,
            "minConfirm": 100,
            "name": "TARTARUS",
            "network": "Fantom(FTM)",
            "withdrawEnable": false,
            "withdrawFee": "0",
            "withdrawIntegerMultiple": null,
            "withdrawMax": "300000000",
            "withdrawMin": "6000",
            "sameAddress": false,
            "contract": "0xe36AC17Edb23Bdd89D363D152365DF019E3eAF71",
            "withdrawTips": null,
            "depositTips": null,
            "netWork": "FTM"
        }
    },
    {
        "coin": "WTRTL",
        "name": "WTRTL",
        "networkDetails": {
            "coin": "WTRTL",
            "depositDesc": null,
            "depositEnable": false,
            "minConfirm": 100,
            "name": "WTRTL",
            "network": "Fantom(FTM)",
            "withdrawEnable": false,
            "withdrawFee": "0",
            "withdrawIntegerMultiple": null,
            "withdrawMax": "3000000",
            "withdrawMin": "1",
            "sameAddress": false,
            "contract": "0x6a31Aca4d2f7398F04d9B6ffae2D898d9A8e7938",
            "withdrawTips": null,
            "depositTips": null,
            "netWork": "FTM"
        }
    },
    {
        "coin": "SPEEDY",
        "name": "Speedy",
        "networkDetails": {
            "coin": "SPEEDY",
            "depositDesc": "Deposit suspended due to wallet maintenance",
            "depositEnable": false,
            "minConfirm": 100,
            "name": "Speedy",
            "network": "Fantom(FTM)",
            "withdrawEnable": true,
            "withdrawFee": "10000",
            "withdrawIntegerMultiple": null,
            "withdrawMax": "20000000000",
            "withdrawMin": "20000",
            "sameAddress": false,
            "contract": "0x0cE12ae7c899eBF2bcDa7AA570C5af98b6688C95",
            "withdrawTips": null,
            "depositTips": null,
            "netWork": "FTM"
        }
    },
    {
        "coin": "OXD",
        "name": "0xDAO",
        "networkDetails": {
            "coin": "OXD",
            "depositDesc": "Deposit suspended due to on-chain maintenance",
            "depositEnable": false,
            "minConfirm": 100,
            "name": "0xDAO",
            "network": "Fantom(FTM)",
            "withdrawEnable": true,
            "withdrawFee": "0",
            "withdrawIntegerMultiple": null,
            "withdrawMax": "18000000",
            "withdrawMin": "1",
            "sameAddress": false,
            "contract": "0xc165d941481e68696f43ee6e99bfb2b23e0e3114",
            "withdrawTips": null,
            "depositTips": null,
            "netWork": "FTM"
        }
    },
    {
        "coin": "GEIST",
        "name": "Geist Finance",
        "networkDetails": {
            "coin": "GEIST",
            "depositDesc": "Deposit suspended due to wallet maintenance",
            "depositEnable": false,
            "minConfirm": 100,
            "name": "Geist Finance",
            "network": "Fantom(FTM)",
            "withdrawEnable": true,
            "withdrawFee": "0",
            "withdrawIntegerMultiple": null,
            "withdrawMax": "120000",
            "withdrawMin": "2",
            "sameAddress": false,
            "contract": "0xd8321aa83fb0a4ecd6348d4577431310a6e0814d",
            "withdrawTips": null,
            "depositTips": null,
            "netWork": "FTM"
        }
    },
    {
        "coin": "LUMOSOLD",
        "name": "LUMOS",
        "networkDetails": {
            "coin": "LUMOSOLD",
            "depositDesc": null,
            "depositEnable": false,
            "minConfirm": 12,
            "name": "LUMOS",
            "network": "Fantom(FTM)",
            "withdrawEnable": false,
            "withdrawFee": "0",
            "withdrawIntegerMultiple": null,
            "withdrawMax": "22981776669",
            "withdrawMin": "22981776666",
            "sameAddress": false,
            "contract": "0x94fBE860aD699670A2293D194CF1376EF58C014a",
            "withdrawTips": null,
            "depositTips": null,
            "netWork": "FTM"
        }
    }
]