[
    {
        "coin": "FCT2",
        "name": "FirmaChain",
        "networkDetails": {
            "coin": "FCT2",
            "depositDesc": null,
            "depositEnable": true,
            "minConfirm": 30,
            "name": "FirmaChain",
            "network": "FCT",
            "withdrawEnable": true,
            "withdrawFee": "1",
            "withdrawIntegerMultiple": null,
            "withdrawMax": "5000000",
            "withdrawMin": "10",
            "sameAddress": true,
            "contract": "",
            "withdrawTips": null,
            "depositTips": null,
            "netWork": "FCT"
        }
    }
]