[
    {
        "coin": "FIO",
        "name": "FIO Protocol",
        "networkDetails": {
            "coin": "FIO",
            "depositDesc": null,
            "depositEnable": true,
            "minConfirm": 80,
            "name": "FIO Protocol",
            "network": "FIO",
            "withdrawEnable": true,
            "withdrawFee": "10",
            "withdrawIntegerMultiple": null,
            "withdrawMax": "7000000",
            "withdrawMin": "10",
            "sameAddress": false,
            "contract": "",
            "withdrawTips": null,
            "depositTips": "This address only accepts FIO, deposit of any other assets will be lost.",
            "netWork": "FIONEW"
        }
    }
]