[
    {
        "coin": "FOGR",
        "name": "FOGR Computing Chain",
        "networkDetails": {
            "coin": "FOGR",
            "depositDesc": "Deposit is prohibited (forced deposit may result in asset loss)",
            "depositEnable": false,
            "minConfirm": 30,
            "name": "FOGR Computing Chain",
            "network": "FOGR",
            "withdrawEnable": false,
            "withdrawFee": "0.1",
            "withdrawIntegerMultiple": null,
            "withdrawMax": "500000000",
            "withdrawMin": "0.5",
            "sameAddress": false,
            "contract": "",
            "withdrawTips": null,
            "depositTips": null,
            "netWork": "FOGR"
        }
    }
]