[
    {
        "coin": "GODE",
        "name": "Gode Chain",
        "networkDetails": {
            "coin": "GODE",
            "depositDesc": null,
            "depositEnable": true,
            "minConfirm": 30,
            "name": "Gode Chain",
            "network": "GRC20",
            "withdrawEnable": true,
            "withdrawFee": "0.5",
            "withdrawIntegerMultiple": null,
            "withdrawMax": "20000000",
            "withdrawMin": "10",
            "sameAddress": false,
            "contract": "",
            "withdrawTips": null,
            "depositTips": null,
            "netWork": "GODE"
        }
    }
]