[
    {
        "coin": "FILDA",
        "name": "FILDA",
        "networkDetails": {
            "coin": "FILDA",
            "depositDesc": "Deposit suspended due to on-chain maintenance",
            "depositEnable": false,
            "minConfirm": 12,
            "name": "FILDA",
            "network": "HECO",
            "withdrawEnable": false,
            "withdrawFee": "0",
            "withdrawIntegerMultiple": null,
            "withdrawMax": "74000000",
            "withdrawMin": "1",
            "sameAddress": false,
            "contract": "0xe36ffd17b2661eb57144ceaef942d95295e637f0",
            "withdrawTips": null,
            "depositTips": null,
            "netWork": "HT"
        }
    },
    {
        "coin": "TBE",
        "name": "TrustBase",
        "networkDetails": {
            "coin": "TBE",
            "depositDesc": "Deposit suspended due to on-chain maintenance",
            "depositEnable": false,
            "minConfirm": 12,
            "name": "TrustBase",
            "network": "HECO",
            "withdrawEnable": false,
            "withdrawFee": "0",
            "withdrawIntegerMultiple": null,
            "withdrawMax": "3000000",
            "withdrawMin": "160",
            "sameAddress": false,
            "contract": "0x0e0ba709a042618eb0d1ad8109b5f0e7dfb6a6c3",
            "withdrawTips": null,
            "depositTips": null,
            "netWork": "HT"
        }
    },
    {
        "coin": "CAN",
        "name": "Channels",
        "networkDetails": {
            "coin": "CAN",
            "depositDesc": "Deposit suspended due to on-chain maintenance",
            "depositEnable": false,
            "minConfirm": 12,
            "name": "Channels",
            "network": "HECO",
            "withdrawEnable": false,
            "withdrawFee": "800",
            "withdrawIntegerMultiple": null,
            "withdrawMax": "440000000",
            "withdrawMin": "1000",
            "sameAddress": false,
            "contract": "0xd5F9bdc2e6c8EE0484a6293ce7FA97d96a5e1012",
            "withdrawTips": "Current futures address of the token is 0xd5F9bdc2e6c8EE0484a6293ce7FA97d96a5e1012, please confirm before proceeding.",
            "depositTips": "CAN contract address has been changed to 0xd5F9bdc2e6c8EE0484a6293ce7FA97d96a5e1012. Please confirm before depositing.",
            "netWork": "HT"
        }
    },
    {
        "coin": "CIR",
        "name": "Circleswap",
        "networkDetails": {
            "coin": "CIR",
            "depositDesc": "Deposit suspended due to on-chain maintenance",
            "depositEnable": false,
            "minConfirm": 12,
            "name": "Circleswap",
            "network": "HECO",
            "withdrawEnable": false,
            "withdrawFee": "0",
            "withdrawIntegerMultiple": null,
            "withdrawMax": "1000000",
            "withdrawMin": "1",
            "sameAddress": false,
            "contract": "0xbe5DF2fac88BB096A973e664171E60586bC5940c",
            "withdrawTips": null,
            "depositTips": null,
            "netWork": "HT"
        }
    },
    {
        "coin": "TPT",
        "name": "TPT-BSC",
        "networkDetails": {
            "coin": "TPT",
            "depositDesc": "Deposit suspended due to on-chain maintenance",
            "depositEnable": false,
            "minConfirm": 12,
            "name": "Token Pocket",
            "network": "HECO",
            "withdrawEnable": false,
            "withdrawFee": "0.5",
            "withdrawIntegerMultiple": null,
            "withdrawMax": "27280858.682",
            "withdrawMin": "10",
            "sameAddress": false,
            "contract": "0x9ef1918a9bee17054b35108bd3e2665e2af1bb1b",
            "withdrawTips": null,
            "depositTips": null,
            "netWork": "HT"
        }
    },
    {
        "coin": "HETH",
        "name": "HETH",
        "networkDetails": {
            "coin": "HETH",
            "depositDesc": "Deposit suspended due to on-chain maintenance",
            "depositEnable": false,
            "minConfirm": 12,
            "name": "HETH",
            "network": "HECO",
            "withdrawEnable": false,
            "withdrawFee": "0",
            "withdrawIntegerMultiple": null,
            "withdrawMax": "10000",
            "withdrawMin": "0.01",
            "sameAddress": false,
            "contract": "0x64ff637fb478863b7468bc97d30a5bf3a428a1fd",
            "withdrawTips": null,
            "depositTips": null,
            "netWork": "HT"
        }
    },
    {
        "coin": "DFT",
        "name": "dFuture",
        "networkDetails": {
            "coin": "DFT",
            "depositDesc": "Deposit suspended due to on-chain maintenance",
            "depositEnable": false,
            "minConfirm": 12,
            "name": "dFuture",
            "network": "HECO",
            "withdrawEnable": false,
            "withdrawFee": "1",
            "withdrawIntegerMultiple": null,
            "withdrawMax": "150000",
            "withdrawMin": "2",
            "sameAddress": false,
            "contract": "0x42712df5009c20fee340b245b510c0395896cf6e",
            "withdrawTips": "Pls deposit DFT in HECO chain instead of ETH or BSC chain.",
            "depositTips": "Pls deposit DFT in HECO chain instead of ETH or BSC chain.",
            "netWork": "HT"
        }
    },
    {
        "coin": "HT",
        "name": "HT-HECO",
        "networkDetails": {
            "coin": "HT",
            "depositDesc": "Deposit suspended due to on-chain maintenance",
            "depositEnable": false,
            "minConfirm": 12,
            "name": "HT-HECO",
            "network": "HECO",
            "withdrawEnable": false,
            "withdrawFee": "0",
            "withdrawIntegerMultiple": null,
            "withdrawMax": "80000",
            "withdrawMin": "2",
            "sameAddress": false,
            "contract": "",
            "withdrawTips": null,
            "depositTips": null,
            "netWork": "HT"
        }
    },
    {
        "coin": "O3",
        "name": "O3 Swap Token",
        "networkDetails": {
            "coin": "O3",
            "depositDesc": "Deposit suspended due to on-chain maintenance",
            "depositEnable": false,
            "minConfirm": 12,
            "name": "O3 Swap Token",
            "network": "HECO",
            "withdrawEnable": false,
            "withdrawFee": "1",
            "withdrawIntegerMultiple": null,
            "withdrawMax": "200000",
            "withdrawMin": "8",
            "sameAddress": false,
            "contract": "0xee9801669c6138e84bd50deb500827b776777d28",
            "withdrawTips": null,
            "depositTips": null,
            "netWork": "HT"
        }
    },
    {
        "coin": "HFIL",
        "name": "HFIL",
        "networkDetails": {
            "coin": "HFIL",
            "depositDesc": "Deposit suspended due to on-chain maintenance",
            "depositEnable": false,
            "minConfirm": 12,
            "name": "HFIL",
            "network": "HECO",
            "withdrawEnable": false,
            "withdrawFee": "0",
            "withdrawIntegerMultiple": null,
            "withdrawMax": "10000",
            "withdrawMin": "0.1",
            "sameAddress": false,
            "contract": "0xae3a768f9ab104c69a7cd6041fe16ffa235d1810",
            "withdrawTips": null,
            "depositTips": null,
            "netWork": "HT"
        }
    },
    {
        "coin": "WAR",
        "name": "WAR-BSC",
        "networkDetails": {
            "coin": "WAR",
            "depositDesc": "Deposit suspended due to on-chain maintenance",
            "depositEnable": false,
            "minConfirm": 12,
            "name": "WAR",
            "network": "HECO",
            "withdrawEnable": false,
            "withdrawFee": "0",
            "withdrawIntegerMultiple": null,
            "withdrawMax": "22000000",
            "withdrawMin": "1",
            "sameAddress": false,
            "contract": "0x910651F81a605a6Ef35d05527d24A72fecef8bF0",
            "withdrawTips": null,
            "depositTips": null,
            "netWork": "HT"
        }
    },
    {
        "coin": "FEI",
        "name": "FEI-HECO",
        "networkDetails": {
            "coin": "FEI",
            "depositDesc": "Deposit suspended due to on-chain maintenance",
            "depositEnable": false,
            "minConfirm": 12,
            "name": "FEI-HECO",
            "network": "HECO",
            "withdrawEnable": false,
            "withdrawFee": "0",
            "withdrawIntegerMultiple": null,
            "withdrawMax": "3000000",
            "withdrawMin": "1",
            "sameAddress": false,
            "contract": "0x485cdBFF08A4F91a16689E73893a11ae8B76af6D",
            "withdrawTips": null,
            "depositTips": null,
            "netWork": "HT"
        }
    },
    {
        "coin": "WHT",
        "name": "WHT",
        "networkDetails": {
            "coin": "WHT",
            "depositDesc": "Deposit suspended due to on-chain maintenance",
            "depositEnable": false,
            "minConfirm": 12,
            "name": "WHT",
            "network": "HECO",
            "withdrawEnable": false,
            "withdrawFee": "0",
            "withdrawIntegerMultiple": null,
            "withdrawMax": "100000",
            "withdrawMin": "1",
            "sameAddress": false,
            "contract": "0x5545153ccfca01fbd7dd11c0b23ba694d9509a6f",
            "withdrawTips": null,
            "depositTips": null,
            "netWork": "HT"
        }
    },
    {
        "coin": "HXTZ",
        "name": "HXTZ",
        "networkDetails": {
            "coin": "HXTZ",
            "depositDesc": "Deposit suspended due to on-chain maintenance",
            "depositEnable": false,
            "minConfirm": 12,
            "name": "HXTZ",
            "network": "HECO",
            "withdrawEnable": false,
            "withdrawFee": "0.001",
            "withdrawIntegerMultiple": null,
            "withdrawMax": "100000",
            "withdrawMin": "0.1",
            "sameAddress": false,
            "contract": "0x45e97dad828ad735af1df0473fc2735f0fd5330c",
            "withdrawTips": null,
            "depositTips": null,
            "netWork": "HT"
        }
    },
    {
        "coin": "XFIN",
        "name": "XFIN-HECO",
        "networkDetails": {
            "coin": "XFIN",
            "depositDesc": "Deposit suspended due to on-chain maintenance",
            "depositEnable": false,
            "minConfirm": 12,
            "name": "XFIN-HECO",
            "network": "HECO",
            "withdrawEnable": false,
            "withdrawFee": "0",
            "withdrawIntegerMultiple": null,
            "withdrawMax": "10000000",
            "withdrawMin": "1",
            "sameAddress": false,
            "contract": "0x2138E6B1Fa4E34279E430504D3e196E300Cf352E",
            "withdrawTips": null,
            "depositTips": null,
            "netWork": "HT"
        }
    },
    {
        "coin": "TRIBE",
        "name": "TRIBE-HECO",
        "networkDetails": {
            "coin": "TRIBE",
            "depositDesc": "Deposit suspended due to on-chain maintenance",
            "depositEnable": false,
            "minConfirm": 12,
            "name": "TRIBE-HECO",
            "network": "HECO",
            "withdrawEnable": false,
            "withdrawFee": "2",
            "withdrawIntegerMultiple": null,
            "withdrawMax": "1000000",
            "withdrawMin": "4",
            "sameAddress": false,
            "contract": "0x38999Fa3a7320bD2c3609BF0f8cB5CD4C11D3Fe1",
            "withdrawTips": null,
            "depositTips": null,
            "netWork": "HT"
        }
    },
    {
        "coin": "GOF",
        "name": "Golff",
        "networkDetails": {
            "coin": "GOF",
            "depositDesc": "Deposit suspended due to on-chain maintenance",
            "depositEnable": false,
            "minConfirm": 12,
            "name": "Golff",
            "network": "HECO",
            "withdrawEnable": false,
            "withdrawFee": "0",
            "withdrawIntegerMultiple": null,
            "withdrawMax": "12000000",
            "withdrawMin": "1",
            "sameAddress": false,
            "contract": "0x2aafe3c9118db36a20dd4a942b6ff3e78981dce1",
            "withdrawTips": null,
            "depositTips": null,
            "netWork": "HT"
        }
    },
    {
        "coin": "YFX",
        "name": "YFX-TRX",
        "networkDetails": {
            "coin": "YFX",
            "depositDesc": "Deposit suspended due to on-chain maintenance",
            "depositEnable": false,
            "minConfirm": 12,
            "name": "YFX",
            "network": "HECO",
            "withdrawEnable": false,
            "withdrawFee": "3",
            "withdrawIntegerMultiple": null,
            "withdrawMax": "6000000",
            "withdrawMin": "6",
            "sameAddress": false,
            "contract": "0xf55a93b613d172b86c2ba3981a849dae2aecde2f",
            "withdrawTips": null,
            "depositTips": null,
            "netWork": "HT"
        }
    },
    {
        "coin": "HPT",
        "name": "Huobi Pool Token",
        "networkDetails": {
            "coin": "HPT",
            "depositDesc": "Deposit suspended due to on-chain maintenance",
            "depositEnable": false,
            "minConfirm": 12,
            "name": "Huobi Pool Token",
            "network": "HECO",
            "withdrawEnable": false,
            "withdrawFee": "10",
            "withdrawIntegerMultiple": null,
            "withdrawMax": "50000000",
            "withdrawMin": "200",
            "sameAddress": false,
            "contract": "0xe499ef4616993730ced0f31fa2703b92b50bb536",
            "withdrawTips": null,
            "depositTips": null,
            "netWork": "HT"
        }
    },
    {
        "coin": "MIMO",
        "name": "Mimosa",
        "networkDetails": {
            "coin": "MIMO",
            "depositDesc": "Deposit suspended due to on-chain maintenance",
            "depositEnable": false,
            "minConfirm": 12,
            "name": "Mimosa",
            "network": "HECO",
            "withdrawEnable": false,
            "withdrawFee": "0",
            "withdrawIntegerMultiple": null,
            "withdrawMax": "1000000",
            "withdrawMin": "2",
            "sameAddress": false,
            "contract": "0x1c65be80daf69e9c54cf23f8273f251e607e56a7",
            "withdrawTips": "There will be an additional 5% fee for each transfer of MIMO to the official smart futures, please confirm before proceeding.",
            "depositTips": "Each MIMO transfer will be charged an additional 5% fee by the official smart contract. Please confirm before depositing.",
            "netWork": "HT"
        }
    },
    {
        "coin": "RICE",
        "name": "RICE",
        "networkDetails": {
            "coin": "RICE",
            "depositDesc": "Deposit suspended due to on-chain maintenance",
            "depositEnable": false,
            "minConfirm": 12,
            "name": "RICE",
            "network": "HECO",
            "withdrawEnable": false,
            "withdrawFee": "0",
            "withdrawIntegerMultiple": null,
            "withdrawMax": "11000000",
            "withdrawMin": "10",
            "sameAddress": false,
            "contract": "0xc1a782f5ad0404750a5f7e78c5bad46f4928406c",
            "withdrawTips": null,
            "depositTips": null,
            "netWork": "HT"
        }
    },
    {
        "coin": "HLTC",
        "name": "HLTC",
        "networkDetails": {
            "coin": "HLTC",
            "depositDesc": "Deposit suspended due to on-chain maintenance",
            "depositEnable": false,
            "minConfirm": 12,
            "name": "HLTC",
            "network": "HECO",
            "withdrawEnable": false,
            "withdrawFee": "0.001",
            "withdrawIntegerMultiple": null,
            "withdrawMax": "10000",
            "withdrawMin": "0.1",
            "sameAddress": false,
            "contract": "0xecb56cf772b5c9a6907fb7d32387da2fcbfb63b4",
            "withdrawTips": null,
            "depositTips": null,
            "netWork": "HT"
        }
    },
    {
        "coin": "LHB",
        "name": "LendHub",
        "networkDetails": {
            "coin": "LHB",
            "depositDesc": "Deposit suspended due to on-chain maintenance",
            "depositEnable": false,
            "minConfirm": 12,
            "name": "LendHub",
            "network": "HECO",
            "withdrawEnable": false,
            "withdrawFee": "0",
            "withdrawIntegerMultiple": null,
            "withdrawMax": "400000000",
            "withdrawMin": "10",
            "sameAddress": false,
            "contract": "0x8f67854497218043e1f72908ffe38d0ed7f24721",
            "withdrawTips": null,
            "depositTips": null,
            "netWork": "HT"
        }
    },
    {
        "coin": "MDX",
        "name": "MDXToken",
        "networkDetails": {
            "coin": "MDX",
            "depositDesc": "Deposit suspended due to on-chain maintenance",
            "depositEnable": false,
            "minConfirm": 12,
            "name": "MDXToken",
            "network": "HECO",
            "withdrawEnable": false,
            "withdrawFee": "4",
            "withdrawIntegerMultiple": null,
            "withdrawMax": "3000000",
            "withdrawMin": "10",
            "sameAddress": false,
            "contract": "0x25d2e80cb6b86881fd7e07dd263fb79f4abe033c",
            "withdrawTips": null,
            "depositTips": null,
            "netWork": "HT"
        }
    },
    {
        "coin": "SOVI",
        "name": "SoviToken",
        "networkDetails": {
            "coin": "SOVI",
            "depositDesc": "Deposit suspended due to on-chain maintenance",
            "depositEnable": false,
            "minConfirm": 12,
            "name": "SoviToken",
            "network": "HECO",
            "withdrawEnable": false,
            "withdrawFee": "0",
            "withdrawIntegerMultiple": null,
            "withdrawMax": "5000000",
            "withdrawMin": "0.2",
            "sameAddress": false,
            "contract": "0x49e16563a2ba84e560780946f0fb73a8b32c841e",
            "withdrawTips": null,
            "depositTips": null,
            "netWork": "HT"
        }
    },
    {
        "coin": "VEEOLD",
        "name": "Vee Finance",
        "networkDetails": {
            "coin": "VEEOLD",
            "depositDesc": "Deposit suspended due to on-chain maintenance",
            "depositEnable": false,
            "minConfirm": 12,
            "name": "Vee Finance",
            "network": "HECO",
            "withdrawEnable": false,
            "withdrawFee": "180",
            "withdrawIntegerMultiple": null,
            "withdrawMax": "1500000000",
            "withdrawMin": "360",
            "sameAddress": false,
            "contract": "0x3709E8615E02C15B096f8a9B460ccb8cA8194e86",
            "withdrawTips": null,
            "depositTips": null,
            "netWork": "HT"
        }
    },
    {
        "coin": "HBSV",
        "name": "HBSV",
        "networkDetails": {
            "coin": "HBSV",
            "depositDesc": "Deposit suspended due to on-chain maintenance",
            "depositEnable": false,
            "minConfirm": 12,
            "name": "HBSV",
            "network": "HECO",
            "withdrawEnable": false,
            "withdrawFee": "0.01",
            "withdrawIntegerMultiple": null,
            "withdrawMax": "100000",
            "withdrawMin": "0.1",
            "sameAddress": false,
            "contract": "0xc2cb6b5357ccce1b99cd22232942d9a225ea4eb1",
            "withdrawTips": null,
            "depositTips": null,
            "netWork": "HT"
        }
    },
    {
        "coin": "BAGOLD",
        "name": "BasisGold",
        "networkDetails": {
            "coin": "BAGOLD",
            "depositDesc": "Deposit suspended due to on-chain maintenance",
            "depositEnable": false,
            "minConfirm": 12,
            "name": "BasisGold",
            "network": "HECO",
            "withdrawEnable": false,
            "withdrawFee": "0",
            "withdrawIntegerMultiple": null,
            "withdrawMax": "20000000",
            "withdrawMin": "20",
            "sameAddress": false,
            "contract": "0xa042fb0e60125a4022670014ac121931e7501af4",
            "withdrawTips": null,
            "depositTips": null,
            "netWork": "HT"
        }
    },
    {
        "coin": "BAGS",
        "name": "BasisGold",
        "networkDetails": {
            "coin": "BAGS",
            "depositDesc": "Deposit suspended due to on-chain maintenance",
            "depositEnable": false,
            "minConfirm": 12,
            "name": "BasisGold",
            "network": "HECO",
            "withdrawEnable": false,
            "withdrawFee": "0",
            "withdrawIntegerMultiple": null,
            "withdrawMax": "100000",
            "withdrawMin": "0.1",
            "sameAddress": false,
            "contract": "0x6868d406a125eb30886a6dd6b651d81677d1f22c",
            "withdrawTips": null,
            "depositTips": null,
            "netWork": "HT"
        }
    },
    {
        "coin": "MAKI",
        "name": "MakiSwap",
        "networkDetails": {
            "coin": "MAKI",
            "depositDesc": "Deposit suspended due to on-chain maintenance",
            "depositEnable": false,
            "minConfirm": 12,
            "name": "MakiSwap",
            "network": "HECO",
            "withdrawEnable": false,
            "withdrawFee": "0",
            "withdrawIntegerMultiple": null,
            "withdrawMax": "200000000",
            "withdrawMin": "1",
            "sameAddress": false,
            "contract": "0x5fad6fbba4bba686ba9b8052cf0bd51699f38b93",
            "withdrawTips": null,
            "depositTips": null,
            "netWork": "HT"
        }
    }
]