[
    {
        "coin": "HPX",
        "name": "HUPAYX",
        "networkDetails": {
            "coin": "HPX",
            "depositDesc": null,
            "depositEnable": false,
            "minConfirm": 50,
            "name": "HUPAYX",
            "network": "HPX",
            "withdrawEnable": false,
            "withdrawFee": "1",
            "withdrawIntegerMultiple": null,
            "withdrawMax": "13000000",
            "withdrawMin": "10",
            "sameAddress": true,
            "contract": "",
            "withdrawTips": null,
            "depositTips": null,
            "netWork": "HPX"
        }
    }
]