[
    {
        "coin": "ICBX",
        "name": "ICB Network",
        "networkDetails": {
            "coin": "ICBX",
            "depositDesc": null,
            "depositEnable": true,
            "minConfirm": 30,
            "name": "ICB Network",
            "network": "ICBX",
            "withdrawEnable": true,
            "withdrawFee": "550",
            "withdrawIntegerMultiple": null,
            "withdrawMax": "1000000000",
            "withdrawMin": "1000",
            "sameAddress": false,
            "contract": "",
            "withdrawTips": null,
            "depositTips": null,
            "netWork": "ICBX"
        }
    }
]