[
    {
        "coin": "INI",
        "name": "INI",
        "networkDetails": {
            "coin": "INI",
            "depositDesc": null,
            "depositEnable": true,
            "minConfirm": 30,
            "name": "INI",
            "network": "INICHAIN",
            "withdrawEnable": true,
            "withdrawFee": "5",
            "withdrawIntegerMultiple": null,
            "withdrawMax": "5000000",
            "withdrawMin": "10",
            "sameAddress": false,
            "contract": "",
            "withdrawTips": null,
            "depositTips": null,
            "netWork": "INICHAIN"
        }
    }
]