[
    {
        "coin": "VARCH",
        "name": "varch",
        "networkDetails": {
            "coin": "VARCH",
            "depositDesc": "Deposit is prohibited (forced deposit may result in asset loss)",
            "depositEnable": false,
            "minConfirm": 10,
            "name": "varch",
            "network": "INVARCH",
            "withdrawEnable": true,
            "withdrawFee": "100",
            "withdrawIntegerMultiple": null,
            "withdrawMax": "100000000",
            "withdrawMin": "200",
            "sameAddress": false,
            "contract": "",
            "withdrawTips": null,
            "depositTips": null,
            "netWork": "INVARCH"
        }
    }
]