[
    {
        "coin": "JOC",
        "name": "Japan Open Chain",
        "networkDetails": {
            "coin": "JOC",
            "depositDesc": null,
            "depositEnable": true,
            "minConfirm": 30,
            "name": "Japan Open Chain",
            "network": "JOC",
            "withdrawEnable": true,
            "withdrawFee": "1",
            "withdrawIntegerMultiple": null,
            "withdrawMax": "1000000",
            "withdrawMin": "2",
            "sameAddress": false,
            "contract": "",
            "withdrawTips": null,
            "depositTips": null,
            "netWork": "JOC"
        }
    }
]