[
    {
        "coin": "DICE",
        "name": "KlayDice",
        "networkDetails": {
            "coin": "DICE",
            "depositDesc": null,
            "depositEnable": true,
            "minConfirm": 120,
            "name": "KlayDice",
            "network": "Kaia (KAIA)",
            "withdrawEnable": true,
            "withdrawFee": "10",
            "withdrawIntegerMultiple": null,
            "withdrawMax": "7000000",
            "withdrawMin": "50",
            "sameAddress": false,
            "contract": "0x089ebd525949ee505a48eb14eecba653bc8d1b97",
            "withdrawTips": null,
            "depositTips": null,
            "netWork": "KLAY"
        }
    },
    {
        "coin": "STOOS",
        "name": "STO Chain",
        "networkDetails": {
            "coin": "STOOS",
            "depositDesc": null,
            "depositEnable": false,
            "minConfirm": 120,
            "name": "STO Chain",
            "network": "Kaia (KAIA)",
            "withdrawEnable": false,
            "withdrawFee": "0.4",
            "withdrawIntegerMultiple": null,
            "withdrawMax": "400000",
            "withdrawMin": "1",
            "sameAddress": false,
            "contract": "0x15512e654ddc92273dceac1399e09c7fb9def476",
            "withdrawTips": null,
            "depositTips": "The token name of STO Chain (STO) is STOOS in MEXC; The last digits of the token's contract address are def476, please make sure they're correct before taking action.",
            "netWork": "KLAY"
        }
    },
    {
        "coin": "TOKKI",
        "name": "CRYPTOKKI",
        "networkDetails": {
            "coin": "TOKKI",
            "depositDesc": "Deposit is prohibited (forced deposit may result in asset loss)",
            "depositEnable": false,
            "minConfirm": 500,
            "name": "CRYPTOKKI",
            "network": "Kaia (KAIA)",
            "withdrawEnable": true,
            "withdrawFee": "0",
            "withdrawIntegerMultiple": null,
            "withdrawMax": "6000000",
            "withdrawMin": "1.2",
            "sameAddress": false,
            "contract": "0x6a6184283af9f62da739f8b309c5fca61e2f1400",
            "withdrawTips": null,
            "depositTips": null,
            "netWork": "KLAY"
        }
    },
    {
        "coin": "SELO",
        "name": "Selo",
        "networkDetails": {
            "coin": "SELO",
            "depositDesc": null,
            "depositEnable": true,
            "minConfirm": 120,
            "name": "Selo",
            "network": "Kaia (KAIA)",
            "withdrawEnable": true,
            "withdrawFee": "5.714285",
            "withdrawIntegerMultiple": null,
            "withdrawMax": "100000000",
            "withdrawMin": "11.42857",
            "sameAddress": false,
            "contract": "0x342633c4a7f91094096e15b513f039af52e960d9",
            "withdrawTips": null,
            "depositTips": null,
            "netWork": "KLAY"
        }
    },
    {
        "coin": "LAIR",
        "name": "Lair Finance",
        "networkDetails": {
            "coin": "LAIR",
            "depositDesc": null,
            "depositEnable": true,
            "minConfirm": 120,
            "name": "Lair Finance",
            "network": "Kaia (KAIA)",
            "withdrawEnable": true,
            "withdrawFee": "8",
            "withdrawIntegerMultiple": null,
            "withdrawMax": "10000000",
            "withdrawMin": "20",
            "sameAddress": false,
            "contract": "0xD70C7D511560493C79DF607076fB863f5c8A50b0",
            "withdrawTips": null,
            "depositTips": null,
            "netWork": "KLAY"
        }
    },
    {
        "coin": "WALK",
        "name": "Walk Token",
        "networkDetails": {
            "coin": "WALK",
            "depositDesc": null,
            "depositEnable": true,
            "minConfirm": 120,
            "name": "Walk Token",
            "network": "Kaia (KAIA)",
            "withdrawEnable": true,
            "withdrawFee": "0.25",
            "withdrawIntegerMultiple": null,
            "withdrawMax": "5000000",
            "withdrawMin": "1",
            "sameAddress": false,
            "contract": "0x976232eb7eb92287ff06c5d145bd0d1c033eca58",
            "withdrawTips": null,
            "depositTips": null,
            "netWork": "KLAY"
        }
    },
    {
        "coin": "PS",
        "name": "PropertySystem",
        "networkDetails": {
            "coin": "PS",
            "depositDesc": null,
            "depositEnable": true,
            "minConfirm": 120,
            "name": "PropertySystem",
            "network": "Kaia (KAIA)",
            "withdrawEnable": true,
            "withdrawFee": "1",
            "withdrawIntegerMultiple": null,
            "withdrawMax": "250000",
            "withdrawMin": "2",
            "sameAddress": false,
            "contract": "0x5291f79a536d029c12f609d0629b243d0c934772",
            "withdrawTips": null,
            "depositTips": null,
            "netWork": "KLAY"
        }
    },
    {
        "coin": "GTCOIN",
        "name": "Game tree Coin",
        "networkDetails": {
            "coin": "GTCOIN",
            "depositDesc": "Deposit suspended due to wallet maintenance",
            "depositEnable": false,
            "minConfirm": 120,
            "name": "Game tree Coin",
            "network": "Kaia (KAIA)",
            "withdrawEnable": true,
            "withdrawFee": "3",
            "withdrawIntegerMultiple": null,
            "withdrawMax": "2500000",
            "withdrawMin": "10",
            "sameAddress": false,
            "contract": "0xa17a000e0c251b429ca0485e1d0d4503881e7bb6",
            "withdrawTips": "The last digits of the token's contract address are 7bb6, please make sure they're correct before taking action.",
            "depositTips": "The last digits of the token's contract address are 7bb6, please make sure they're correct before taking action.",
            "netWork": "KLAY"
        }
    },
    {
        "coin": "FNF",
        "name": "Fanffle Token",
        "networkDetails": {
            "coin": "FNF",
            "depositDesc": "Deposit is prohibited (forced deposit may result in asset loss)",
            "depositEnable": false,
            "minConfirm": 500,
            "name": "Fanffle Token",
            "network": "Kaia (KAIA)",
            "withdrawEnable": true,
            "withdrawFee": "150",
            "withdrawIntegerMultiple": null,
            "withdrawMax": "3000000000",
            "withdrawMin": "200",
            "sameAddress": false,
            "contract": "0xbf4985c2de8d64639a39f6537e910be6a14f89da",
            "withdrawTips": "The token name of Fanffle Token (FNF) is FNF in MEXC Global; Current contract address: 0xbf4985c2de8d64639a39f6537e910be6a14f89da, please confirm before proceeding.",
            "depositTips": "The ticker of Fanffle Token (FNF) is FNF on MEXC. The current contract address is 0xbf4985c2de8d64639a39f6537e910be6a14f89da. Please double-check the address before making deposits.",
            "netWork": "KLAY"
        }
    },
    {
        "coin": "DOMIN",
        "name": "Domin Network",
        "networkDetails": {
            "coin": "DOMIN",
            "depositDesc": null,
            "depositEnable": true,
            "minConfirm": 120,
            "name": "Domin Network",
            "network": "Kaia (KAIA)",
            "withdrawEnable": true,
            "withdrawFee": "40",
            "withdrawIntegerMultiple": null,
            "withdrawMax": "20000000",
            "withdrawMin": "100",
            "sameAddress": false,
            "contract": "0x0d9df6ae3d1bb688a9e07b66e9682f32cca7eae2",
            "withdrawTips": null,
            "depositTips": null,
            "netWork": "KLAY"
        }
    },
    {
        "coin": "KAIA",
        "name": "Kaia",
        "networkDetails": {
            "coin": "KAIA",
            "depositDesc": null,
            "depositEnable": true,
            "minConfirm": 120,
            "name": "Kaia",
            "network": "Kaia (KAIA)",
            "withdrawEnable": true,
            "withdrawFee": "0.5",
            "withdrawIntegerMultiple": null,
            "withdrawMax": "1200000",
            "withdrawMin": "10",
            "sameAddress": false,
            "contract": "",
            "withdrawTips": null,
            "depositTips": null,
            "netWork": "KLAY"
        }
    },
    {
        "coin": "GHUB",
        "name": "GemHUB",
        "networkDetails": {
            "coin": "GHUB",
            "depositDesc": null,
            "depositEnable": true,
            "minConfirm": 120,
            "name": "GemHUB",
            "network": "Kaia (KAIA)",
            "withdrawEnable": true,
            "withdrawFee": "10",
            "withdrawIntegerMultiple": null,
            "withdrawMax": "2000000",
            "withdrawMin": "20",
            "sameAddress": false,
            "contract": "0x4836cc1f355bb2a61c210eaa0cd3f729160cd95e",
            "withdrawTips": null,
            "depositTips": null,
            "netWork": "KLAY"
        }
    },
    {
        "coin": "JOY",
        "name": "Drawshop Kingdom R",
        "networkDetails": {
            "coin": "JOY",
            "depositDesc": "Deposit is prohibited (forced deposit may result in asset loss)",
            "depositEnable": false,
            "minConfirm": 500,
            "name": "Drawshop Kingdom R",
            "network": "Kaia (KAIA)",
            "withdrawEnable": true,
            "withdrawFee": "500",
            "withdrawIntegerMultiple": null,
            "withdrawMax": "1000000000",
            "withdrawMin": "1000",
            "sameAddress": false,
            "contract": "0xec47f42260438666cc88ce6ef770283f2d19d39b",
            "withdrawTips": "The token name of Drawshop Kingdom Reverse (JOY) is JOY in MEXC Global; The last digits of the token's contract address are d39b, please make sure they're correct before taking action.",
            "depositTips": "The token name of Drawshop Kingdom Reverse (JOY) is JOY in MEXC Global; The last digits of the token's contract address are d39b, please make sure they're correct before taking action.",
            "netWork": "KLAY"
        }
    },
    {
        "coin": "USDT",
        "name": "USDT",
        "networkDetails": {
            "coin": "USDT",
            "depositDesc": null,
            "depositEnable": true,
            "minConfirm": 120,
            "name": "USDT",
            "network": "Kaia (KAIA)",
            "withdrawEnable": true,
            "withdrawFee": "1",
            "withdrawIntegerMultiple": null,
            "withdrawMax": "1000000",
            "withdrawMin": "2",
            "sameAddress": false,
            "contract": "0xd077a400968890eacc75cdc901f0356c943e4fdb",
            "withdrawTips": null,
            "depositTips": null,
            "netWork": "KLAY"
        }
    },
    {
        "coin": "LF1",
        "name": "Logistic Fundamental",
        "networkDetails": {
            "coin": "LF1",
            "depositDesc": null,
            "depositEnable": true,
            "minConfirm": 120,
            "name": "Logistic Fundamental",
            "network": "Kaia (KAIA)",
            "withdrawEnable": true,
            "withdrawFee": "0.1",
            "withdrawIntegerMultiple": null,
            "withdrawMax": "25000000",
            "withdrawMin": "0.2",
            "sameAddress": false,
            "contract": "0x30a5911f65ddc2ec9b1dd91e06539c8447527d60",
            "withdrawTips": null,
            "depositTips": "The token name of Logistic Fundamental (LF) is LF1 in MEXC; The last digits of the token's contract address are 7d60, please make sure they're correct before taking action.",
            "netWork": "KLAY"
        }
    },
    {
        "coin": "AZIT",
        "name": "Azit",
        "networkDetails": {
            "coin": "AZIT",
            "depositDesc": null,
            "depositEnable": true,
            "minConfirm": 120,
            "name": "Azit",
            "network": "Kaia (KAIA)",
            "withdrawEnable": true,
            "withdrawFee": "9",
            "withdrawIntegerMultiple": null,
            "withdrawMax": "1400000",
            "withdrawMin": "20",
            "sameAddress": false,
            "contract": "0x6cef6dd9a3c4ad226b8b66effeea2c125df194f1",
            "withdrawTips": null,
            "depositTips": null,
            "netWork": "KLAY"
        }
    },
    {
        "coin": "MBX",
        "name": "MARBLEX",
        "networkDetails": {
            "coin": "MBX",
            "depositDesc": null,
            "depositEnable": true,
            "minConfirm": 120,
            "name": "MARBLEX",
            "network": "Kaia (KAIA)",
            "withdrawEnable": true,
            "withdrawFee": "1",
            "withdrawIntegerMultiple": null,
            "withdrawMax": "180000",
            "withdrawMin": "1.2",
            "sameAddress": false,
            "contract": "0xd068c52d81f4409b9502da926ace3301cc41f623",
            "withdrawTips": null,
            "depositTips": null,
            "netWork": "KLAY"
        }
    },
    {
        "coin": "MSB",
        "name": "Misbloc",
        "networkDetails": {
            "coin": "MSB",
            "depositDesc": null,
            "depositEnable": true,
            "minConfirm": 120,
            "name": "Misbloc",
            "network": "Kaia (KAIA)",
            "withdrawEnable": true,
            "withdrawFee": "12",
            "withdrawIntegerMultiple": null,
            "withdrawMax": "280000000",
            "withdrawMin": "20",
            "sameAddress": false,
            "contract": "0x462d020301b7f496777cb958f420d8bccfb66f93",
            "withdrawTips": null,
            "depositTips": null,
            "netWork": "KLAY"
        }
    },
    {
        "coin": "NPT",
        "name": "NEOPIN Token",
        "networkDetails": {
            "coin": "NPT",
            "depositDesc": "Deposit is prohibited (forced deposit may result in asset loss)",
            "depositEnable": false,
            "minConfirm": 500,
            "name": "NEOPIN Token",
            "network": "Kaia (KAIA)",
            "withdrawEnable": false,
            "withdrawFee": "0",
            "withdrawIntegerMultiple": null,
            "withdrawMax": "1627273",
            "withdrawMin": "1627270",
            "sameAddress": false,
            "contract": "0xe06597d02a2c3aa7a9708de2cfa587b128bd3815",
            "withdrawTips": null,
            "depositTips": null,
            "netWork": "KLAY"
        }
    },
    {
        "coin": "BOMB",
        "name": "Bombie",
        "networkDetails": {
            "coin": "BOMB",
            "depositDesc": null,
            "depositEnable": true,
            "minConfirm": 120,
            "name": "Bombie",
            "network": "Kaia (KAIA)",
            "withdrawEnable": false,
            "withdrawFee": "120",
            "withdrawIntegerMultiple": null,
            "withdrawMax": "100000000",
            "withdrawMin": "500",
            "sameAddress": false,
            "contract": "0x0ba2ba407e80bcb8a314649d9bc12efeecc81519",
            "withdrawTips": null,
            "depositTips": null,
            "netWork": "KLAY"
        }
    },
    {
        "coin": "PIB",
        "name": "PIBBLE",
        "networkDetails": {
            "coin": "PIB",
            "depositDesc": null,
            "depositEnable": true,
            "minConfirm": 120,
            "name": "PIBBLE",
            "network": "Kaia (KAIA)",
            "withdrawEnable": true,
            "withdrawFee": "1300",
            "withdrawIntegerMultiple": null,
            "withdrawMax": "860000000",
            "withdrawMin": "4000",
            "sameAddress": false,
            "contract": "0xafde910130c335fa5bd5fe991053e3e0a49dce7b",
            "withdrawTips": null,
            "depositTips": null,
            "netWork": "KLAY"
        }
    },
    {
        "coin": "KLEVA",
        "name": "Kleva",
        "networkDetails": {
            "coin": "KLEVA",
            "depositDesc": null,
            "depositEnable": true,
            "minConfirm": 120,
            "name": "Kleva",
            "network": "Kaia (KAIA)",
            "withdrawEnable": true,
            "withdrawFee": "3.5",
            "withdrawIntegerMultiple": null,
            "withdrawMax": "2000000",
            "withdrawMin": "10",
            "sameAddress": false,
            "contract": "0x5fff3a6c16c2208103f318f4713d4d90601a7313",
            "withdrawTips": null,
            "depositTips": null,
            "netWork": "KLAY"
        }
    },
    {
        "coin": "YULI",
        "name": "Yuliverse",
        "networkDetails": {
            "coin": "YULI",
            "depositDesc": null,
            "depositEnable": true,
            "minConfirm": 120,
            "name": "Yuliverse",
            "network": "Kaia (KAIA)",
            "withdrawEnable": true,
            "withdrawFee": "120",
            "withdrawIntegerMultiple": null,
            "withdrawMax": "50000000",
            "withdrawMin": "300",
            "sameAddress": false,
            "contract": "0x91bcba699222fe2c14ae90e51943a40e59050f79",
            "withdrawTips": null,
            "depositTips": null,
            "netWork": "KLAY"
        }
    }
]