[
    {
        "coin": "KAR",
        "name": "KARURA",
        "networkDetails": {
            "coin": "KAR",
            "depositDesc": null,
            "depositEnable": true,
            "minConfirm": 12,
            "name": "KARURA",
            "network": "KAR",
            "withdrawEnable": true,
            "withdrawFee": "0.1",
            "withdrawIntegerMultiple": null,
            "withdrawMax": "1000000",
            "withdrawMin": "2",
            "sameAddress": false,
            "contract": "",
            "withdrawTips": null,
            "depositTips": null,
            "netWork": "KAR"
        }
    }
]