[
    {
        "coin": "KILTOLD",
        "name": "KILT",
        "networkDetails": {
            "coin": "KILTOLD",
            "depositDesc": "Deposit suspended as project upgrade is in progress",
            "depositEnable": false,
            "minConfirm": 35,
            "name": "KILT",
            "network": "KILT",
            "withdrawEnable": false,
            "withdrawFee": "0",
            "withdrawIntegerMultiple": null,
            "withdrawMax": "20000",
            "withdrawMin": "10000",
            "sameAddress": false,
            "contract": "",
            "withdrawTips": null,
            "depositTips": null,
            "netWork": "KILT"
        }
    }
]