[
    {
        "coin": "SSX",
        "name": "SOMESING",
        "networkDetails": {
            "coin": "SSX",
            "depositDesc": "Deposit is prohibited (forced deposit may result in asset loss)",
            "depositEnable": false,
            "minConfirm": 100,
            "name": "SOMESING",
            "network": "Klaytn(KLAY)",
            "withdrawEnable": true,
            "withdrawFee": "0",
            "withdrawIntegerMultiple": null,
            "withdrawMax": "20000000",
            "withdrawMin": "1",
            "sameAddress": false,
            "contract": "0xdcd62c57182e780e23d2313c4782709da85b9d6c",
            "withdrawTips": null,
            "depositTips": null,
            "netWork": "KLAY"
        }
    },
    {
        "coin": "GRND",
        "name": "SuperWalk",
        "networkDetails": {
            "coin": "GRND",
            "depositDesc": "Deposit is prohibited (forced deposit may result in asset loss)",
            "depositEnable": false,
            "minConfirm": 100,
            "name": "SuperWalk",
            "network": "Klaytn(KLAY)",
            "withdrawEnable": true,
            "withdrawFee": "0",
            "withdrawIntegerMultiple": null,
            "withdrawMax": "3800000",
            "withdrawMin": "1",
            "sameAddress": false,
            "contract": "0x84F8C3C8d6eE30a559D73Ec570d574f671E82647",
            "withdrawTips": null,
            "depositTips": null,
            "netWork": "KLAY"
        }
    },
    {
        "coin": "CTOLD",
        "name": "Cojam",
        "networkDetails": {
            "coin": "CTOLD",
            "depositDesc": "Deposit is prohibited (forced deposit may result in asset loss)",
            "depositEnable": false,
            "minConfirm": 100,
            "name": "Cojam",
            "network": "Klaytn(KLAY)",
            "withdrawEnable": true,
            "withdrawFee": "100",
            "withdrawIntegerMultiple": null,
            "withdrawMax": "20000000",
            "withdrawMin": "200",
            "sameAddress": false,
            "contract": "0x7f223b1607171b81ebd68d22f1ca79157fd4a44b",
            "withdrawTips": null,
            "depositTips": null,
            "netWork": "KLAY"
        }
    },
    {
        "coin": "CPT",
        "name": "ChartpanToken",
        "networkDetails": {
            "coin": "CPT",
            "depositDesc": "Deposit suspended due to wallet maintenance",
            "depositEnable": false,
            "minConfirm": 120,
            "name": "ChartpanToken",
            "network": "Klaytn(KLAY)",
            "withdrawEnable": true,
            "withdrawFee": "100",
            "withdrawIntegerMultiple": null,
            "withdrawMax": "20000000",
            "withdrawMin": "200",
            "sameAddress": false,
            "contract": "0x503d007c920d9ed5e449a18449ecd72799723ae5",
            "withdrawTips": null,
            "depositTips": null,
            "netWork": "KLAY"
        }
    },
    {
        "coin": "3KM",
        "name": "3Kingdoms Multiverse",
        "networkDetails": {
            "coin": "3KM",
            "depositDesc": "Deposit is prohibited (forced deposit may result in asset loss)",
            "depositEnable": false,
            "minConfirm": 500,
            "name": "3Kingdoms Multiverse",
            "network": "Klaytn(KLAY)",
            "withdrawEnable": true,
            "withdrawFee": "5",
            "withdrawIntegerMultiple": null,
            "withdrawMax": "125000000",
            "withdrawMin": "10",
            "sameAddress": false,
            "contract": "0x0ab503536019cb4303bda69467c1ec5de1589918",
            "withdrawTips": null,
            "depositTips": null,
            "netWork": "KLAY"
        }
    },
    {
        "coin": "WE",
        "name": "WeBuy",
        "networkDetails": {
            "coin": "WE",
            "depositDesc": null,
            "depositEnable": false,
            "minConfirm": 100,
            "name": "WeBuy",
            "network": "Klaytn(KLAY)",
            "withdrawEnable": true,
            "withdrawFee": "0",
            "withdrawIntegerMultiple": null,
            "withdrawMax": "20000",
            "withdrawMin": "1",
            "sameAddress": false,
            "contract": "0xfaea8f7839f343a52c11a2d5395406eb2a87c55b",
            "withdrawTips": null,
            "depositTips": null,
            "netWork": "KLAY"
        }
    },
    {
        "coin": "FAVR",
        "name": "FAVOR",
        "networkDetails": {
            "coin": "FAVR",
            "depositDesc": "Deposit is prohibited (forced deposit may result in asset loss)",
            "depositEnable": false,
            "minConfirm": 500,
            "name": "FAVOR",
            "network": "Klaytn(KLAY)",
            "withdrawEnable": true,
            "withdrawFee": "14.285714",
            "withdrawIntegerMultiple": null,
            "withdrawMax": "2857142.857142",
            "withdrawMin": "28.571428",
            "sameAddress": false,
            "contract": "0x37e35406c8d87ae243932bf4c9a2138c2b93c8fa",
            "withdrawTips": null,
            "depositTips": null,
            "netWork": "KLAY"
        }
    },
    {
        "coin": "WEMIXOLD",
        "name": "WEMIX TOKEN",
        "networkDetails": {
            "coin": "WEMIXOLD",
            "depositDesc": "Deposit is prohibited (forced deposit may result in asset loss)",
            "depositEnable": false,
            "minConfirm": 100,
            "name": "WEMIX TOKEN",
            "network": "Klaytn(KLAY)",
            "withdrawEnable": true,
            "withdrawFee": "0",
            "withdrawIntegerMultiple": null,
            "withdrawMax": "296479.558",
            "withdrawMin": "1",
            "sameAddress": false,
            "contract": "0x5096db80b21ef45230c9e423c373f1fc9c0198dd",
            "withdrawTips": null,
            "depositTips": null,
            "netWork": "KLAY"
        }
    },
    {
        "coin": "TRCLOLD",
        "name": "TREECLE",
        "networkDetails": {
            "coin": "TRCLOLD",
            "depositDesc": null,
            "depositEnable": false,
            "minConfirm": 120,
            "name": "TREECLE",
            "network": "Klaytn(KLAY)",
            "withdrawEnable": false,
            "withdrawFee": "0",
            "withdrawIntegerMultiple": null,
            "withdrawMax": "73796835",
            "withdrawMin": "73796833",
            "sameAddress": false,
            "contract": "0x4b91c67a89d4c4b2a4ed9fcde6130d7495330972",
            "withdrawTips": null,
            "depositTips": null,
            "netWork": "KLAY"
        }
    },
    {
        "coin": "HIBS",
        "name": "Hiblocks",
        "networkDetails": {
            "coin": "HIBS",
            "depositDesc": "Deposit is prohibited (forced deposit may result in asset loss)",
            "depositEnable": false,
            "minConfirm": 500,
            "name": "Hiblocks",
            "network": "Klaytn(KLAY)",
            "withdrawEnable": true,
            "withdrawFee": "0",
            "withdrawIntegerMultiple": null,
            "withdrawMax": "350000000",
            "withdrawMin": "1",
            "sameAddress": false,
            "contract": "0xE06b40df899b9717b4E6B50711E1dc72d08184cF",
            "withdrawTips": null,
            "depositTips": null,
            "netWork": "KLAY"
        }
    },
    {
        "coin": "TAGOLD",
        "name": "TAG Chain",
        "networkDetails": {
            "coin": "TAGOLD",
            "depositDesc": "Deposit is prohibited (forced deposit may result in asset loss)",
            "depositEnable": false,
            "minConfirm": 100,
            "name": "TAG Chain",
            "network": "Klaytn(KLAY)",
            "withdrawEnable": false,
            "withdrawFee": "0",
            "withdrawIntegerMultiple": null,
            "withdrawMax": "2000000000",
            "withdrawMin": "1",
            "sameAddress": false,
            "contract": "0x1d6d93f909d2bff0dac1d1e4eb052717b295ce80",
            "withdrawTips": null,
            "depositTips": null,
            "netWork": "KLAY"
        }
    },
    {
        "coin": "HTT",
        "name": "Hello Art Token",
        "networkDetails": {
            "coin": "HTT",
            "depositDesc": "Deposit is prohibited (forced deposit may result in asset loss)",
            "depositEnable": false,
            "minConfirm": 500,
            "name": "Hello Art Token",
            "network": "Klaytn(KLAY)",
            "withdrawEnable": true,
            "withdrawFee": "0",
            "withdrawIntegerMultiple": null,
            "withdrawMax": "420000000",
            "withdrawMin": "1",
            "sameAddress": false,
            "contract": "0x001530b5e17e81a66d1e8d0c924f68ab794fcd9d",
            "withdrawTips": null,
            "depositTips": null,
            "netWork": "KLAY"
        }
    },
    {
        "coin": "LEMC",
        "name": "Lemonchain",
        "networkDetails": {
            "coin": "LEMC",
            "depositDesc": "Deposit is prohibited (forced deposit may result in asset loss)",
            "depositEnable": false,
            "minConfirm": 500,
            "name": "Lemonchain",
            "network": "Klaytn(KLAY)",
            "withdrawEnable": true,
            "withdrawFee": "0",
            "withdrawIntegerMultiple": null,
            "withdrawMax": "10000000",
            "withdrawMin": "8.4",
            "sameAddress": false,
            "contract": "0xe15b6cc249af44f2057f85a609285519a318f2ff",
            "withdrawTips": null,
            "depositTips": null,
            "netWork": "KLAY"
        }
    },
    {
        "coin": "LEMN",
        "name": "Lemon Token",
        "networkDetails": {
            "coin": "LEMN",
            "depositDesc": "Deposit is prohibited (forced deposit may result in asset loss)",
            "depositEnable": false,
            "minConfirm": 500,
            "name": "Lemon Token",
            "network": "Klaytn(KLAY)",
            "withdrawEnable": true,
            "withdrawFee": "0",
            "withdrawIntegerMultiple": null,
            "withdrawMax": "4000000",
            "withdrawMin": "1",
            "sameAddress": false,
            "contract": "0xc8a5c66d63408406c12f1a94608d28a5319f2399",
            "withdrawTips": null,
            "depositTips": null,
            "netWork": "KLAY"
        }
    },
    {
        "coin": "ORBOLD",
        "name": "ORBCITY",
        "networkDetails": {
            "coin": "ORBOLD",
            "depositDesc": null,
            "depositEnable": false,
            "minConfirm": 100,
            "name": "ORBCITY",
            "network": "Klaytn(KLAY)",
            "withdrawEnable": true,
            "withdrawFee": "0",
            "withdrawIntegerMultiple": null,
            "withdrawMax": "2963585.447",
            "withdrawMin": "1",
            "sameAddress": false,
            "contract": "0x01ad62e0ff6dcaa72889fca155c7036c78ca1783",
            "withdrawTips": null,
            "depositTips": null,
            "netWork": "KLAY"
        }
    },
    {
        "coin": "STATOLD",
        "name": "STAT",
        "networkDetails": {
            "coin": "STATOLD",
            "depositDesc": "Deposit suspended upon project party's request",
            "depositEnable": false,
            "minConfirm": 100,
            "name": "STAT",
            "network": "Klaytn(KLAY)",
            "withdrawEnable": false,
            "withdrawFee": "0",
            "withdrawIntegerMultiple": null,
            "withdrawMax": "800000",
            "withdrawMin": "10",
            "sameAddress": false,
            "contract": "0x01987adc61782639ea3b8497e030b13a4510cfbe",
            "withdrawTips": null,
            "depositTips": null,
            "netWork": "KLAY"
        }
    },
    {
        "coin": "ISK",
        "name": "ISKRA Token",
        "networkDetails": {
            "coin": "ISK",
            "depositDesc": null,
            "depositEnable": false,
            "minConfirm": 100,
            "name": "ISKRA Token",
            "network": "Klaytn(KLAY)",
            "withdrawEnable": false,
            "withdrawFee": "4",
            "withdrawIntegerMultiple": null,
            "withdrawMax": "800000",
            "withdrawMin": "8",
            "sameAddress": false,
            "contract": "",
            "withdrawTips": null,
            "depositTips": null,
            "netWork": "NONE"
        }
    },
    {
        "coin": "MITX",
        "name": "Mobist",
        "networkDetails": {
            "coin": "MITX",
            "depositDesc": "Deposit is prohibited (forced deposit may result in asset loss)",
            "depositEnable": false,
            "minConfirm": 500,
            "name": "Mobist",
            "network": "Klaytn(KLAY)",
            "withdrawEnable": true,
            "withdrawFee": "0",
            "withdrawIntegerMultiple": null,
            "withdrawMax": "100000000",
            "withdrawMin": "80",
            "sameAddress": false,
            "contract": "0x448829e85c430477a715400d4a61aa808d3c900f",
            "withdrawTips": null,
            "depositTips": null,
            "netWork": "KLAY"
        }
    },
    {
        "coin": "CLAIMSWAP",
        "name": "ClaimSwap",
        "networkDetails": {
            "coin": "CLAIMSWAP",
            "depositDesc": null,
            "depositEnable": false,
            "minConfirm": 100,
            "name": "ClaimSwap",
            "network": "Klaytn(KLAY)",
            "withdrawEnable": true,
            "withdrawFee": "0",
            "withdrawIntegerMultiple": null,
            "withdrawMax": "12000000",
            "withdrawMin": "10",
            "sameAddress": false,
            "contract": "0xcf87f94fd8f6b6f0b479771f10df672f99eada63",
            "withdrawTips": "The token name of ClaimSwap(CLA) is CLAIMSWAP in MEXC Global; Current futures address: 0xcf87f94fd8f6b6f0b479771f10df672f99eada63, please confirm before proceeding.",
            "depositTips": "\"On MEXC Global, ClaimSwap (CLA) is named as CLAIMSWAP; Current contract address: 0xcf87f94fd8f6b6f0b479771f10df672f99eada63. Please confirm before depositing.\"",
            "netWork": "KLAY"
        }
    },
    {
        "coin": "PSUB",
        "name": "PsuBi",
        "networkDetails": {
            "coin": "PSUB",
            "depositDesc": "Deposit is prohibited (forced deposit may result in asset loss)",
            "depositEnable": false,
            "minConfirm": 500,
            "name": "PsuBi",
            "network": "Klaytn(KLAY)",
            "withdrawEnable": true,
            "withdrawFee": "0",
            "withdrawIntegerMultiple": null,
            "withdrawMax": "1000000000",
            "withdrawMin": "33.333332",
            "sameAddress": false,
            "contract": "0x19c0d5ddcf06f282e7a547d25ab09fe5a7984aae",
            "withdrawTips": null,
            "depositTips": null,
            "netWork": "KLAY"
        }
    },
    {
        "coin": "ATTOLD",
        "name": "Artube",
        "networkDetails": {
            "coin": "ATTOLD",
            "depositDesc": null,
            "depositEnable": false,
            "minConfirm": 100,
            "name": "Artube",
            "network": "Klaytn(KLAY)",
            "withdrawEnable": false,
            "withdrawFee": "0",
            "withdrawIntegerMultiple": null,
            "withdrawMax": "680000000",
            "withdrawMin": "1",
            "sameAddress": false,
            "contract": "0x07aa7ae19b17579f7237ad72c616fecf4ccc787b",
            "withdrawTips": null,
            "depositTips": null,
            "netWork": "KLAY"
        }
    },
    {
        "coin": "AICO",
        "name": "AICON",
        "networkDetails": {
            "coin": "AICO",
            "depositDesc": "Deposit is prohibited (forced deposit may result in asset loss)",
            "depositEnable": false,
            "minConfirm": 100,
            "name": "AICON",
            "network": "Klaytn(KLAY)",
            "withdrawEnable": true,
            "withdrawFee": "0",
            "withdrawIntegerMultiple": null,
            "withdrawMax": "70000000",
            "withdrawMin": "1",
            "sameAddress": false,
            "contract": "0xbed6a1bb7f47542218ba1aa002b05d6791867739",
            "withdrawTips": null,
            "depositTips": null,
            "netWork": "KLAY"
        }
    },
    {
        "coin": "MAF",
        "name": "MetaMAFIA",
        "networkDetails": {
            "coin": "MAF",
            "depositDesc": "Deposit is prohibited (forced deposit may result in asset loss)",
            "depositEnable": false,
            "minConfirm": 500,
            "name": "MetaMAFIA",
            "network": "Klaytn(KLAY)",
            "withdrawEnable": true,
            "withdrawFee": "0",
            "withdrawIntegerMultiple": null,
            "withdrawMax": "40000000",
            "withdrawMin": "2",
            "sameAddress": false,
            "contract": "0x971796e4858ea3dd19011199817a0716e62db2f5",
            "withdrawTips": null,
            "depositTips": null,
            "netWork": "KLAY"
        }
    },
    {
        "coin": "MDT",
        "name": "Meta Dance Token",
        "networkDetails": {
            "coin": "MDT",
            "depositDesc": "Deposit is prohibited (forced deposit may result in asset loss)",
            "depositEnable": false,
            "minConfirm": 500,
            "name": "Meta Dance Token",
            "network": "Klaytn(KLAY)",
            "withdrawEnable": true,
            "withdrawFee": "0",
            "withdrawIntegerMultiple": null,
            "withdrawMax": "10000000000",
            "withdrawMin": "200",
            "sameAddress": false,
            "contract": "0x1b26a7e4d27ace6ba3bc82d5d1b26fb2d8616de0",
            "withdrawTips": null,
            "depositTips": null,
            "netWork": "KLAY"
        }
    },
    {
        "coin": "MIM",
        "name": "Mint Marble",
        "networkDetails": {
            "coin": "MIM",
            "depositDesc": "Deposit is prohibited (forced deposit may result in asset loss)",
            "depositEnable": false,
            "minConfirm": 300,
            "name": "Mint Marble",
            "network": "Klaytn(KLAY)",
            "withdrawEnable": true,
            "withdrawFee": "0",
            "withdrawIntegerMultiple": null,
            "withdrawMax": "330000",
            "withdrawMin": "1",
            "sameAddress": false,
            "contract": "0x00d00b3dfd60aaa244dae7d2343494800bdd7ca9",
            "withdrawTips": "Current contract address: 0x00d00b3dfd60aaa244dae7d2343494800bdd7ca9, please confirm before proceeding.",
            "depositTips": "Current contract address: 0x00d00b3dfd60aaa244dae7d2343494800bdd7ca9, please confirm before proceeding.",
            "netWork": "KLAY"
        }
    },
    {
        "coin": "MNR",
        "name": "Mineral",
        "networkDetails": {
            "coin": "MNR",
            "depositDesc": "Deposit is prohibited (forced deposit may result in asset loss)",
            "depositEnable": false,
            "minConfirm": 500,
            "name": "Mineral",
            "network": "Klaytn(KLAY)",
            "withdrawEnable": true,
            "withdrawFee": "0",
            "withdrawIntegerMultiple": null,
            "withdrawMax": "115000000",
            "withdrawMin": "400",
            "sameAddress": false,
            "contract": "0x27dcd181459bcddc63c37bab1e404a313c0dfd79",
            "withdrawTips": null,
            "depositTips": null,
            "netWork": "KLAY"
        }
    },
    {
        "coin": "TARI",
        "name": "Tari World",
        "networkDetails": {
            "coin": "TARI",
            "depositDesc": null,
            "depositEnable": false,
            "minConfirm": 100,
            "name": "Tari World",
            "network": "Klaytn(KLAY)",
            "withdrawEnable": true,
            "withdrawFee": "0",
            "withdrawIntegerMultiple": null,
            "withdrawMax": "20000",
            "withdrawMin": "1",
            "sameAddress": false,
            "contract": "0x0fa1995019322ef3178d037871c4d2eee0940c08",
            "withdrawTips": null,
            "depositTips": null,
            "netWork": "KLAY"
        }
    },
    {
        "coin": "VRSOLD",
        "name": "VRES",
        "networkDetails": {
            "coin": "VRSOLD",
            "depositDesc": "Deposit suspended due to wallet maintenance",
            "depositEnable": false,
            "minConfirm": 100,
            "name": "VRES",
            "network": "Klaytn(KLAY)",
            "withdrawEnable": true,
            "withdrawFee": "0",
            "withdrawIntegerMultiple": null,
            "withdrawMax": "20000000",
            "withdrawMin": "1",
            "sameAddress": false,
            "contract": "0x402eeef1a50695b3cce1cb748cead2013c4dfa1e",
            "withdrawTips": null,
            "depositTips": null,
            "netWork": "KLAY"
        }
    },
    {
        "coin": "CASHZ",
        "name": "CashZone",
        "networkDetails": {
            "coin": "CASHZ",
            "depositDesc": "Deposit is prohibited (forced deposit may result in asset loss)",
            "depositEnable": false,
            "minConfirm": 100,
            "name": "CashZone",
            "network": "Klaytn(KLAY)",
            "withdrawEnable": true,
            "withdrawFee": "0",
            "withdrawIntegerMultiple": null,
            "withdrawMax": "150000000",
            "withdrawMin": "200",
            "sameAddress": false,
            "contract": "0x19914f539b1424b1675270002bd9e4ce8e91fc21",
            "withdrawTips": null,
            "depositTips": null,
            "netWork": "KLAY"
        }
    },
    {
        "coin": "OLV",
        "name": "Olive",
        "networkDetails": {
            "coin": "OLV",
            "depositDesc": null,
            "depositEnable": false,
            "minConfirm": 100,
            "name": "Olive",
            "network": "Klaytn(KLAY)",
            "withdrawEnable": true,
            "withdrawFee": "0",
            "withdrawIntegerMultiple": null,
            "withdrawMax": "2400000",
            "withdrawMin": "1",
            "sameAddress": false,
            "contract": "0x2350caf0eead5677e85b5282fa68d8d42fa381bf",
            "withdrawTips": null,
            "depositTips": null,
            "netWork": "KLAY"
        }
    },
    {
        "coin": "BORA",
        "name": "BORA",
        "networkDetails": {
            "coin": "BORA",
            "depositDesc": "Deposit is prohibited (forced deposit may result in asset loss)",
            "depositEnable": false,
            "minConfirm": 500,
            "name": "BORA",
            "network": "Klaytn(KLAY)",
            "withdrawEnable": true,
            "withdrawFee": "10",
            "withdrawIntegerMultiple": null,
            "withdrawMax": "1200000",
            "withdrawMin": "20",
            "sameAddress": false,
            "contract": "0x02cbe46fb8a1f579254a9b485788f2d86cad51aa",
            "withdrawTips": null,
            "depositTips": null,
            "netWork": "KLAY"
        }
    },
    {
        "coin": "RNDX",
        "name": "Round X",
        "networkDetails": {
            "coin": "RNDX",
            "depositDesc": "Deposit is prohibited (forced deposit may result in asset loss)",
            "depositEnable": false,
            "minConfirm": 500,
            "name": "Round X",
            "network": "Klaytn(KLAY)",
            "withdrawEnable": true,
            "withdrawFee": "0",
            "withdrawIntegerMultiple": null,
            "withdrawMax": "625000000",
            "withdrawMin": "200",
            "sameAddress": false,
            "contract": "0xff1bf7a212012ee903fbb5a3adb4a9a31f371ef7",
            "withdrawTips": null,
            "depositTips": null,
            "netWork": "KLAY"
        }
    },
    {
        "coin": "ISKOLD2",
        "name": "ISK",
        "networkDetails": {
            "coin": "ISKOLD2",
            "depositDesc": null,
            "depositEnable": false,
            "minConfirm": 100,
            "name": "ISK",
            "network": "Klaytn(KLAY)",
            "withdrawEnable": true,
            "withdrawFee": "0",
            "withdrawIntegerMultiple": null,
            "withdrawMax": "1404819",
            "withdrawMin": "1404813",
            "sameAddress": false,
            "contract": "0x17d2628D30F8e9E966c9Ba831c9B9b01ea8Ea75C",
            "withdrawTips": null,
            "depositTips": null,
            "netWork": "KLAY"
        }
    },
    {
        "coin": "MKCOLD",
        "name": "Meta Kongz",
        "networkDetails": {
            "coin": "MKCOLD",
            "depositDesc": null,
            "depositEnable": false,
            "minConfirm": 500,
            "name": "Meta Kongz",
            "network": "Klaytn(KLAY)",
            "withdrawEnable": false,
            "withdrawFee": "0",
            "withdrawIntegerMultiple": null,
            "withdrawMax": "20000000",
            "withdrawMin": "1",
            "sameAddress": false,
            "contract": "0x119883ee408aa5b9625c5d09a79fa8be9f9f6017",
            "withdrawTips": null,
            "depositTips": null,
            "netWork": "KLAY"
        }
    }
]