[
    {
        "coin": "KLP",
        "name": "Kulupu",
        "networkDetails": {
            "coin": "KLP",
            "depositDesc": "Deposit suspended due to wallet maintenance",
            "depositEnable": false,
            "minConfirm": 100,
            "name": "Kulupu",
            "network": "KLP",
            "withdrawEnable": false,
            "withdrawFee": "0",
            "withdrawIntegerMultiple": null,
            "withdrawMax": "100000000",
            "withdrawMin": "1",
            "sameAddress": false,
            "contract": "",
            "withdrawTips": null,
            "depositTips": null,
            "netWork": "KLP"
        }
    }
]