[
    {
        "coin": "KREST",
        "name": "KREST",
        "networkDetails": {
            "coin": "KREST",
            "depositDesc": null,
            "depositEnable": true,
            "minConfirm": 30,
            "name": "KREST",
            "network": "KREST",
            "withdrawEnable": true,
            "withdrawFee": "0.1",
            "withdrawIntegerMultiple": null,
            "withdrawMax": "20000000",
            "withdrawMin": "5",
            "sameAddress": false,
            "contract": "",
            "withdrawTips": null,
            "depositTips": null,
            "netWork": "KREST"
        }
    }
]