[
    {
        "coin": "LAOS",
        "name": "LAOS Network",
        "networkDetails": {
            "coin": "LAOS",
            "depositDesc": "Deposit is prohibited (forced deposit may result in asset loss)",
            "depositEnable": false,
            "minConfirm": 15,
            "name": "LAOS Network",
            "network": "LAOS",
            "withdrawEnable": true,
            "withdrawFee": "0",
            "withdrawIntegerMultiple": null,
            "withdrawMax": "2350000",
            "withdrawMin": "10",
            "sameAddress": false,
            "contract": "",
            "withdrawTips": null,
            "depositTips": null,
            "netWork": "LAOS"
        }
    }
]