[
    {
        "coin": "LAT",
        "name": "PlatON",
        "networkDetails": {
            "coin": "LAT",
            "depositDesc": null,
            "depositEnable": true,
            "minConfirm": 60,
            "name": "PlatON",
            "network": "LAT",
            "withdrawEnable": true,
            "withdrawFee": "1",
            "withdrawIntegerMultiple": null,
            "withdrawMax": "20000000",
            "withdrawMin": "2",
            "sameAddress": false,
            "contract": "",
            "withdrawTips": null,
            "depositTips": null,
            "netWork": "LAT"
        }
    }
]