[
    {
        "coin": "LBC",
        "name": "LBRY Credits",
        "networkDetails": {
            "coin": "LBC",
            "depositDesc": null,
            "depositEnable": true,
            "minConfirm": 200,
            "name": "LBRY Credits",
            "network": "LBC",
            "withdrawEnable": true,
            "withdrawFee": "1",
            "withdrawIntegerMultiple": null,
            "withdrawMax": "20000000",
            "withdrawMin": "2",
            "sameAddress": false,
            "contract": "",
            "withdrawTips": null,
            "depositTips": null,
            "netWork": "LBC"
        }
    }
]