[
    {
        "coin": "LLD",
        "name": "Liberland",
        "networkDetails": {
            "coin": "LLD",
            "depositDesc": null,
            "depositEnable": true,
            "minConfirm": 30,
            "name": "Liberland",
            "network": "Liberland",
            "withdrawEnable": true,
            "withdrawFee": "0.5",
            "withdrawIntegerMultiple": null,
            "withdrawMax": "100000",
            "withdrawMin": "5",
            "sameAddress": false,
            "contract": "",
            "withdrawTips": null,
            "depositTips": null,
            "netWork": "LLD"
        }
    }
]