[
    {
        "coin": "LYX",
        "name": "LUKSO",
        "networkDetails": {
            "coin": "LYX",
            "depositDesc": null,
            "depositEnable": true,
            "minConfirm": 30,
            "name": "LUKSO",
            "network": "LYX",
            "withdrawEnable": true,
            "withdrawFee": "0.02",
            "withdrawIntegerMultiple": null,
            "withdrawMax": "25000",
            "withdrawMin": "0.1",
            "sameAddress": false,
            "contract": "",
            "withdrawTips": null,
            "depositTips": null,
            "netWork": "LYX"
        }
    }
]