[
    {
        "coin": "MILK",
        "name": "MilkyWay",
        "networkDetails": {
            "coin": "MILK",
            "depositDesc": null,
            "depositEnable": true,
            "minConfirm": 40,
            "name": "MilkyWay",
            "network": "MILKYWAY",
            "withdrawEnable": true,
            "withdrawFee": "2",
            "withdrawIntegerMultiple": null,
            "withdrawMax": "2000000",
            "withdrawMin": "10",
            "sameAddress": true,
            "contract": "",
            "withdrawTips": null,
            "depositTips": null,
            "netWork": "MILKYWAY"
        }
    }
]