[
    {
        "coin": "MOVE",
        "name": "Movement",
        "networkDetails": {
            "coin": "MOVE",
            "depositDesc": null,
            "depositEnable": true,
            "minConfirm": 20,
            "name": "Movement",
            "network": "MOVEMENT",
            "withdrawEnable": true,
            "withdrawFee": "1",
            "withdrawIntegerMultiple": null,
            "withdrawMax": "1000000",
            "withdrawMin": "2",
            "sameAddress": false,
            "contract": "",
            "withdrawTips": null,
            "depositTips": null,
            "netWork": "MOVEMENT"
        }
    }
]