[
    {
        "coin": "NEAR",
        "name": "NEAR",
        "networkDetails": {
            "coin": "NEAR",
            "depositDesc": null,
            "depositEnable": true,
            "minConfirm": 100,
            "name": "NEAR",
            "network": "NEAR Protocol(NEAR)",
            "withdrawEnable": true,
            "withdrawFee": "0.01",
            "withdrawIntegerMultiple": null,
            "withdrawMax": "135000",
            "withdrawMin": "0.1",
            "sameAddress": false,
            "contract": "",
            "withdrawTips": null,
            "depositTips": "Only supports NEAR mainnet currently.",
            "netWork": "NEAR"
        }
    },
    {
        "coin": "NEKO",
        "name": "NEKO",
        "networkDetails": {
            "coin": "NEKO",
            "depositDesc": "Deposit is prohibited (forced deposit may result in asset loss)",
            "depositEnable": false,
            "minConfirm": 100,
            "name": "NEKO",
            "network": "NEAR Protocol(NEAR)",
            "withdrawEnable": true,
            "withdrawFee": "0",
            "withdrawIntegerMultiple": null,
            "withdrawMax": "430000000",
            "withdrawMin": "500",
            "sameAddress": false,
            "contract": "ftv2.nekotoken.near",
            "withdrawTips": null,
            "depositTips": null,
            "netWork": "NEAR"
        }
    },
    {
        "coin": "FARTOKEN",
        "name": "Few and Far",
        "networkDetails": {
            "coin": "FARTOKEN",
            "depositDesc": "Deposit is prohibited (forced deposit may result in asset loss)",
            "depositEnable": false,
            "minConfirm": 100,
            "name": "Few and Far",
            "network": "NEAR Protocol(NEAR)",
            "withdrawEnable": true,
            "withdrawFee": "0",
            "withdrawIntegerMultiple": null,
            "withdrawMax": "2000000",
            "withdrawMin": "2",
            "sameAddress": false,
            "contract": "far-token.fewandfar-protocol.near",
            "withdrawTips": null,
            "depositTips": null,
            "netWork": "NEAR"
        }
    },
    {
        "coin": "USDT",
        "name": "USDT",
        "networkDetails": {
            "coin": "USDT",
            "depositDesc": null,
            "depositEnable": true,
            "minConfirm": 100,
            "name": "USDT",
            "network": "NEAR Protocol(NEAR)",
            "withdrawEnable": true,
            "withdrawFee": "0.2",
            "withdrawIntegerMultiple": null,
            "withdrawMax": "2000000",
            "withdrawMin": "2",
            "sameAddress": false,
            "contract": "usdt.tether-token.near",
            "withdrawTips": null,
            "depositTips": null,
            "netWork": "NEAR"
        }
    },
    {
        "coin": "USDC",
        "name": "USDC",
        "networkDetails": {
            "coin": "USDC",
            "depositDesc": null,
            "depositEnable": true,
            "minConfirm": 100,
            "name": "USDC",
            "network": "NEAR Protocol(NEAR)",
            "withdrawEnable": true,
            "withdrawFee": "0.2",
            "withdrawIntegerMultiple": null,
            "withdrawMax": "400000",
            "withdrawMin": "2",
            "sameAddress": false,
            "contract": "17208628f84f5d6ad33f0da3bbbeb27ffcb398eac501a31bd6ad2011e36133a1",
            "withdrawTips": null,
            "depositTips": null,
            "netWork": "NEAR"
        }
    },
    {
        "coin": "PARAS",
        "name": "Paras",
        "networkDetails": {
            "coin": "PARAS",
            "depositDesc": "Deposit is prohibited (forced deposit may result in asset loss)",
            "depositEnable": false,
            "minConfirm": 100,
            "name": "Paras",
            "network": "NEAR Protocol(NEAR)",
            "withdrawEnable": true,
            "withdrawFee": "0",
            "withdrawIntegerMultiple": null,
            "withdrawMax": "17000000",
            "withdrawMin": "10",
            "sameAddress": false,
            "contract": "token.paras.near",
            "withdrawTips": null,
            "depositTips": null,
            "netWork": "NEAR"
        }
    },
    {
        "coin": "DBIO",
        "name": "DeBio Network ",
        "networkDetails": {
            "coin": "DBIO",
            "depositDesc": null,
            "depositEnable": true,
            "minConfirm": 100,
            "name": "DeBio Network ",
            "network": "NEAR Protocol(NEAR)",
            "withdrawEnable": true,
            "withdrawFee": "0",
            "withdrawIntegerMultiple": null,
            "withdrawMax": "25000000",
            "withdrawMin": "1",
            "sameAddress": false,
            "contract": "dbio.near",
            "withdrawTips": null,
            "depositTips": null,
            "netWork": "NEAR"
        }
    },
    {
        "coin": "TAO1",
        "name": "Fusotao Protocol",
        "networkDetails": {
            "coin": "TAO1",
            "depositDesc": "Deposit suspended due to wallet maintenance",
            "depositEnable": false,
            "minConfirm": 100,
            "name": "Fusotao Protocol",
            "network": "NEAR Protocol(NEAR)",
            "withdrawEnable": true,
            "withdrawFee": "0",
            "withdrawIntegerMultiple": null,
            "withdrawMax": "3600000",
            "withdrawMin": "4",
            "sameAddress": false,
            "contract": "fusotao-token.near",
            "withdrawTips": "The token name of Fusotao Protocol (TAO) is TAO1 in MEXC Global; please make sure they're correct before taking action.",
            "depositTips": "The token name of Fusotao Protocol (TAO) is TAO1 in MEXC Global; please make sure they're correct before taking action.",
            "netWork": "NEAR"
        }
    },
    {
        "coin": "OCT",
        "name": "Octopus Networ",
        "networkDetails": {
            "coin": "OCT",
            "depositDesc": null,
            "depositEnable": true,
            "minConfirm": 100,
            "name": "Octopus Networ",
            "network": "NEAR Protocol(NEAR)",
            "withdrawEnable": true,
            "withdrawFee": "1",
            "withdrawIntegerMultiple": null,
            "withdrawMax": "1200000",
            "withdrawMin": "2",
            "sameAddress": false,
            "contract": "f5cfbc74057c610c8ef151a439252680ac68c6dc.factory.bridge.near",
            "withdrawTips": null,
            "depositTips": null,
            "netWork": "NEAR"
        }
    },
    {
        "coin": "SWEAT",
        "name": "SWEAT",
        "networkDetails": {
            "coin": "SWEAT",
            "depositDesc": null,
            "depositEnable": true,
            "minConfirm": 100,
            "name": "SWEAT",
            "network": "NEAR Protocol(NEAR)",
            "withdrawEnable": true,
            "withdrawFee": "3",
            "withdrawIntegerMultiple": null,
            "withdrawMax": "20000000",
            "withdrawMin": "10",
            "sameAddress": false,
            "contract": "token.sweat",
            "withdrawTips": null,
            "depositTips": null,
            "netWork": "NEAR"
        }
    },
    {
        "coin": "UWON",
        "name": "UWON",
        "networkDetails": {
            "coin": "UWON",
            "depositDesc": null,
            "depositEnable": true,
            "minConfirm": 100,
            "name": "UWON",
            "network": "NEAR Protocol(NEAR)",
            "withdrawEnable": true,
            "withdrawFee": "0.3",
            "withdrawIntegerMultiple": null,
            "withdrawMax": "60000",
            "withdrawMin": "1",
            "sameAddress": false,
            "contract": "438e48ed4ce6beecf503d43b9dbd3c30d516e7fd.factory.bridge.near",
            "withdrawTips": null,
            "depositTips": null,
            "netWork": "NEAR"
        }
    },
    {
        "coin": "DEIP",
        "name": "DEIP Protocol",
        "networkDetails": {
            "coin": "DEIP",
            "depositDesc": null,
            "depositEnable": false,
            "minConfirm": 100,
            "name": "DEIP Protocol",
            "network": "NEAR Protocol(NEAR)",
            "withdrawEnable": true,
            "withdrawFee": "0",
            "withdrawIntegerMultiple": null,
            "withdrawMax": "5000000000",
            "withdrawMin": "1",
            "sameAddress": false,
            "contract": "deip-token.near",
            "withdrawTips": null,
            "depositTips": null,
            "netWork": "NEAR"
        }
    },
    {
        "coin": "METAP",
        "name": "Meta Pool",
        "networkDetails": {
            "coin": "METAP",
            "depositDesc": "Deposit suspended due to wallet maintenance",
            "depositEnable": false,
            "minConfirm": 100,
            "name": "Meta Pool",
            "network": "NEAR Protocol(NEAR)",
            "withdrawEnable": false,
            "withdrawFee": "0",
            "withdrawIntegerMultiple": null,
            "withdrawMax": "46000000",
            "withdrawMin": "1",
            "sameAddress": false,
            "contract": "meta-token.near",
            "withdrawTips": null,
            "depositTips": null,
            "netWork": "NEAR"
        }
    },
    {
        "coin": "REF",
        "name": "Ref Finance",
        "networkDetails": {
            "coin": "REF",
            "depositDesc": null,
            "depositEnable": false,
            "minConfirm": 100,
            "name": "Ref Finance",
            "network": "NEAR Protocol(NEAR)",
            "withdrawEnable": true,
            "withdrawFee": "1",
            "withdrawIntegerMultiple": null,
            "withdrawMax": "2000000",
            "withdrawMin": "10",
            "sameAddress": false,
            "contract": "token.v2.ref-finance.near",
            "withdrawTips": null,
            "depositTips": null,
            "netWork": "NEAR"
        }
    },
    {
        "coin": "ASI",
        "name": "Sender",
        "networkDetails": {
            "coin": "ASI",
            "depositDesc": null,
            "depositEnable": true,
            "minConfirm": 100,
            "name": "Sender",
            "network": "NEAR Protocol(NEAR)",
            "withdrawEnable": true,
            "withdrawFee": "2",
            "withdrawIntegerMultiple": null,
            "withdrawMax": "4000000",
            "withdrawMin": "10",
            "sameAddress": false,
            "contract": "token.sendertge.near",
            "withdrawTips": null,
            "depositTips": null,
            "netWork": "NEAR"
        }
    }
]