[
    {
        "coin": "GASNEO",
        "name": "GAS",
        "networkDetails": {
            "coin": "GASNEO",
            "depositDesc": "Deposit is prohibited (forced deposit may result in asset loss)",
            "depositEnable": false,
            "minConfirm": 30,
            "name": "GAS",
            "network": "NEO3",
            "withdrawEnable": true,
            "withdrawFee": "1",
            "withdrawIntegerMultiple": null,
            "withdrawMax": "150000",
            "withdrawMin": "2",
            "sameAddress": false,
            "contract": "0xd2a4cff31913016155e38e474a2c06d08be276cf",
            "withdrawTips": null,
            "depositTips": null,
            "netWork": "NEO3"
        }
    },
    {
        "coin": "SWTH",
        "name": "Switcheo",
        "networkDetails": {
            "coin": "SWTH",
            "depositDesc": "Deposit is prohibited (forced deposit may result in asset loss)",
            "depositEnable": false,
            "minConfirm": 30,
            "name": "Switcheo",
            "network": "NEO3",
            "withdrawEnable": true,
            "withdrawFee": "0",
            "withdrawIntegerMultiple": null,
            "withdrawMax": "25000000",
            "withdrawMin": "1",
            "sameAddress": false,
            "contract": "0x78e1330db47634afdb5ea455302ba2d12b8d549f",
            "withdrawTips": null,
            "depositTips": null,
            "netWork": "NEO3"
        }
    },
    {
        "coin": "FLM",
        "name": "Flaming",
        "networkDetails": {
            "coin": "FLM",
            "depositDesc": null,
            "depositEnable": true,
            "minConfirm": 30,
            "name": "Flaming",
            "network": "NEO3",
            "withdrawEnable": true,
            "withdrawFee": "0.1",
            "withdrawIntegerMultiple": null,
            "withdrawMax": "600000",
            "withdrawMin": "10",
            "sameAddress": false,
            "contract": "0xf0151f528127558851b39c2cd8aa47da7418ab28",
            "withdrawTips": null,
            "depositTips": null,
            "netWork": "NEO3"
        }
    },
    {
        "coin": "NUDES",
        "name": "NUDES",
        "networkDetails": {
            "coin": "NUDES",
            "depositDesc": "Deposit is prohibited (forced deposit may result in asset loss)",
            "depositEnable": false,
            "minConfirm": 30,
            "name": "NUDES",
            "network": "NEO3",
            "withdrawEnable": true,
            "withdrawFee": "0",
            "withdrawIntegerMultiple": null,
            "withdrawMax": "500000000000000",
            "withdrawMin": "1",
            "sameAddress": false,
            "contract": "0x340720c7107ef5721e44ed2ea8e314cce5c130fa",
            "withdrawTips": null,
            "depositTips": null,
            "netWork": "NEO3"
        }
    },
    {
        "coin": "MCC",
        "name": "Magic Cube",
        "networkDetails": {
            "coin": "MCC",
            "depositDesc": null,
            "depositEnable": true,
            "minConfirm": 30,
            "name": "Magic Cube",
            "network": "NEO3",
            "withdrawEnable": true,
            "withdrawFee": "11000",
            "withdrawIntegerMultiple": null,
            "withdrawMax": "5000000000",
            "withdrawMin": "20000",
            "sameAddress": false,
            "contract": "0xe2c95bca3357088e1675a75123e3ff48bd277d02",
            "withdrawTips": null,
            "depositTips": null,
            "netWork": "NEO3"
        }
    },
    {
        "coin": "NEO",
        "name": "NEO-NEO3",
        "networkDetails": {
            "coin": "NEO",
            "depositDesc": null,
            "depositEnable": true,
            "minConfirm": 30,
            "name": "NEO-NEO3",
            "network": "NEO3",
            "withdrawEnable": true,
            "withdrawFee": "0",
            "withdrawIntegerMultiple": null,
            "withdrawMax": "150000",
            "withdrawMin": "1",
            "sameAddress": false,
            "contract": "0xef4073a0f2b305a38ec4050e4d3d28bc40ea63f5",
            "withdrawTips": null,
            "depositTips": null,
            "netWork": "NEO3"
        }
    }
]