[
    {
        "coin": "NIM",
        "name": "Nimiq",
        "networkDetails": {
            "coin": "NIM",
            "depositDesc": null,
            "depositEnable": true,
            "minConfirm": 120,
            "name": "Nimiq",
            "network": "NIMIQ",
            "withdrawEnable": true,
            "withdrawFee": "80",
            "withdrawIntegerMultiple": null,
            "withdrawMax": "140000000",
            "withdrawMin": "200",
            "sameAddress": false,
            "contract": "",
            "withdrawTips": null,
            "depositTips": null,
            "netWork": "NIMIQ"
        }
    }
]