[
    {
        "coin": "PACOIN",
        "name": "PAC PROJECT",
        "networkDetails": {
            "coin": "PACOIN",
            "depositDesc": null,
            "depositEnable": true,
            "minConfirm": 120,
            "name": "PAC PROJECT",
            "network": "OCTA",
            "withdrawEnable": true,
            "withdrawFee": "1",
            "withdrawIntegerMultiple": null,
            "withdrawMax": "16666666.666666666666666666666666666666",
            "withdrawMin": "250",
            "sameAddress": false,
            "contract": "0x760eE1038b54D5AdfeBbC9560Dd13F46a92D5b3a",
            "withdrawTips": null,
            "depositTips": null,
            "netWork": "OCTA"
        }
    },
    {
        "coin": "OCTA",
        "name": "OCTA",
        "networkDetails": {
            "coin": "OCTA",
            "depositDesc": null,
            "depositEnable": true,
            "minConfirm": 120,
            "name": "OCTA",
            "network": "OCTA",
            "withdrawEnable": true,
            "withdrawFee": "0.25",
            "withdrawIntegerMultiple": null,
            "withdrawMax": "2000000",
            "withdrawMin": "2",
            "sameAddress": false,
            "contract": "",
            "withdrawTips": null,
            "depositTips": null,
            "netWork": "OCTA"
        }
    }
]