[
    {
        "coin": "OMN",
        "name": "OMN",
        "networkDetails": {
            "coin": "OMN",
            "depositDesc": "Deposit suspended due to on-chain maintenance",
            "depositEnable": false,
            "minConfirm": 30,
            "name": "OMN",
            "network": "Omega Network(OMN)",
            "withdrawEnable": false,
            "withdrawFee": "0.5",
            "withdrawIntegerMultiple": null,
            "withdrawMax": "5000000",
            "withdrawMin": "1",
            "sameAddress": false,
            "contract": "",
            "withdrawTips": null,
            "depositTips": null,
            "netWork": "OMN"
        }
    }
]