[
    {
        "coin": "FLIX",
        "name": "OmniFlix Network",
        "networkDetails": {
            "coin": "FLIX",
            "depositDesc": null,
            "depositEnable": true,
            "minConfirm": 20,
            "name": "OmniFlix Network",
            "network": "OMNIFLIX",
            "withdrawEnable": true,
            "withdrawFee": "1",
            "withdrawIntegerMultiple": null,
            "withdrawMax": "2000000",
            "withdrawMin": "2",
            "sameAddress": true,
            "contract": "",
            "withdrawTips": null,
            "depositTips": null,
            "netWork": "OMNIFLIX"
        }
    }
]