[
    {
        "coin": "NEROX",
        "name": "NEROX AI",
        "networkDetails": {
            "coin": "NEROX",
            "depositDesc": "Deposit is prohibited (forced deposit may result in asset loss)",
            "depositEnable": false,
            "minConfirm": 200,
            "name": "NEROX AI",
            "network": "Optimism(OP)",
            "withdrawEnable": true,
            "withdrawFee": "0",
            "withdrawIntegerMultiple": null,
            "withdrawMax": "75000",
            "withdrawMin": "0.1",
            "sameAddress": false,
            "contract": "0xD42Fe55e8A43b546aA75fdA6483073be1d7EF74c",
            "withdrawTips": null,
            "depositTips": null,
            "netWork": "OP"
        }
    },
    {
        "coin": "VELODROME",
        "name": "Velodrome Finance",
        "networkDetails": {
            "coin": "VELODROME",
            "depositDesc": null,
            "depositEnable": true,
            "minConfirm": 200,
            "name": "Velodrome Finance",
            "network": "Optimism(OP)",
            "withdrawEnable": true,
            "withdrawFee": "0.05",
            "withdrawIntegerMultiple": null,
            "withdrawMax": "2300000",
            "withdrawMin": "0.1",
            "sameAddress": false,
            "contract": "0x9560e827aF36c94D2Ac33a39bCE1Fe78631088Db",
            "withdrawTips": "",
            "depositTips": "",
            "netWork": "OP"
        }
    },
    {
        "coin": "KWENTA",
        "name": "Kwenta",
        "networkDetails": {
            "coin": "KWENTA",
            "depositDesc": null,
            "depositEnable": true,
            "minConfirm": 200,
            "name": "Kwenta",
            "network": "Optimism(OP)",
            "withdrawEnable": true,
            "withdrawFee": "0.002",
            "withdrawIntegerMultiple": null,
            "withdrawMax": "200",
            "withdrawMin": "0.01",
            "sameAddress": false,
            "contract": "0x920Cf626a271321C151D027030D5d08aF699456b",
            "withdrawTips": null,
            "depositTips": null,
            "netWork": "OP"
        }
    },
    {
        "coin": "CWA",
        "name": "Chris World Asset",
        "networkDetails": {
            "coin": "CWA",
            "depositDesc": null,
            "depositEnable": true,
            "minConfirm": 200,
            "name": "Chris World Asset",
            "network": "Optimism(OP)",
            "withdrawEnable": true,
            "withdrawFee": "6.24",
            "withdrawIntegerMultiple": null,
            "withdrawMax": "2000000",
            "withdrawMin": "15",
            "sameAddress": false,
            "contract": "0x34C0431C98cd37F8359f4445477619a815CB36bd",
            "withdrawTips": null,
            "depositTips": null,
            "netWork": "OP"
        }
    },
    {
        "coin": "SMILEAI",
        "name": "HappyAI",
        "networkDetails": {
            "coin": "SMILEAI",
            "depositDesc": "Deposit is prohibited (forced deposit may result in asset loss)",
            "depositEnable": false,
            "minConfirm": 200,
            "name": "HappyAI",
            "network": "Optimism(OP)",
            "withdrawEnable": true,
            "withdrawFee": "1667000",
            "withdrawIntegerMultiple": null,
            "withdrawMax": "330000000000",
            "withdrawMin": "3000000",
            "sameAddress": false,
            "contract": "0xDC8840A0A1EBf8Be5aCE62A7D9360DfCB26aDFFC",
            "withdrawTips": null,
            "depositTips": null,
            "netWork": "OP"
        }
    },
    {
        "coin": "OP",
        "name": "Optimism",
        "networkDetails": {
            "coin": "OP",
            "depositDesc": null,
            "depositEnable": true,
            "minConfirm": 200,
            "name": "Optimism",
            "network": "Optimism(OP)",
            "withdrawEnable": true,
            "withdrawFee": "0.018",
            "withdrawIntegerMultiple": null,
            "withdrawMax": "500000",
            "withdrawMin": "2",
            "sameAddress": false,
            "contract": "0x4200000000000000000000000000000000000042",
            "withdrawTips": null,
            "depositTips": null,
            "netWork": "OP"
        }
    },
    {
        "coin": "ETH",
        "name": "ETH",
        "networkDetails": {
            "coin": "ETH",
            "depositDesc": null,
            "depositEnable": true,
            "minConfirm": 200,
            "name": "ETH",
            "network": "Optimism(OP)",
            "withdrawEnable": true,
            "withdrawFee": "0.000005",
            "withdrawIntegerMultiple": null,
            "withdrawMax": "1000",
            "withdrawMin": "0.0003",
            "sameAddress": false,
            "contract": "",
            "withdrawTips": null,
            "depositTips": null,
            "netWork": "OP"
        }
    },
    {
        "coin": "WCT",
        "name": "WalletConnect",
        "networkDetails": {
            "coin": "WCT",
            "depositDesc": null,
            "depositEnable": true,
            "minConfirm": 200,
            "name": "WalletConnect",
            "network": "Optimism(OP)",
            "withdrawEnable": true,
            "withdrawFee": "1",
            "withdrawIntegerMultiple": null,
            "withdrawMax": "400000",
            "withdrawMin": "10",
            "sameAddress": false,
            "contract": "0xeF4461891DfB3AC8572cCf7C794664A8DD927945",
            "withdrawTips": null,
            "depositTips": null,
            "netWork": "OP"
        }
    },
    {
        "coin": "WLD",
        "name": "Worldcoin",
        "networkDetails": {
            "coin": "WLD",
            "depositDesc": null,
            "depositEnable": true,
            "minConfirm": 200,
            "name": "Worldcoin",
            "network": "Optimism(OP)",
            "withdrawEnable": true,
            "withdrawFee": "0.5",
            "withdrawIntegerMultiple": null,
            "withdrawMax": "2000000",
            "withdrawMin": "1",
            "sameAddress": false,
            "contract": "0xdC6fF44d5d932Cbd77B52E5612Ba0529DC6226F1",
            "withdrawTips": null,
            "depositTips": "",
            "netWork": "OP"
        }
    },
    {
        "coin": "COLLAB",
        "name": "Collab.Land",
        "networkDetails": {
            "coin": "COLLAB",
            "depositDesc": "Deposit suspended due to wallet maintenance",
            "depositEnable": false,
            "minConfirm": 200,
            "name": "Collab.Land",
            "network": "Optimism(OP)",
            "withdrawEnable": true,
            "withdrawFee": "0",
            "withdrawIntegerMultiple": null,
            "withdrawMax": "200000",
            "withdrawMin": "1",
            "sameAddress": false,
            "contract": "0x8B21e9b7dAF2c4325bf3D18c1BeB79A347fE902A",
            "withdrawTips": null,
            "depositTips": null,
            "netWork": "OP"
        }
    },
    {
        "coin": "RILLA",
        "name": "RillaFi",
        "networkDetails": {
            "coin": "RILLA",
            "depositDesc": "Deposit is prohibited (forced deposit may result in asset loss)",
            "depositEnable": false,
            "minConfirm": 200,
            "name": "RillaFi",
            "network": "Optimism(OP)",
            "withdrawEnable": true,
            "withdrawFee": "0",
            "withdrawIntegerMultiple": null,
            "withdrawMax": "10000000",
            "withdrawMin": "30",
            "sameAddress": false,
            "contract": "0x96D17e1301b31556e5e263389583A9331e6749E9",
            "withdrawTips": null,
            "depositTips": null,
            "netWork": "OP"
        }
    },
    {
        "coin": "CYBER",
        "name": "CyberConnect",
        "networkDetails": {
            "coin": "CYBER",
            "depositDesc": null,
            "depositEnable": true,
            "minConfirm": 200,
            "name": "CyberConnect",
            "network": "Optimism(OP)",
            "withdrawEnable": true,
            "withdrawFee": "0.2",
            "withdrawIntegerMultiple": null,
            "withdrawMax": "50000",
            "withdrawMin": "2",
            "sameAddress": false,
            "contract": "0x14778860E937f509e651192a90589dE711Fb88a9",
            "withdrawTips": null,
            "depositTips": null,
            "netWork": "OP"
        }
    },
    {
        "coin": "USDT",
        "name": "USDT",
        "networkDetails": {
            "coin": "USDT",
            "depositDesc": null,
            "depositEnable": true,
            "minConfirm": 200,
            "name": "Tether",
            "network": "Optimism(OP)",
            "withdrawEnable": true,
            "withdrawFee": "0.024",
            "withdrawIntegerMultiple": null,
            "withdrawMax": "2000000",
            "withdrawMin": "3",
            "sameAddress": false,
            "contract": "0x94b008aA00579c1307B0EF2c499aD98a8ce58e58",
            "withdrawTips": null,
            "depositTips": null,
            "netWork": "OP"
        }
    },
    {
        "coin": "USDC",
        "name": "USDC",
        "networkDetails": {
            "coin": "USDC",
            "depositDesc": null,
            "depositEnable": true,
            "minConfirm": 200,
            "name": "USDC",
            "network": "Optimism(OP)",
            "withdrawEnable": true,
            "withdrawFee": "0.024",
            "withdrawIntegerMultiple": null,
            "withdrawMax": "2000000",
            "withdrawMin": "2",
            "sameAddress": false,
            "contract": "0x0b2C639c533813f4Aa9D7837CAf62653d097Ff85",
            "withdrawTips": "The last digits of the token's contract address are 7Ff85, please make sure they're correct before taking action.",
            "depositTips": "The last digits of the token's contract address are 7Ff85, please make sure they're correct before taking action.",
            "netWork": "OP"
        }
    },
    {
        "coin": "LYRA",
        "name": "LYRA",
        "networkDetails": {
            "coin": "LYRA",
            "depositDesc": "Deposit suspended due to wallet maintenance",
            "depositEnable": false,
            "minConfirm": 200,
            "name": "LYRA",
            "network": "Optimism(OP)",
            "withdrawEnable": true,
            "withdrawFee": "0",
            "withdrawIntegerMultiple": null,
            "withdrawMax": "1200000",
            "withdrawMin": "1",
            "sameAddress": false,
            "contract": "0x50c5725949A6F0c72E6C4a641F24049A917DB0Cb",
            "withdrawTips": null,
            "depositTips": null,
            "netWork": "OP"
        }
    },
    {
        "coin": "TERMINAL",
        "name": "Love Terminal",
        "networkDetails": {
            "coin": "TERMINAL",
            "depositDesc": null,
            "depositEnable": true,
            "minConfirm": 200,
            "name": "Love Terminal",
            "network": "Optimism(OP)",
            "withdrawEnable": true,
            "withdrawFee": "80",
            "withdrawIntegerMultiple": null,
            "withdrawMax": "200000000",
            "withdrawMin": "500",
            "sameAddress": false,
            "contract": "0x7e19DD1076e0C69C2bda2CFbb04669F395654c22",
            "withdrawTips": null,
            "depositTips": null,
            "netWork": "OP"
        }
    },
    {
        "coin": "NOI",
        "name": "NOI Exchange",
        "networkDetails": {
            "coin": "NOI",
            "depositDesc": null,
            "depositEnable": true,
            "minConfirm": 200,
            "name": "NOI Exchange",
            "network": "Optimism(OP)",
            "withdrawEnable": true,
            "withdrawFee": "300",
            "withdrawIntegerMultiple": null,
            "withdrawMax": "100000000",
            "withdrawMin": "600",
            "sameAddress": false,
            "contract": "0x4793405c2231D8646F8ee79E120c230c574b0c4B",
            "withdrawTips": null,
            "depositTips": null,
            "netWork": "OP"
        }
    },
    {
        "coin": "BNRY",
        "name": "Binary Token",
        "networkDetails": {
            "coin": "BNRY",
            "depositDesc": null,
            "depositEnable": true,
            "minConfirm": 200,
            "name": "Binary Token",
            "network": "Optimism(OP)",
            "withdrawEnable": true,
            "withdrawFee": "5.5",
            "withdrawIntegerMultiple": null,
            "withdrawMax": "1430000",
            "withdrawMin": "10",
            "sameAddress": false,
            "contract": "0xB5090D514BcacA7daFB7E52763658844121f346d",
            "withdrawTips": null,
            "depositTips": null,
            "netWork": "OP"
        }
    },
    {
        "coin": "THALES",
        "name": "THALES",
        "networkDetails": {
            "coin": "THALES",
            "depositDesc": "Deposit is prohibited (forced deposit may result in asset loss)",
            "depositEnable": false,
            "minConfirm": 200,
            "name": "THALES",
            "network": "Optimism(OP)",
            "withdrawEnable": false,
            "withdrawFee": "2",
            "withdrawIntegerMultiple": null,
            "withdrawMax": "500000",
            "withdrawMin": "20",
            "sameAddress": false,
            "contract": "0x217D47011b23BB961eB6D93cA9945B7501a5BB11",
            "withdrawTips": null,
            "depositTips": null,
            "netWork": "OP"
        }
    },
    {
        "coin": "SONNE",
        "name": "Sonne Finance",
        "networkDetails": {
            "coin": "SONNE",
            "depositDesc": "Deposit is prohibited (forced deposit may result in asset loss)",
            "depositEnable": false,
            "minConfirm": 200,
            "name": "Sonne Finance",
            "network": "Optimism(OP)",
            "withdrawEnable": true,
            "withdrawFee": "1",
            "withdrawIntegerMultiple": null,
            "withdrawMax": "680000",
            "withdrawMin": "2",
            "sameAddress": false,
            "contract": "0x1DB2466d9F5e10D7090E7152B68d62703a2245F0",
            "withdrawTips": null,
            "depositTips": null,
            "netWork": "OP"
        }
    },
    {
        "coin": "ACX",
        "name": "Across Protocol",
        "networkDetails": {
            "coin": "ACX",
            "depositDesc": null,
            "depositEnable": true,
            "minConfirm": 200,
            "name": "Across Protocol",
            "network": "Optimism(OP)",
            "withdrawEnable": true,
            "withdrawFee": "1",
            "withdrawIntegerMultiple": null,
            "withdrawMax": "10000000",
            "withdrawMin": "10",
            "sameAddress": false,
            "contract": "0xFf733b2A3557a7ed6697007ab5D11B79FdD1b76B",
            "withdrawTips": null,
            "depositTips": null,
            "netWork": "OP"
        }
    },
    {
        "coin": "SOONX",
        "name": "SoonChain",
        "networkDetails": {
            "coin": "SOONX",
            "depositDesc": null,
            "depositEnable": true,
            "minConfirm": 200,
            "name": "SoonChain",
            "network": "Optimism(OP)",
            "withdrawEnable": true,
            "withdrawFee": "150",
            "withdrawIntegerMultiple": null,
            "withdrawMax": "50000000",
            "withdrawMin": "300",
            "sameAddress": false,
            "contract": "0x5dF7ABe3C51c01dcf6D1f1F9A0ab4dC3759869b9",
            "withdrawTips": "The token name of SoonVerse (SOON) is SoonChain (SOONX) in MEXC; The last digits of the token's contract address are E229, please make sure they're correct before taking action.",
            "depositTips": "",
            "netWork": "OP"
        }
    }
]