[
    {
        "coin": "P3D",
        "name": "3DPass",
        "networkDetails": {
            "coin": "P3D",
            "depositDesc": null,
            "depositEnable": true,
            "minConfirm": 15,
            "name": "3DPass",
            "network": "P3D",
            "withdrawEnable": true,
            "withdrawFee": "20",
            "withdrawIntegerMultiple": null,
            "withdrawMax": "20000000",
            "withdrawMin": "40",
            "sameAddress": false,
            "contract": "",
            "withdrawTips": null,
            "depositTips": null,
            "netWork": "P3D"
        }
    }
]