[
    {
        "coin": "PART",
        "name": "Particl",
        "networkDetails": {
            "coin": "PART",
            "depositDesc": null,
            "depositEnable": true,
            "minConfirm": 50,
            "name": "Particl",
            "network": "PART",
            "withdrawEnable": true,
            "withdrawFee": "0.1",
            "withdrawIntegerMultiple": null,
            "withdrawMax": "2000000",
            "withdrawMin": "1",
            "sameAddress": false,
            "contract": "",
            "withdrawTips": null,
            "depositTips": null,
            "netWork": "PART"
        }
    }
]