[
    {
        "coin": "PG",
        "name": "PEGO Network",
        "networkDetails": {
            "coin": "PG",
            "depositDesc": "Deposit suspended due to on-chain maintenance",
            "depositEnable": false,
            "minConfirm": 12,
            "name": "PEGO Network",
            "network": "PEGO",
            "withdrawEnable": false,
            "withdrawFee": "1",
            "withdrawIntegerMultiple": null,
            "withdrawMax": "70000",
            "withdrawMin": "2",
            "sameAddress": false,
            "contract": "",
            "withdrawTips": null,
            "depositTips": null,
            "netWork": "PEGO"
        }
    }
]