[
    {
        "coin": "PENDULUM",
        "name": "PENDULUM",
        "networkDetails": {
            "coin": "PENDULUM",
            "depositDesc": null,
            "depositEnable": true,
            "minConfirm": 10,
            "name": "PENDULUM",
            "network": "PEN",
            "withdrawEnable": true,
            "withdrawFee": "0.005",
            "withdrawIntegerMultiple": null,
            "withdrawMax": "5000000",
            "withdrawMin": "0.1",
            "sameAddress": false,
            "contract": "",
            "withdrawTips": null,
            "depositTips": null,
            "netWork": "PEN"
        }
    }
]