[
    {
        "coin": "PI",
        "name": "Pi Network",
        "networkDetails": {
            "coin": "PI",
            "depositDesc": null,
            "depositEnable": true,
            "minConfirm": 60,
            "name": "Pi Network",
            "network": "Pi Network",
            "withdrawEnable": true,
            "withdrawFee": "0.02",
            "withdrawIntegerMultiple": null,
            "withdrawMax": "2000000",
            "withdrawMin": "0.4",
            "sameAddress": false,
            "contract": "",
            "withdrawTips": null,
            "depositTips": null,
            "netWork": "PINETWORK"
        }
    }
]