[
    {
        "coin": "PC",
        "name": "Plug Chain",
        "networkDetails": {
            "coin": "PC",
            "depositDesc": "Deposit suspended due to wallet maintenance",
            "depositEnable": false,
            "minConfirm": 18,
            "name": "Plug Chain",
            "network": "PLUG",
            "withdrawEnable": false,
            "withdrawFee": "500",
            "withdrawIntegerMultiple": null,
            "withdrawMax": "1000000000",
            "withdrawMin": "1000",
            "sameAddress": true,
            "contract": "",
            "withdrawTips": null,
            "depositTips": null,
            "netWork": "PLUG"
        }
    }
]