[
    {
        "coin": "RVN",
        "name": "RavenCoin",
        "networkDetails": {
            "coin": "RVN",
            "depositDesc": null,
            "depositEnable": true,
            "minConfirm": 150,
            "name": "RavenCoin",
            "network": "Ravencoin(RVN)",
            "withdrawEnable": true,
            "withdrawFee": "1",
            "withdrawIntegerMultiple": null,
            "withdrawMax": "10000000",
            "withdrawMin": "2",
            "sameAddress": false,
            "contract": "",
            "withdrawTips": null,
            "depositTips": "MEXC doesn't support any kind of mining service, please don't use deposit address as your mining address to avoid asset loss.",
            "netWork": "RVN"
        }
    }
]