[
    {
        "coin": "REBUS",
        "name": "REBUSEVM",
        "networkDetails": {
            "coin": "REBUS",
            "depositDesc": "Deposit is prohibited (forced deposit may result in asset loss)",
            "depositEnable": false,
            "minConfirm": 40,
            "name": "Rebus",
            "network": "REBUS",
            "withdrawEnable": false,
            "withdrawFee": "1",
            "withdrawIntegerMultiple": null,
            "withdrawMax": "2700000",
            "withdrawMin": "10",
            "sameAddress": true,
            "contract": "",
            "withdrawTips": null,
            "depositTips": null,
            "netWork": "REBUS"
        }
    }
]