[
    {
        "coin": "RIGO",
        "name": "RIGO",
        "networkDetails": {
            "coin": "RIGO",
            "depositDesc": "Deposit suspended as project integration is in progress",
            "depositEnable": false,
            "minConfirm": 12,
            "name": "RIGO",
            "network": "RIGO",
            "withdrawEnable": false,
            "withdrawFee": "0",
            "withdrawIntegerMultiple": null,
            "withdrawMax": "2000000",
            "withdrawMin": "0.002",
            "sameAddress": false,
            "contract": "",
            "withdrawTips": null,
            "depositTips": null,
            "netWork": "RIGO"
        }
    }
]