[
    {
        "coin": "XRPAYNET",
        "name": "XRPaynet",
        "networkDetails": {
            "coin": "XRPAYNET",
            "depositDesc": null,
            "depositEnable": true,
            "minConfirm": 30,
            "name": "XRPaynet",
            "network": "Ripple(XRP)",
            "withdrawEnable": true,
            "withdrawFee": "10",
            "withdrawIntegerMultiple": null,
            "withdrawMax": "2860000000",
            "withdrawMin": "20",
            "sameAddress": true,
            "contract": "58525061794E6574000000000000000000000000",
            "withdrawTips": "As XRPAYNET runs on XRP chain, it's mandatory for users to activate XRPAYNET on the address. Otherwise, the withdrawal won't be credited.",
            "depositTips": null,
            "netWork": "XRP"
        }
    },
    {
        "coin": "XCOREUM",
        "name": "XCOREUM",
        "networkDetails": {
            "coin": "XCOREUM",
            "depositDesc": "Deposit is prohibited (forced deposit may result in asset loss)",
            "depositEnable": false,
            "minConfirm": 30,
            "name": "XCOREUM",
            "network": "Ripple(XRP)",
            "withdrawEnable": true,
            "withdrawFee": "10",
            "withdrawIntegerMultiple": null,
            "withdrawMax": "500000",
            "withdrawMin": "18",
            "sameAddress": true,
            "contract": "58434F5245000000000000000000000000000000",
            "withdrawTips": null,
            "depositTips": null,
            "netWork": "XRP"
        }
    },
    {
        "coin": "SWX",
        "name": "Swell",
        "networkDetails": {
            "coin": "SWX",
            "depositDesc": null,
            "depositEnable": true,
            "minConfirm": 30,
            "name": "Swell",
            "network": "Ripple(XRP)",
            "withdrawEnable": true,
            "withdrawFee": "150",
            "withdrawIntegerMultiple": null,
            "withdrawMax": "60000000",
            "withdrawMin": "500",
            "sameAddress": true,
            "contract": "SWX",
            "withdrawTips": null,
            "depositTips": null,
            "netWork": "XRP"
        }
    },
    {
        "coin": "PHNIX",
        "name": "Phoenix",
        "networkDetails": {
            "coin": "PHNIX",
            "depositDesc": null,
            "depositEnable": true,
            "minConfirm": 30,
            "name": "Phoenix",
            "network": "Ripple(XRP)",
            "withdrawEnable": true,
            "withdrawFee": "6000",
            "withdrawIntegerMultiple": null,
            "withdrawMax": "2000000000",
            "withdrawMin": "10000",
            "sameAddress": true,
            "contract": "50484E4958000000000000000000000000000000",
            "withdrawTips": null,
            "depositTips": null,
            "netWork": "XRP"
        }
    },
    {
        "coin": "LIHUA",
        "name": "LIHUA",
        "networkDetails": {
            "coin": "LIHUA",
            "depositDesc": null,
            "depositEnable": true,
            "minConfirm": 30,
            "name": "LIHUA",
            "network": "Ripple(XRP)",
            "withdrawEnable": true,
            "withdrawFee": "1800000",
            "withdrawIntegerMultiple": null,
            "withdrawMax": "580000000000",
            "withdrawMin": "4000000",
            "sameAddress": true,
            "contract": "4C49485541000000000000000000000000000000",
            "withdrawTips": null,
            "depositTips": null,
            "netWork": "XRP"
        }
    },
    {
        "coin": "ARMY",
        "name": "ARMY",
        "networkDetails": {
            "coin": "ARMY",
            "depositDesc": null,
            "depositEnable": true,
            "minConfirm": 30,
            "name": "ARMY",
            "network": "Ripple(XRP)",
            "withdrawEnable": true,
            "withdrawFee": "5",
            "withdrawIntegerMultiple": null,
            "withdrawMax": "2000000",
            "withdrawMin": "20",
            "sameAddress": true,
            "contract": "41524D5900000000000000000000000000000000",
            "withdrawTips": null,
            "depositTips": null,
            "netWork": "XRP"
        }
    },
    {
        "coin": "XSPECTAR",
        "name": "xSPECTAR",
        "networkDetails": {
            "coin": "XSPECTAR",
            "depositDesc": null,
            "depositEnable": true,
            "minConfirm": 30,
            "name": "xSPECTAR",
            "network": "Ripple(XRP)",
            "withdrawEnable": true,
            "withdrawFee": "4",
            "withdrawIntegerMultiple": null,
            "withdrawMax": "5000000",
            "withdrawMin": "10",
            "sameAddress": true,
            "contract": "7853504543544152000000000000000000000000",
            "withdrawTips": "As XSPECTAR runs on XRP chain, it's mandatory for users to activate XSPECTAR on the address. Otherwise, the withdrawal won't be credited.",
            "depositTips": null,
            "netWork": "XRP"
        }
    },
    {
        "coin": "XPM",
        "name": "XPMarket",
        "networkDetails": {
            "coin": "XPM",
            "depositDesc": null,
            "depositEnable": true,
            "minConfirm": 30,
            "name": "XPMarket",
            "network": "Ripple(XRP)",
            "withdrawEnable": true,
            "withdrawFee": "5",
            "withdrawIntegerMultiple": null,
            "withdrawMax": "2000000",
            "withdrawMin": "10",
            "sameAddress": true,
            "contract": "XPM",
            "withdrawTips": null,
            "depositTips": null,
            "netWork": "XRP"
        }
    },
    {
        "coin": "XRP",
        "name": "XRP",
        "networkDetails": {
            "coin": "XRP",
            "depositDesc": null,
            "depositEnable": true,
            "minConfirm": 30,
            "name": "XRP",
            "network": "Ripple(XRP)",
            "withdrawEnable": true,
            "withdrawFee": "0.2",
            "withdrawIntegerMultiple": null,
            "withdrawMax": "1000000",
            "withdrawMin": "11",
            "sameAddress": true,
            "contract": "",
            "withdrawTips": null,
            "depositTips": "",
            "netWork": "XRP"
        }
    },
    {
        "coin": "EQUILIBRIUM",
        "name": "Equilibrium Games",
        "networkDetails": {
            "coin": "EQUILIBRIUM",
            "depositDesc": "Deposit suspended due to wallet maintenance",
            "depositEnable": false,
            "minConfirm": 30,
            "name": "Equilibrium Games",
            "network": "Ripple(XRP)",
            "withdrawEnable": true,
            "withdrawFee": "0",
            "withdrawIntegerMultiple": null,
            "withdrawMax": "3000000",
            "withdrawMin": "1",
            "sameAddress": true,
            "contract": "457175696C69627269756D000000000000000000",
            "withdrawTips": "The token name of Equilibrium Games (EQ) is EQUILIBRIUM in MEXC Global; please make sure they're correct before taking action.",
            "depositTips": "The token name of Equilibrium Games (EQ) is EQUILIBRIUM in MEXC Global; please make sure they're correct before taking action.",
            "netWork": "XRP"
        }
    },
    {
        "coin": "LUC",
        "name": "Lucretius",
        "networkDetails": {
            "coin": "LUC",
            "depositDesc": "Deposit suspended upon project party's request",
            "depositEnable": false,
            "minConfirm": 30,
            "name": "Lucretius",
            "network": "Ripple(XRP)",
            "withdrawEnable": true,
            "withdrawFee": "0",
            "withdrawIntegerMultiple": null,
            "withdrawMax": "200000000",
            "withdrawMin": "1",
            "sameAddress": true,
            "contract": "LUC",
            "withdrawTips": "As LUC runs on XRP chain, it's mandatory for users to activate LUC on the address. Otherwise, the withdrawal won't be credited.",
            "depositTips": null,
            "netWork": "XRP"
        }
    },
    {
        "coin": "PONGO",
        "name": "PONGO",
        "networkDetails": {
            "coin": "PONGO",
            "depositDesc": null,
            "depositEnable": true,
            "minConfirm": 30,
            "name": "PONGO",
            "network": "Ripple(XRP)",
            "withdrawEnable": true,
            "withdrawFee": "5000000",
            "withdrawIntegerMultiple": null,
            "withdrawMax": "2000000000000",
            "withdrawMin": "10000000",
            "sameAddress": true,
            "contract": "504F4E474F000000000000000000000000000000",
            "withdrawTips": null,
            "depositTips": null,
            "netWork": "XRP"
        }
    },
    {
        "coin": "SOLO",
        "name": "Sologenic",
        "networkDetails": {
            "coin": "SOLO",
            "depositDesc": null,
            "depositEnable": true,
            "minConfirm": 30,
            "name": "Sologenic",
            "network": "Ripple(XRP)",
            "withdrawEnable": true,
            "withdrawFee": "2",
            "withdrawIntegerMultiple": null,
            "withdrawMax": "1200000",
            "withdrawMin": "4",
            "sameAddress": true,
            "contract": "534F4C4F00000000000000000000000000000000",
            "withdrawTips": "Each SOLO transfer will be charged an additional 0.01% fee by the official smart contract. Please confirm before depositing;As SOLO runs on XRP chain, it's mandatory for users to activate SOLO on the address. Otherwise, the withdrawal won't be credited.",
            "depositTips": "Each SOLO transfer will be charged an additional 0.01% fee by the official smart contract. Please confirm before depositing;",
            "netWork": "XRP"
        }
    },
    {
        "coin": "COREUM",
        "name": "COREUM",
        "networkDetails": {
            "coin": "COREUM",
            "depositDesc": null,
            "depositEnable": true,
            "minConfirm": 30,
            "name": "Coreum",
            "network": "Ripple(XRP)",
            "withdrawEnable": false,
            "withdrawFee": "0.6",
            "withdrawIntegerMultiple": null,
            "withdrawMax": "420000",
            "withdrawMin": "1",
            "sameAddress": true,
            "contract": "434F524500000000000000000000000000000000",
            "withdrawTips": "As COREUM runs on XRP chain, it's mandatory for users to activate COREUM on the address. Otherwise, the withdrawal won't be credited.",
            "depositTips": "The token name of Coreum (CORE) is COREUM in MEXC Global; please make sure they're correct before taking action.",
            "netWork": "XRP"
        }
    },
    {
        "coin": "RPLS",
        "name": "RPLS",
        "networkDetails": {
            "coin": "RPLS",
            "depositDesc": "Deposit is prohibited (forced deposit may result in asset loss)",
            "depositEnable": false,
            "minConfirm": 30,
            "name": "RPLS",
            "network": "Ripple(XRP)",
            "withdrawEnable": true,
            "withdrawFee": "0",
            "withdrawIntegerMultiple": null,
            "withdrawMax": "4000000",
            "withdrawMin": "20",
            "sameAddress": true,
            "contract": "52504C5300000000000000000000000000000000",
            "withdrawTips": null,
            "depositTips": null,
            "netWork": "XRP"
        }
    },
    {
        "coin": "XRPC",
        "name": "Xrp Classic",
        "networkDetails": {
            "coin": "XRPC",
            "depositDesc": null,
            "depositEnable": true,
            "minConfirm": 30,
            "name": "Xrp Classic",
            "network": "Ripple(XRP)",
            "withdrawEnable": true,
            "withdrawFee": "110",
            "withdrawIntegerMultiple": null,
            "withdrawMax": "12500000",
            "withdrawMin": "200",
            "sameAddress": true,
            "contract": "5852504300000000000000000000000000000000",
            "withdrawTips": null,
            "depositTips": null,
            "netWork": "XRP"
        }
    },
    {
        "coin": "XRPH",
        "name": "XRP Healthcare",
        "networkDetails": {
            "coin": "XRPH",
            "depositDesc": null,
            "depositEnable": true,
            "minConfirm": 30,
            "name": "XRP Healthcare",
            "network": "Ripple(XRP)",
            "withdrawEnable": true,
            "withdrawFee": "4",
            "withdrawIntegerMultiple": null,
            "withdrawMax": "6700000",
            "withdrawMin": "60",
            "sameAddress": true,
            "contract": "5852504800000000000000000000000000000000",
            "withdrawTips": null,
            "depositTips": null,
            "netWork": "XRP"
        }
    }
]