[
    {
        "coin": "SAL",
        "name": "SAL",
        "networkDetails": {
            "coin": "SAL",
            "depositDesc": null,
            "depositEnable": true,
            "minConfirm": 20,
            "name": "SAL",
            "network": "SALVIUM",
            "withdrawEnable": true,
            "withdrawFee": "4",
            "withdrawIntegerMultiple": null,
            "withdrawMax": "4000000",
            "withdrawMin": "10",
            "sameAddress": false,
            "contract": "",
            "withdrawTips": null,
            "depositTips": null,
            "netWork": "SALVIUM"
        }
    }
]