[
    {
        "coin": "SEDA",
        "name": "SEDA",
        "networkDetails": {
            "coin": "SEDA",
            "depositDesc": "Deposit suspended as project upgrade is in progress",
            "depositEnable": false,
            "minConfirm": 16,
            "name": "SEDA",
            "network": "SEDA",
            "withdrawEnable": false,
            "withdrawFee": "5",
            "withdrawIntegerMultiple": null,
            "withdrawMax": "400000000",
            "withdrawMin": "10",
            "sameAddress": true,
            "contract": "",
            "withdrawTips": null,
            "depositTips": null,
            "netWork": "SEDA"
        }
    }
]