[
    {
        "coin": "SGE",
        "name": "Six Sigma Sports",
        "networkDetails": {
            "coin": "SGE",
            "depositDesc": "Deposit is prohibited (forced deposit may result in asset loss)",
            "depositEnable": false,
            "minConfirm": 30,
            "name": "Six Sigma Sports",
            "network": "SGE",
            "withdrawEnable": true,
            "withdrawFee": "1",
            "withdrawIntegerMultiple": null,
            "withdrawMax": "1250000",
            "withdrawMin": "5",
            "sameAddress": true,
            "contract": "",
            "withdrawTips": null,
            "depositTips": null,
            "netWork": "SGE"
        }
    }
]