[
    {
        "coin": "SHM",
        "name": "Shardeum",
        "networkDetails": {
            "coin": "SHM",
            "depositDesc": null,
            "depositEnable": true,
            "minConfirm": 20,
            "name": "Shardeum",
            "network": "SHARDEUM",
            "withdrawEnable": true,
            "withdrawFee": "1",
            "withdrawIntegerMultiple": null,
            "withdrawMax": "1000000",
            "withdrawMin": "2",
            "sameAddress": false,
            "contract": "",
            "withdrawTips": null,
            "depositTips": null,
            "netWork": "SHARDEUM"
        }
    }
]