[
    {
        "coin": "SMR",
        "name": "Shimmer",
        "networkDetails": {
            "coin": "SMR",
            "depositDesc": "Deposit is prohibited (forced deposit may result in asset loss)",
            "depositEnable": false,
            "minConfirm": 40,
            "name": "Shimmer",
            "network": "SMREVM",
            "withdrawEnable": true,
            "withdrawFee": "10",
            "withdrawIntegerMultiple": null,
            "withdrawMax": "20000000",
            "withdrawMin": "20",
            "sameAddress": false,
            "contract": "",
            "withdrawTips": null,
            "depositTips": null,
            "netWork": "SMR"
        }
    }
]