[
    {
        "coin": "STAROLD",
        "name": "Filestar",
        "networkDetails": {
            "coin": "STAROLD",
            "depositDesc": "Deposit suspended due to wallet maintenance",
            "depositEnable": false,
            "minConfirm": 12,
            "name": "Filestar",
            "network": "STAR",
            "withdrawEnable": false,
            "withdrawFee": "1",
            "withdrawIntegerMultiple": null,
            "withdrawMax": "200000",
            "withdrawMin": "2",
            "sameAddress": false,
            "contract": "",
            "withdrawTips": null,
            "depositTips": null,
            "netWork": "STAR"
        }
    }
]