[
    {
        "coin": "BCE",
        "name": "Bitcastle",
        "networkDetails": {
            "coin": "BCE",
            "depositDesc": null,
            "depositEnable": true,
            "minConfirm": 30,
            "name": "Bitcastle",
            "network": "Sui",
            "withdrawEnable": true,
            "withdrawFee": "35",
            "withdrawIntegerMultiple": null,
            "withdrawMax": "10000000",
            "withdrawMin": "100",
            "sameAddress": false,
            "contract": "0x34d12f761847a05dfa33a1692440588f4b5f7f24be619334e29d74e083f5e64e::bce::BCE",
            "withdrawTips": null,
            "depositTips": null,
            "netWork": "SUI"
        }
    },
    {
        "coin": "SPT",
        "name": "SeaFi",
        "networkDetails": {
            "coin": "SPT",
            "depositDesc": null,
            "depositEnable": true,
            "minConfirm": 30,
            "name": "SeaFi",
            "network": "Sui",
            "withdrawEnable": true,
            "withdrawFee": "5",
            "withdrawIntegerMultiple": null,
            "withdrawMax": "2000000",
            "withdrawMin": "10",
            "sameAddress": false,
            "contract": "0xb779486cfd6c19e9218cc7dc17c453014d2d9ba12d2ee4dbb0ec4e1e02ae1cca::spt::SPT",
            "withdrawTips": null,
            "depositTips": null,
            "netWork": "SUI"
        }
    },
    {
        "coin": "ARTFI",
        "name": "Artfi",
        "networkDetails": {
            "coin": "ARTFI",
            "depositDesc": null,
            "depositEnable": true,
            "minConfirm": 30,
            "name": "Artfi",
            "network": "Sui",
            "withdrawEnable": true,
            "withdrawFee": "16",
            "withdrawIntegerMultiple": null,
            "withdrawMax": "6000000",
            "withdrawMin": "50",
            "sameAddress": false,
            "contract": "0x706fa7723231e13e8d37dad56da55c027f3163094aa31c867ca254ba0e0dc79f::artfi::ARTFI",
            "withdrawTips": null,
            "depositTips": null,
            "netWork": "SUI"
        }
    },
    {
        "coin": "SUI",
        "name": "SUI",
        "networkDetails": {
            "coin": "SUI",
            "depositDesc": null,
            "depositEnable": true,
            "minConfirm": 30,
            "name": "SUI",
            "network": "Sui",
            "withdrawEnable": true,
            "withdrawFee": "0.06",
            "withdrawIntegerMultiple": null,
            "withdrawMax": "150000",
            "withdrawMin": "5",
            "sameAddress": false,
            "contract": "",
            "withdrawTips": null,
            "depositTips": null,
            "netWork": "SUI"
        }
    },
    {
        "coin": "SUAI",
        "name": "Sui AI",
        "networkDetails": {
            "coin": "SUAI",
            "depositDesc": null,
            "depositEnable": true,
            "minConfirm": 30,
            "name": "Sui AI",
            "network": "Sui",
            "withdrawEnable": true,
            "withdrawFee": "5",
            "withdrawIntegerMultiple": null,
            "withdrawMax": "5000000",
            "withdrawMin": "50",
            "sameAddress": false,
            "contract": "0xbc732bc5f1e9a9f4bdf4c0672ee538dbf56c161afe04ff1de2176efabdf41f92::suai::SUAI",
            "withdrawTips": null,
            "depositTips": null,
            "netWork": "SUI"
        }
    },
    {
        "coin": "SUIP",
        "name": "SUIP",
        "networkDetails": {
            "coin": "SUIP",
            "depositDesc": null,
            "depositEnable": true,
            "minConfirm": 30,
            "name": "SUIP",
            "network": "Sui",
            "withdrawEnable": true,
            "withdrawFee": "1",
            "withdrawIntegerMultiple": null,
            "withdrawMax": "5000000",
            "withdrawMin": "2",
            "sameAddress": false,
            "contract": "0xe4239cd951f6c53d9c41e25270d80d31f925ad1655e5ba5b543843d4a66975ee::SUIP::SUIP",
            "withdrawTips": null,
            "depositTips": null,
            "netWork": "SUI"
        }
    },
    {
        "coin": "PLOP",
        "name": "SUI Plop",
        "networkDetails": {
            "coin": "PLOP",
            "depositDesc": "Deposit is prohibited (forced deposit may result in asset loss)",
            "depositEnable": false,
            "minConfirm": 30,
            "name": "SUI Plop",
            "network": "Sui",
            "withdrawEnable": true,
            "withdrawFee": "400",
            "withdrawIntegerMultiple": null,
            "withdrawMax": "500000000",
            "withdrawMin": "1200",
            "sameAddress": false,
            "contract": "0x1c6cd615ed4c42a34977212a3407a28eec21acc572c8dbe7d0382bf0289a2590::plop::PLOP",
            "withdrawTips": null,
            "depositTips": null,
            "netWork": "SUI"
        }
    },
    {
        "coin": "HIPPO",
        "name": "Sudeng",
        "networkDetails": {
            "coin": "HIPPO",
            "depositDesc": null,
            "depositEnable": true,
            "minConfirm": 30,
            "name": "Sudeng",
            "network": "Sui",
            "withdrawEnable": true,
            "withdrawFee": "40",
            "withdrawIntegerMultiple": null,
            "withdrawMax": "30000000",
            "withdrawMin": "100",
            "sameAddress": false,
            "contract": "0x8993129d72e733985f7f1a00396cbd055bad6f817fee36576ce483c8bbb8b87b::sudeng::SUDENG",
            "withdrawTips": null,
            "depositTips": "The token name of Sudeng (SUDENG) is HIPPO in MEXC; The last digits of the token's contract address are DENG, please make sure they're correct before taking action.",
            "netWork": "SUI"
        }
    },
    {
        "coin": "SEED",
        "name": "SEED",
        "networkDetails": {
            "coin": "SEED",
            "depositDesc": null,
            "depositEnable": true,
            "minConfirm": 30,
            "name": "SEED",
            "network": "Sui",
            "withdrawEnable": true,
            "withdrawFee": "10",
            "withdrawIntegerMultiple": null,
            "withdrawMax": "20000000",
            "withdrawMin": "20",
            "sameAddress": false,
            "contract": "0x1e005d033d858a39e1210aafdd139ce4fa21c79cdb8acadd16513a03c9d4cebd::seed::SEED",
            "withdrawTips": null,
            "depositTips": null,
            "netWork": "SUI"
        }
    },
    {
        "coin": "SEND",
        "name": "Suilend",
        "networkDetails": {
            "coin": "SEND",
            "depositDesc": null,
            "depositEnable": true,
            "minConfirm": 30,
            "name": "Suilend",
            "network": "Sui",
            "withdrawEnable": true,
            "withdrawFee": "0.2",
            "withdrawIntegerMultiple": null,
            "withdrawMax": "80000",
            "withdrawMin": "2",
            "sameAddress": false,
            "contract": "0xb45fcfcc2cc07ce0702cc2d229621e046c906ef14d9b25e8e4d25f6e8763fef7::send::SEND",
            "withdrawTips": null,
            "depositTips": null,
            "netWork": "SUI"
        }
    },
    {
        "coin": "AXOLOLD",
        "name": "Axol",
        "networkDetails": {
            "coin": "AXOLOLD",
            "depositDesc": "Deposit is prohibited (forced deposit may result in asset loss)",
            "depositEnable": false,
            "minConfirm": 30,
            "name": "Axol",
            "network": "Sui",
            "withdrawEnable": true,
            "withdrawFee": "20",
            "withdrawIntegerMultiple": null,
            "withdrawMax": "10000000000",
            "withdrawMin": "50",
            "sameAddress": false,
            "contract": "0xae00e078a46616bf6e1e6fb673d18dcd2aa31319a07c9bc92f6063363f597b4e::AXOL::AXOL",
            "withdrawTips": null,
            "depositTips": null,
            "netWork": "SUI"
        }
    },
    {
        "coin": "DMC",
        "name": "DeLorean",
        "networkDetails": {
            "coin": "DMC",
            "depositDesc": null,
            "depositEnable": true,
            "minConfirm": 30,
            "name": "DeLorean",
            "network": "Sui",
            "withdrawEnable": true,
            "withdrawFee": "100",
            "withdrawIntegerMultiple": null,
            "withdrawMax": "40000000",
            "withdrawMin": "200",
            "sameAddress": false,
            "contract": "0x4c981f3ff786cdb9e514da897ab8a953647dae2ace9679e8358eec1e3e8871ac::dmc::DMC",
            "withdrawTips": null,
            "depositTips": null,
            "netWork": "SUI"
        }
    },
    {
        "coin": "DRF",
        "name": "DRF",
        "networkDetails": {
            "coin": "DRF",
            "depositDesc": "Deposit is prohibited (forced deposit may result in asset loss)",
            "depositEnable": false,
            "minConfirm": 30,
            "name": "DRF",
            "network": "Sui",
            "withdrawEnable": true,
            "withdrawFee": "0",
            "withdrawIntegerMultiple": null,
            "withdrawMax": "10000000",
            "withdrawMin": "20",
            "sameAddress": false,
            "contract": "0x294de7579d55c110a00a7c4946e09a1b5cbeca2592fbb83fd7bfacba3cfeaf0e::drf::DRF",
            "withdrawTips": null,
            "depositTips": null,
            "netWork": "SUI"
        }
    },
    {
        "coin": "CETUS",
        "name": "CETUS",
        "networkDetails": {
            "coin": "CETUS",
            "depositDesc": null,
            "depositEnable": true,
            "minConfirm": 30,
            "name": "CETUS",
            "network": "Sui",
            "withdrawEnable": true,
            "withdrawFee": "1",
            "withdrawIntegerMultiple": null,
            "withdrawMax": "1700000",
            "withdrawMin": "2",
            "sameAddress": false,
            "contract": "0x06864a6f921804860930db6ddbe2e16acdf8504495ea7481637a1c8b9a8fe54b::cetus::CETUS",
            "withdrawTips": null,
            "depositTips": null,
            "netWork": "SUI"
        }
    },
    {
        "coin": "E4C",
        "name": "E4C",
        "networkDetails": {
            "coin": "E4C",
            "depositDesc": "Deposit is prohibited (forced deposit may result in asset loss)",
            "depositEnable": false,
            "minConfirm": 30,
            "name": "E4C",
            "network": "Sui",
            "withdrawEnable": true,
            "withdrawFee": "6",
            "withdrawIntegerMultiple": null,
            "withdrawMax": "1000000",
            "withdrawMin": "20",
            "sameAddress": false,
            "contract": "0x84b27ddadc6139c7e8837fef6759eba4670ba3fc0679acd118b4e9252f834e29::e4c::E4C",
            "withdrawTips": null,
            "depositTips": null,
            "netWork": "SUI"
        }
    },
    {
        "coin": "NS",
        "name": "SuiNS",
        "networkDetails": {
            "coin": "NS",
            "depositDesc": null,
            "depositEnable": true,
            "minConfirm": 30,
            "name": "SuiNS",
            "network": "Sui",
            "withdrawEnable": true,
            "withdrawFee": "1",
            "withdrawIntegerMultiple": null,
            "withdrawMax": "200000",
            "withdrawMin": "2",
            "sameAddress": false,
            "contract": "0x5145494a5f5100e645e4b0aa950fa6b68f614e8c59e17bc5ded3495123a79178::ns::NS",
            "withdrawTips": null,
            "depositTips": null,
            "netWork": "SUI"
        }
    },
    {
        "coin": "XO",
        "name": "XOCIETY",
        "networkDetails": {
            "coin": "XO",
            "depositDesc": null,
            "depositEnable": true,
            "minConfirm": 30,
            "name": "XOCIETY",
            "network": "Sui",
            "withdrawEnable": true,
            "withdrawFee": "150",
            "withdrawIntegerMultiple": null,
            "withdrawMax": "50000000",
            "withdrawMin": "400",
            "sameAddress": false,
            "contract": "0x90f9eb95f62d31fbe2179313547e360db86d88d2399103a94286291b63f469ba::xo::XO",
            "withdrawTips": null,
            "depositTips": null,
            "netWork": "SUI"
        }
    },
    {
        "coin": "MEMEFI",
        "name": "MemeFi",
        "networkDetails": {
            "coin": "MEMEFI",
            "depositDesc": null,
            "depositEnable": true,
            "minConfirm": 30,
            "name": "MemeFi",
            "network": "Sui",
            "withdrawEnable": true,
            "withdrawFee": "65",
            "withdrawIntegerMultiple": null,
            "withdrawMax": "25000000",
            "withdrawMin": "120",
            "sameAddress": false,
            "contract": "0x506a6fc25f1c7d52ceb06ea44a3114c9380f8e2029b4356019822f248b49e411::memefi::MEMEFI",
            "withdrawTips": null,
            "depositTips": null,
            "netWork": "SUI"
        }
    },
    {
        "coin": "WAL",
        "name": "Walrus",
        "networkDetails": {
            "coin": "WAL",
            "depositDesc": null,
            "depositEnable": true,
            "minConfirm": 30,
            "name": "Walrus",
            "network": "Sui",
            "withdrawEnable": true,
            "withdrawFee": "1",
            "withdrawIntegerMultiple": null,
            "withdrawMax": "400000",
            "withdrawMin": "2",
            "sameAddress": false,
            "contract": "0x356a26eb9e012a68958082340d4c4116e7f55615cf27affcff209cf0ae544f59::wal::WAL",
            "withdrawTips": null,
            "depositTips": null,
            "netWork": "SUI"
        }
    },
    {
        "coin": "WAV",
        "name": "Wave World",
        "networkDetails": {
            "coin": "WAV",
            "depositDesc": null,
            "depositEnable": true,
            "minConfirm": 30,
            "name": "Wave World",
            "network": "Sui",
            "withdrawEnable": true,
            "withdrawFee": "25",
            "withdrawIntegerMultiple": null,
            "withdrawMax": "10000000",
            "withdrawMin": "100",
            "sameAddress": false,
            "contract": "0x82616322719cb327186d5b83a6d7783ce5cef4c5dbd4c6d1b5f3d6e5d288e2be::wav::WAV",
            "withdrawTips": null,
            "depositTips": null,
            "netWork": "SUI"
        }
    },
    {
        "coin": "FUD",
        "name": "Fud the Pug",
        "networkDetails": {
            "coin": "FUD",
            "depositDesc": null,
            "depositEnable": true,
            "minConfirm": 30,
            "name": "Fud the Pug",
            "network": "Sui",
            "withdrawEnable": true,
            "withdrawFee": "340000",
            "withdrawIntegerMultiple": null,
            "withdrawMax": "667000000000",
            "withdrawMin": "600000",
            "sameAddress": false,
            "contract": "0x76cb819b01abed502bee8a702b4c2d547532c12f25001c9dea795a5e631c26f1::fud::FUD",
            "withdrawTips": null,
            "depositTips": null,
            "netWork": "SUI"
        }
    },
    {
        "coin": "UNISUI",
        "name": "UniSuiCoin",
        "networkDetails": {
            "coin": "UNISUI",
            "depositDesc": null,
            "depositEnable": true,
            "minConfirm": 30,
            "name": "UniSuiCoin",
            "network": "Sui",
            "withdrawEnable": true,
            "withdrawFee": "90",
            "withdrawIntegerMultiple": null,
            "withdrawMax": "35000000",
            "withdrawMin": "200",
            "sameAddress": false,
            "contract": "0xaf9e228fd0292e2a27b4859bc57a2f3a9faedb9341b6307c84fef163e44790cc::uni::UNI",
            "withdrawTips": null,
            "depositTips": null,
            "netWork": "SUI"
        }
    },
    {
        "coin": "SHR0",
        "name": "SroomAI DAO",
        "networkDetails": {
            "coin": "SHR0",
            "depositDesc": "Deposit is prohibited (forced deposit may result in asset loss)",
            "depositEnable": false,
            "minConfirm": 30,
            "name": "SroomAI DAO",
            "network": "Sui",
            "withdrawEnable": true,
            "withdrawFee": "35",
            "withdrawIntegerMultiple": null,
            "withdrawMax": "12121212.121212121212121212121212121212",
            "withdrawMin": "100",
            "sameAddress": false,
            "contract": "0x16ab6a14d76a90328a6b04f06b0a0ce952847017023624e0c37bf8aa314c39ba::shr::SHR",
            "withdrawTips": null,
            "depositTips": null,
            "netWork": "SUI"
        }
    },
    {
        "coin": "XUI",
        "name": "XUI",
        "networkDetails": {
            "coin": "XUI",
            "depositDesc": "Deposit is prohibited (forced deposit may result in asset loss)",
            "depositEnable": false,
            "minConfirm": 30,
            "name": "XUI",
            "network": "Sui",
            "withdrawEnable": true,
            "withdrawFee": "0",
            "withdrawIntegerMultiple": null,
            "withdrawMax": "100000000",
            "withdrawMin": "1",
            "sameAddress": false,
            "contract": "0x3cbae4efb916a6ff23eb4724f6fb5d37c5a342b689a6f308fa10acc944799f84::xui::XUI",
            "withdrawTips": null,
            "depositTips": null,
            "netWork": "SUI"
        }
    },
    {
        "coin": "SUICY",
        "name": "SUICY the Seal",
        "networkDetails": {
            "coin": "SUICY",
            "depositDesc": "Deposit is prohibited (forced deposit may result in asset loss)",
            "depositEnable": false,
            "minConfirm": 30,
            "name": "SUICY the Seal",
            "network": "Sui",
            "withdrawEnable": true,
            "withdrawFee": "0",
            "withdrawIntegerMultiple": null,
            "withdrawMax": "34000000",
            "withdrawMin": "200",
            "sameAddress": false,
            "contract": "0x8989c726bf1ea8736919e41938f3801e286bc71d9612bfe250703232a375eaab::suicy::SUICY",
            "withdrawTips": null,
            "depositTips": null,
            "netWork": "SUI"
        }
    },
    {
        "coin": "AXOL",
        "name": "AXOL",
        "networkDetails": {
            "coin": "AXOL",
            "depositDesc": null,
            "depositEnable": true,
            "minConfirm": 30,
            "name": "AXOL",
            "network": "Sui",
            "withdrawEnable": true,
            "withdrawFee": "100",
            "withdrawIntegerMultiple": null,
            "withdrawMax": "20000000",
            "withdrawMin": "200",
            "sameAddress": false,
            "contract": "0xf00eb7ab086967a33c04a853ad960e5c6b0955ef5a47d50b376d83856dc1215e::axol::AXOL",
            "withdrawTips": null,
            "depositTips": null,
            "netWork": "SUI"
        }
    },
    {
        "coin": "AGENTS",
        "name": "Agent S",
        "networkDetails": {
            "coin": "AGENTS",
            "depositDesc": "Deposit is prohibited (forced deposit may result in asset loss)",
            "depositEnable": false,
            "minConfirm": 30,
            "name": "Agent S",
            "network": "Sui",
            "withdrawEnable": true,
            "withdrawFee": "0",
            "withdrawIntegerMultiple": null,
            "withdrawMax": "20000000",
            "withdrawMin": "200",
            "sameAddress": false,
            "contract": "0xea65bb5a79ff34ca83e2995f9ff6edd0887b08da9b45bf2e31f930d3efb82866::s::S",
            "withdrawTips": null,
            "depositTips": null,
            "netWork": "SUI"
        }
    },
    {
        "coin": "USDC",
        "name": "USDC",
        "networkDetails": {
            "coin": "USDC",
            "depositDesc": null,
            "depositEnable": true,
            "minConfirm": 30,
            "name": "USDC",
            "network": "Sui",
            "withdrawEnable": true,
            "withdrawFee": "0.1",
            "withdrawIntegerMultiple": null,
            "withdrawMax": "200000",
            "withdrawMin": "1",
            "sameAddress": false,
            "contract": "0xdba34672e30cb065b1f93e3ab55318768fd6fef66c15942c9f7cb846e2f900e7::usdc::USDC",
            "withdrawTips": null,
            "depositTips": null,
            "netWork": "SUI"
        }
    },
    {
        "coin": "DAOX",
        "name": "VirtualDaos",
        "networkDetails": {
            "coin": "DAOX",
            "depositDesc": "Deposit is prohibited (forced deposit may result in asset loss)",
            "depositEnable": false,
            "minConfirm": 30,
            "name": "VirtualDaos",
            "network": "Sui",
            "withdrawEnable": true,
            "withdrawFee": "0",
            "withdrawIntegerMultiple": null,
            "withdrawMax": "200000000",
            "withdrawMin": "2000",
            "sameAddress": false,
            "contract": "0xc7b842347b0fbebabdee379414e874abc7fc5294b1e08961baa32e501ebedb48::daox::DAOX",
            "withdrawTips": null,
            "depositTips": null,
            "netWork": "SUI"
        }
    },
    {
        "coin": "WINX",
        "name": "WinX",
        "networkDetails": {
            "coin": "WINX",
            "depositDesc": null,
            "depositEnable": true,
            "minConfirm": 30,
            "name": "WinX",
            "network": "Sui",
            "withdrawEnable": true,
            "withdrawFee": "1000",
            "withdrawIntegerMultiple": null,
            "withdrawMax": "200000000",
            "withdrawMin": "2000",
            "sameAddress": false,
            "contract": "0xe6b9e1033c72084ad01db37c77778ca53b9c4ebb263f28ffbfed39f4d5fd5057::win::WIN",
            "withdrawTips": "The token name of WIN is WINX in MEXC; The last digits of the token's contract address are fd5057, please make sure they're correct before taking action.",
            "depositTips": "The token name of WIN is WINX in MEXC; The last digits of the token's contract address are fd5057, please make sure they're correct before taking action.",
            "netWork": "SUI"
        }
    },
    {
        "coin": "BLUE",
        "name": "Bluefin",
        "networkDetails": {
            "coin": "BLUE",
            "depositDesc": null,
            "depositEnable": true,
            "minConfirm": 30,
            "name": "Bluefin",
            "network": "Sui",
            "withdrawEnable": true,
            "withdrawFee": "3",
            "withdrawIntegerMultiple": null,
            "withdrawMax": "1000000",
            "withdrawMin": "10",
            "sameAddress": false,
            "contract": "0xe1b45a0e641b9955a20aa0ad1c1f4ad86aad8afb07296d4085e349a50e90bdca::blue::BLUE",
            "withdrawTips": null,
            "depositTips": null,
            "netWork": "SUI"
        }
    },
    {
        "coin": "BLUB",
        "name": "Blub",
        "networkDetails": {
            "coin": "BLUB",
            "depositDesc": null,
            "depositEnable": true,
            "minConfirm": 30,
            "name": "Blub",
            "network": "Sui",
            "withdrawEnable": true,
            "withdrawFee": "1000000",
            "withdrawIntegerMultiple": null,
            "withdrawMax": "4000000000000",
            "withdrawMin": "4000000",
            "sameAddress": false,
            "contract": "0xfa7ac3951fdca92c5200d468d31a365eb03b2be9936fde615e69f0c1274ad3a0::BLUB::BLUB",
            "withdrawTips": null,
            "depositTips": null,
            "netWork": "SUI"
        }
    },
    {
        "coin": "MIU",
        "name": "MIU",
        "networkDetails": {
            "coin": "MIU",
            "depositDesc": null,
            "depositEnable": true,
            "minConfirm": 30,
            "name": "MIU",
            "network": "Sui",
            "withdrawEnable": true,
            "withdrawFee": "13500000",
            "withdrawIntegerMultiple": null,
            "withdrawMax": "20000000000000",
            "withdrawMin": "30000000",
            "sameAddress": false,
            "contract": "0x32a976482bf4154961bf20bfa3567a80122fdf8e8f8b28d752b609d8640f7846::miu::MIU",
            "withdrawTips": null,
            "depositTips": null,
            "netWork": "SUI"
        }
    },
    {
        "coin": "KOISUI",
        "name": "KOI",
        "networkDetails": {
            "coin": "KOISUI",
            "depositDesc": "Deposit is prohibited (forced deposit may result in asset loss)",
            "depositEnable": false,
            "minConfirm": 30,
            "name": "KOI",
            "network": "Sui",
            "withdrawEnable": true,
            "withdrawFee": "100",
            "withdrawIntegerMultiple": null,
            "withdrawMax": "112000000",
            "withdrawMin": "200",
            "sameAddress": false,
            "contract": "0x01d430425a8a681ef26315e78a082fe744f8d0bbdbd1ab76b9fd78ada09bedca::Koi::KOI",
            "withdrawTips": null,
            "depositTips": null,
            "netWork": "SUI"
        }
    },
    {
        "coin": "MOONDAWG",
        "name": "Moon Dawg",
        "networkDetails": {
            "coin": "MOONDAWG",
            "depositDesc": "Deposit is prohibited (forced deposit may result in asset loss)",
            "depositEnable": false,
            "minConfirm": 30,
            "name": "Moon Dawg",
            "network": "Sui",
            "withdrawEnable": true,
            "withdrawFee": "0",
            "withdrawIntegerMultiple": null,
            "withdrawMax": "25000000",
            "withdrawMin": "10",
            "sameAddress": false,
            "contract": "0xc7aeff4ad49bd17b70004d384b8619d3ded7bbfc48fb5101e40d97ff80a58f8a::moon_dawg::MOON_DAWG",
            "withdrawTips": null,
            "depositTips": null,
            "netWork": "SUI"
        }
    },
    {
        "coin": "NAVX",
        "name": "NAVI Protocol",
        "networkDetails": {
            "coin": "NAVX",
            "depositDesc": null,
            "depositEnable": true,
            "minConfirm": 30,
            "name": "NAVI Protocol",
            "network": "Sui",
            "withdrawEnable": true,
            "withdrawFee": "5",
            "withdrawIntegerMultiple": null,
            "withdrawMax": "1000000",
            "withdrawMin": "10",
            "sameAddress": false,
            "contract": "0xa99b8952d4f7d947ea77fe0ecdcc9e5fc0bcab2841d6e2a5aa00c3044e5544b5::navx::NAVX",
            "withdrawTips": null,
            "depositTips": null,
            "netWork": "SUI"
        }
    },
    {
        "coin": "SUIMAN",
        "name": "Suiman",
        "networkDetails": {
            "coin": "SUIMAN",
            "depositDesc": "Deposit is prohibited (forced deposit may result in asset loss)",
            "depositEnable": false,
            "minConfirm": 30,
            "name": "Suiman",
            "network": "Sui",
            "withdrawEnable": true,
            "withdrawFee": "0",
            "withdrawIntegerMultiple": null,
            "withdrawMax": "40000000",
            "withdrawMin": "1",
            "sameAddress": false,
            "contract": "0xa8b69040684d576828475115b30cc4ce7c7743eab9c7d669535ee31caccef4f5::suiman::SUIMAN",
            "withdrawTips": null,
            "depositTips": null,
            "netWork": "SUI"
        }
    },
    {
        "coin": "DEEP",
        "name": "DeepBook",
        "networkDetails": {
            "coin": "DEEP",
            "depositDesc": null,
            "depositEnable": true,
            "minConfirm": 30,
            "name": "DeepBook",
            "network": "Sui",
            "withdrawEnable": true,
            "withdrawFee": "5",
            "withdrawIntegerMultiple": null,
            "withdrawMax": "20000000",
            "withdrawMin": "20",
            "sameAddress": false,
            "contract": "0xdeeb7a4662eec9f2f3def03fb937a663dddaa2e215b8078a284d026b7946c270::deep::DEEP",
            "withdrawTips": null,
            "depositTips": null,
            "netWork": "SUI"
        }
    },
    {
        "coin": "AAACAT",
        "name": "AAA Cat",
        "networkDetails": {
            "coin": "AAACAT",
            "depositDesc": null,
            "depositEnable": true,
            "minConfirm": 30,
            "name": "AAA Cat",
            "network": "Sui",
            "withdrawEnable": true,
            "withdrawFee": "150",
            "withdrawIntegerMultiple": null,
            "withdrawMax": "150000000",
            "withdrawMin": "300",
            "sameAddress": false,
            "contract": "0xd976fda9a9786cda1a36dee360013d775a5e5f206f8e20f84fad3385e99eeb2d::aaa::AAA",
            "withdrawTips": null,
            "depositTips": null,
            "netWork": "SUI"
        }
    },
    {
        "coin": "HAEDAL",
        "name": "Haedal",
        "networkDetails": {
            "coin": "HAEDAL",
            "depositDesc": null,
            "depositEnable": true,
            "minConfirm": 30,
            "name": "Haedal Protocol",
            "network": "Sui",
            "withdrawEnable": true,
            "withdrawFee": "4",
            "withdrawIntegerMultiple": null,
            "withdrawMax": "2000000",
            "withdrawMin": "10",
            "sameAddress": false,
            "contract": "0x3a304c7feba2d819ea57c3542d68439ca2c386ba02159c740f7b406e592c62ea::haedal::HAEDAL",
            "withdrawTips": null,
            "depositTips": null,
            "netWork": "SUI"
        }
    },
    {
        "coin": "SUIAGENT",
        "name": "aiSUI",
        "networkDetails": {
            "coin": "SUIAGENT",
            "depositDesc": null,
            "depositEnable": true,
            "minConfirm": 30,
            "name": "aiSUI",
            "network": "Sui",
            "withdrawEnable": true,
            "withdrawFee": "100",
            "withdrawIntegerMultiple": null,
            "withdrawMax": "100000000",
            "withdrawMin": "200",
            "sameAddress": false,
            "contract": "0xd31630377c445d5e3e4812310452e8a09eef4c1f5616fb12d2912b9173c622ef::suiagent::SUIAGENT",
            "withdrawTips": null,
            "depositTips": null,
            "netWork": "SUI"
        }
    },
    {
        "coin": "TARDI",
        "name": "Tardi",
        "networkDetails": {
            "coin": "TARDI",
            "depositDesc": null,
            "depositEnable": true,
            "minConfirm": 30,
            "name": "Tardi",
            "network": "Sui",
            "withdrawEnable": true,
            "withdrawFee": "55",
            "withdrawIntegerMultiple": null,
            "withdrawMax": "6666666.666666666666666666666666666666",
            "withdrawMin": "100",
            "sameAddress": false,
            "contract": "0x4cf08813756dfa7519cb480a1a1a3472b5b4ec067592a8bee0f826808d218158::tardi::TARDI",
            "withdrawTips": null,
            "depositTips": null,
            "netWork": "SUI"
        }
    },
    {
        "coin": "SSWP",
        "name": "suiswap token",
        "networkDetails": {
            "coin": "SSWP",
            "depositDesc": "Deposit is prohibited (forced deposit may result in asset loss)",
            "depositEnable": false,
            "minConfirm": 30,
            "name": "suiswap token",
            "network": "Sui",
            "withdrawEnable": true,
            "withdrawFee": "0",
            "withdrawIntegerMultiple": null,
            "withdrawMax": "80000000",
            "withdrawMin": "20",
            "sameAddress": false,
            "contract": "0x361dd589b98e8fcda9a7ee53b85efabef3569d00416640d2faa516e3801d7ffc::TOKEN::TOKEN",
            "withdrawTips": null,
            "depositTips": null,
            "netWork": "SUI"
        }
    },
    {
        "coin": "LOFI",
        "name": "Lofi",
        "networkDetails": {
            "coin": "LOFI",
            "depositDesc": null,
            "depositEnable": true,
            "minConfirm": 30,
            "name": "Lofi",
            "network": "Sui",
            "withdrawEnable": true,
            "withdrawFee": "20",
            "withdrawIntegerMultiple": null,
            "withdrawMax": "7000000",
            "withdrawMin": "60",
            "sameAddress": false,
            "contract": "0xf22da9a24ad027cccb5f2d496cbe91de953d363513db08a3a734d361c7c17503::LOFI::LOFI",
            "withdrawTips": null,
            "depositTips": null,
            "netWork": "SUI"
        }
    },
    {
        "coin": "CHIRP",
        "name": "Chirp",
        "networkDetails": {
            "coin": "CHIRP",
            "depositDesc": null,
            "depositEnable": true,
            "minConfirm": 30,
            "name": "Chirp",
            "network": "Sui",
            "withdrawEnable": true,
            "withdrawFee": "2",
            "withdrawIntegerMultiple": null,
            "withdrawMax": "600000",
            "withdrawMin": "20",
            "sameAddress": false,
            "contract": "0x1ef4c0b20340b8c6a59438204467ca71e1e7cbe918526f9c2c6c5444517cd5ca::chirp::CHIRP",
            "withdrawTips": null,
            "depositTips": null,
            "netWork": "SUI"
        }
    },
    {
        "coin": "SCA",
        "name": "Scallop",
        "networkDetails": {
            "coin": "SCA",
            "depositDesc": null,
            "depositEnable": true,
            "minConfirm": 30,
            "name": "Scallop",
            "network": "Sui",
            "withdrawEnable": true,
            "withdrawFee": "1",
            "withdrawIntegerMultiple": null,
            "withdrawMax": "200000",
            "withdrawMin": "2",
            "sameAddress": false,
            "contract": "0x7016aae72cfc67f2fadf55769c0a7dd54291a583b63051a5ed71081cce836ac6::sca::SCA",
            "withdrawTips": null,
            "depositTips": null,
            "netWork": "SUI"
        }
    },
    {
        "coin": "SCB",
        "name": "Sacabam",
        "networkDetails": {
            "coin": "SCB",
            "depositDesc": "Deposit is prohibited (forced deposit may result in asset loss)",
            "depositEnable": false,
            "minConfirm": 30,
            "name": "Sacabam",
            "network": "Sui",
            "withdrawEnable": true,
            "withdrawFee": "1400000",
            "withdrawIntegerMultiple": null,
            "withdrawMax": "1400000000000",
            "withdrawMin": "2000000",
            "sameAddress": false,
            "contract": "0x9a5502414b5d51d01c8b5641db7436d789fa15a245694b24aa37c25c2a6ce001::scb::SCB",
            "withdrawTips": null,
            "depositTips": null,
            "netWork": "SUI"
        }
    }
]