[
    {
        "coin": "SXP",
        "name": "SXP",
        "networkDetails": {
            "coin": "SXP",
            "depositDesc": null,
            "depositEnable": true,
            "minConfirm": 60,
            "name": "SXP",
            "network": "SXP",
            "withdrawEnable": true,
            "withdrawFee": "1",
            "withdrawIntegerMultiple": null,
            "withdrawMax": "320000",
            "withdrawMin": "2",
            "sameAddress": false,
            "contract": "",
            "withdrawTips": null,
            "depositTips": null,
            "netWork": "SXP"
        }
    }
]