[
    {
        "coin": "TBC",
        "name": "Turingbitchain",
        "networkDetails": {
            "coin": "TBC",
            "depositDesc": null,
            "depositEnable": true,
            "minConfirm": 150,
            "name": "Turingbitchain",
            "network": "TBC",
            "withdrawEnable": true,
            "withdrawFee": "0.1",
            "withdrawIntegerMultiple": null,
            "withdrawMax": "200000",
            "withdrawMin": "0.2",
            "sameAddress": false,
            "contract": "",
            "withdrawTips": null,
            "depositTips": null,
            "netWork": "TBC"
        }
    }
]