[
    {
        "coin": "X",
        "name": "X Empire",
        "networkDetails": {
            "coin": "X",
            "depositDesc": null,
            "depositEnable": true,
            "minConfirm": 10,
            "name": "X Empire",
            "network": "Toncoin(TON)",
            "withdrawEnable": true,
            "withdrawFee": "8600",
            "withdrawIntegerMultiple": null,
            "withdrawMax": "2000000000",
            "withdrawMin": "20000",
            "sameAddress": true,
            "contract": "EQB4zZusHsbU2vVTPqjhlokIOoiZhEdCMT703CWEzhTOo__X",
            "withdrawTips": null,
            "depositTips": null,
            "netWork": "TONCOIN"
        }
    },
    {
        "coin": "GRAM",
        "name": "Gram",
        "networkDetails": {
            "coin": "GRAM",
            "depositDesc": null,
            "depositEnable": true,
            "minConfirm": 10,
            "name": "Gram",
            "network": "Toncoin(TON)",
            "withdrawEnable": true,
            "withdrawFee": "180",
            "withdrawIntegerMultiple": null,
            "withdrawMax": "3000000",
            "withdrawMin": "400",
            "sameAddress": true,
            "contract": "EQC47093oX5Xhb0xuk2lCr2RhS8rj-vul61u4W2UH5ORmG_O",
            "withdrawTips": null,
            "depositTips": "",
            "netWork": "TONCOIN"
        }
    },
    {
        "coin": "TELEMON",
        "name": "Telemon",
        "networkDetails": {
            "coin": "TELEMON",
            "depositDesc": "Deposit is prohibited (forced deposit may result in asset loss)",
            "depositEnable": false,
            "minConfirm": 10,
            "name": "Telemon",
            "network": "Toncoin(TON)",
            "withdrawEnable": true,
            "withdrawFee": "1250",
            "withdrawIntegerMultiple": null,
            "withdrawMax": "500000000",
            "withdrawMin": "3000",
            "sameAddress": true,
            "contract": "EQDgx6k9B27D_-ccmbrho2a1teb0hfgJekZYZiRJmRLm5q_j",
            "withdrawTips": null,
            "depositTips": null,
            "netWork": "TONCOIN"
        }
    },
    {
        "coin": "TAC",
        "name": "TAC",
        "networkDetails": {
            "coin": "TAC",
            "depositDesc": null,
            "depositEnable": true,
            "minConfirm": 10,
            "name": "TAC",
            "network": "Toncoin(TON)",
            "withdrawEnable": false,
            "withdrawFee": "50",
            "withdrawIntegerMultiple": null,
            "withdrawMax": "10000000",
            "withdrawMin": "100",
            "sameAddress": true,
            "contract": "EQBE_gBrU3mPI9hHjlJoR_kYyrhQgyCFD6EUWfa42W8T7EBP",
            "withdrawTips": null,
            "depositTips": null,
            "netWork": "TONCOIN"
        }
    },
    {
        "coin": "DICK",
        "name": "Addickted",
        "networkDetails": {
            "coin": "DICK",
            "depositDesc": "Deposit is prohibited (forced deposit may result in asset loss)",
            "depositEnable": false,
            "minConfirm": 10,
            "name": "Addickted",
            "network": "Toncoin(TON)",
            "withdrawEnable": true,
            "withdrawFee": "0",
            "withdrawIntegerMultiple": null,
            "withdrawMax": "10000000",
            "withdrawMin": "60",
            "sameAddress": true,
            "contract": "EQAOLOJ9jhS1RmzEQwayCcD_8glZhI3m7lNOfoNTUhP4Ta8n",
            "withdrawTips": null,
            "depositTips": null,
            "netWork": "TONCOIN"
        }
    },
    {
        "coin": "GAME",
        "name": "SQUID MEME",
        "networkDetails": {
            "coin": "GAME",
            "depositDesc": null,
            "depositEnable": true,
            "minConfirm": 10,
            "name": "SQUID MEME",
            "network": "Toncoin(TON)",
            "withdrawEnable": true,
            "withdrawFee": "0.04",
            "withdrawIntegerMultiple": null,
            "withdrawMax": "10000",
            "withdrawMin": "0.1",
            "sameAddress": true,
            "contract": "EQAKpERMdgBE4TV7bcSPyQMeYAQ2xfR6vFNNQd99cx3kzzyf",
            "withdrawTips": null,
            "depositTips": null,
            "netWork": "TONCOIN"
        }
    },
    {
        "coin": "BCAT",
        "name": "BCAT",
        "networkDetails": {
            "coin": "BCAT",
            "depositDesc": null,
            "depositEnable": true,
            "minConfirm": 10,
            "name": "BCAT",
            "network": "Toncoin(TON)",
            "withdrawEnable": true,
            "withdrawFee": "240",
            "withdrawIntegerMultiple": null,
            "withdrawMax": "100000000",
            "withdrawMin": "500",
            "sameAddress": true,
            "contract": "EQBh2zUdhhZJis8Pb_Yn-vhQoNkhUus3g7G_fRRrUrOSw-ZE",
            "withdrawTips": null,
            "depositTips": null,
            "netWork": "TONCOIN"
        }
    },
    {
        "coin": "STORM",
        "name": "Storm Trade",
        "networkDetails": {
            "coin": "STORM",
            "depositDesc": null,
            "depositEnable": true,
            "minConfirm": 10,
            "name": "Storm Trade",
            "network": "Toncoin(TON)",
            "withdrawEnable": true,
            "withdrawFee": "30",
            "withdrawIntegerMultiple": null,
            "withdrawMax": "10000000",
            "withdrawMin": "100",
            "sameAddress": true,
            "contract": "EQBsosmcZrD6FHijA7qWGLw5wo_aH8UN435hi935jJ_STORM",
            "withdrawTips": null,
            "depositTips": null,
            "netWork": "TONCOIN"
        }
    },
    {
        "coin": "TON",
        "name": "Toncoin",
        "networkDetails": {
            "coin": "TON",
            "depositDesc": null,
            "depositEnable": true,
            "minConfirm": 10,
            "name": "TONCOIN",
            "network": "Toncoin(TON)",
            "withdrawEnable": true,
            "withdrawFee": "0.01",
            "withdrawIntegerMultiple": null,
            "withdrawMax": "200000",
            "withdrawMin": "1.5",
            "sameAddress": true,
            "contract": "",
            "withdrawTips": "",
            "depositTips": "",
            "netWork": "TONCOIN"
        }
    },
    {
        "coin": "KAKAXA",
        "name": "KAKAXA",
        "networkDetails": {
            "coin": "KAKAXA",
            "depositDesc": "Deposit is prohibited (forced deposit may result in asset loss)",
            "depositEnable": false,
            "minConfirm": 10,
            "name": "KAKAXA",
            "network": "Toncoin(TON)",
            "withdrawEnable": true,
            "withdrawFee": "0",
            "withdrawIntegerMultiple": null,
            "withdrawMax": "3000000",
            "withdrawMin": "1",
            "sameAddress": true,
            "contract": "EQDqz7LTwgj016kiTiSooM_ft8kveL2P4pj4fkJmsUV_an_X",
            "withdrawTips": null,
            "depositTips": "",
            "netWork": "TONCOIN"
        }
    },
    {
        "coin": "DFC",
        "name": "DF Capital DAO",
        "networkDetails": {
            "coin": "DFC",
            "depositDesc": null,
            "depositEnable": true,
            "minConfirm": 10,
            "name": "DF Capital DAO",
            "network": "Toncoin(TON)",
            "withdrawEnable": true,
            "withdrawFee": "10",
            "withdrawIntegerMultiple": null,
            "withdrawMax": "20000000",
            "withdrawMin": "20",
            "sameAddress": true,
            "contract": "EQD26zcd6Cqpz7WyLKVH8x_cD6D7tBrom6hKcycv8L8hV0GP",
            "withdrawTips": "",
            "depositTips": "",
            "netWork": "TONCOIN"
        }
    },
    {
        "coin": "SHITCOIN",
        "name": "Shitcoin",
        "networkDetails": {
            "coin": "SHITCOIN",
            "depositDesc": "Deposit is prohibited (forced deposit may result in asset loss)",
            "depositEnable": false,
            "minConfirm": 10,
            "name": "Shitcoin",
            "network": "Toncoin(TON)",
            "withdrawEnable": true,
            "withdrawFee": "0",
            "withdrawIntegerMultiple": null,
            "withdrawMax": "5000000",
            "withdrawMin": "1",
            "sameAddress": true,
            "contract": "EQB4gPfG0YtoiJHCMTUuzxP9fKXy9nx6TFh-dcAltrnNpLNo",
            "withdrawTips": "The token name of Shitcoin (SHIT) is SHITCOIN in MEXC; The last digits of the token's contract address are pLNo, please make sure they're correct before taking action.",
            "depositTips": "The token name of Shitcoin (SHIT) is SHITCOIN in MEXC; The last digits of the token's contract address are pLNo, please make sure they're correct before taking action.",
            "netWork": "TONCOIN"
        }
    },
    {
        "coin": "EVADORE",
        "name": "Evadore",
        "networkDetails": {
            "coin": "EVADORE",
            "depositDesc": "Deposit is prohibited (forced deposit may result in asset loss)",
            "depositEnable": false,
            "minConfirm": 10,
            "name": "Evadore",
            "network": "Toncoin(TON)",
            "withdrawEnable": true,
            "withdrawFee": "20000",
            "withdrawIntegerMultiple": null,
            "withdrawMax": "1000000000",
            "withdrawMin": "50000",
            "sameAddress": true,
            "contract": "EQD-PbaarmlI3_lOIKmVZY36zhyjSxA6ZQ9zIqPbTo5LOIqT",
            "withdrawTips": "The token name of Evadore (EVA) is EVADORE in MEXC; The last digits of the token's contract address are OIqT, please make sure they're correct before taking action.",
            "depositTips": "The token name of Evadore (EVA) is EVADORE in MEXC; The last digits of the token's contract address are OIqT, please make sure they're correct before taking action.",
            "netWork": "TONCOIN"
        }
    },
    {
        "coin": "ARIX",
        "name": "ARIX",
        "networkDetails": {
            "coin": "ARIX",
            "depositDesc": null,
            "depositEnable": true,
            "minConfirm": 10,
            "name": "ARIX",
            "network": "Toncoin(TON)",
            "withdrawEnable": true,
            "withdrawFee": "105",
            "withdrawIntegerMultiple": null,
            "withdrawMax": "20000000",
            "withdrawMin": "200",
            "sameAddress": true,
            "contract": "EQCLU6KIPjZJbhyYlRfENc3nQck2DWulsUq2gJPyWEK9wfDd",
            "withdrawTips": null,
            "depositTips": null,
            "netWork": "TONCOIN"
        }
    },
    {
        "coin": "PX",
        "name": "PX",
        "networkDetails": {
            "coin": "PX",
            "depositDesc": null,
            "depositEnable": true,
            "minConfirm": 10,
            "name": "PX",
            "network": "Toncoin(TON)",
            "withdrawEnable": true,
            "withdrawFee": "10",
            "withdrawIntegerMultiple": null,
            "withdrawMax": "2000000",
            "withdrawMin": "20",
            "sameAddress": true,
            "contract": "EQB420yQsZobGcy0VYDfSKHpG2QQlw-j1f_tPu1J488I__PX",
            "withdrawTips": null,
            "depositTips": null,
            "netWork": "TONCOIN"
        }
    },
    {
        "coin": "LAVE",
        "name": "Lavandos",
        "networkDetails": {
            "coin": "LAVE",
            "depositDesc": null,
            "depositEnable": false,
            "minConfirm": 10,
            "name": "Lavandos",
            "network": "Toncoin(TON)",
            "withdrawEnable": true,
            "withdrawFee": "6666.666666",
            "withdrawIntegerMultiple": null,
            "withdrawMax": "1333333333.333333",
            "withdrawMin": "13333.333332",
            "sameAddress": true,
            "contract": "EQBl3gg6AAdjgjO2ZoNU5Q5EzUIl8XMNZrix8Z5dJmkHUfxI",
            "withdrawTips": "",
            "depositTips": "It is necessary to correctly fill in the address and [Memo/Tag] identifier on the withdrawal platform, otherwise the LAVE deposit will be lost.",
            "netWork": "TONCOIN"
        }
    },
    {
        "coin": "TONNY",
        "name": "Tonny",
        "networkDetails": {
            "coin": "TONNY",
            "depositDesc": null,
            "depositEnable": true,
            "minConfirm": 10,
            "name": "Tonny",
            "network": "Toncoin(TON)",
            "withdrawEnable": true,
            "withdrawFee": "10",
            "withdrawIntegerMultiple": null,
            "withdrawMax": "10000000",
            "withdrawMin": "60",
            "sameAddress": true,
            "contract": "EQC7ilfUj2egjitpNBgW86I3Zr1lJEnqf1MwscMc59HjaU_U",
            "withdrawTips": null,
            "depositTips": null,
            "netWork": "TONCOIN"
        }
    },
    {
        "coin": "GTON",
        "name": "Gatto",
        "networkDetails": {
            "coin": "GTON",
            "depositDesc": null,
            "depositEnable": true,
            "minConfirm": 10,
            "name": "Gatto",
            "network": "Toncoin(TON)",
            "withdrawEnable": true,
            "withdrawFee": "2",
            "withdrawIntegerMultiple": null,
            "withdrawMax": "1000000",
            "withdrawMin": "10",
            "sameAddress": true,
            "contract": "EQAj680BapntDEm6parX4BfX_S1Jcb1qpF63BREiHZYBGENE",
            "withdrawTips": null,
            "depositTips": null,
            "netWork": "TONCOIN"
        }
    },
    {
        "coin": "TONUP",
        "name": "TonUP",
        "networkDetails": {
            "coin": "TONUP",
            "depositDesc": "Deposit is prohibited (forced deposit may result in asset loss)",
            "depositEnable": false,
            "minConfirm": 10,
            "name": "TonUP",
            "network": "Toncoin(TON)",
            "withdrawEnable": true,
            "withdrawFee": "0",
            "withdrawIntegerMultiple": null,
            "withdrawMax": "280000",
            "withdrawMin": "2",
            "sameAddress": true,
            "contract": "EQCvaf0JMrv6BOvPpAgee08uQM_uRpUd__fhA7Nm8twzvbE_",
            "withdrawTips": "",
            "depositTips": "",
            "netWork": "TONCOIN"
        }
    },
    {
        "coin": "SPLASH",
        "name": "SPLASH",
        "networkDetails": {
            "coin": "SPLASH",
            "depositDesc": "Deposit is prohibited (forced deposit may result in asset loss)",
            "depositEnable": false,
            "minConfirm": 10,
            "name": "SPLASH",
            "network": "Toncoin(TON)",
            "withdrawEnable": true,
            "withdrawFee": "900",
            "withdrawIntegerMultiple": null,
            "withdrawMax": "40000000",
            "withdrawMin": "2000",
            "sameAddress": true,
            "contract": "EQARQ-CIii50GHdHZI7s7eqRFOGoIz75u4eM2eftTikS8Zvl",
            "withdrawTips": null,
            "depositTips": null,
            "netWork": "TONCOIN"
        }
    },
    {
        "coin": "MEGA",
        "name": "MEGA",
        "networkDetails": {
            "coin": "MEGA",
            "depositDesc": "Deposit is prohibited (forced deposit may result in asset loss)",
            "depositEnable": false,
            "minConfirm": 10,
            "name": "MEGA",
            "network": "Toncoin(TON)",
            "withdrawEnable": true,
            "withdrawFee": "0.1",
            "withdrawIntegerMultiple": null,
            "withdrawMax": "3000000",
            "withdrawMin": "1",
            "sameAddress": true,
            "contract": "EQBf6-YoR9xylol_NwjHrLkrTFAZJCX-bsd-Xx_902OaPaBf",
            "withdrawTips": "",
            "depositTips": "It is necessary to correctly fill in the address and [Memo/Tag] identifier on the withdrawal platform, otherwise the MEGA deposit will be lost.",
            "netWork": "TONCOIN"
        }
    },
    {
        "coin": "WAT",
        "name": "WatCoin",
        "networkDetails": {
            "coin": "WAT",
            "depositDesc": "Deposit is prohibited (forced deposit may result in asset loss)",
            "depositEnable": false,
            "minConfirm": 10,
            "name": "WatCoin",
            "network": "Toncoin(TON)",
            "withdrawEnable": true,
            "withdrawFee": "0",
            "withdrawIntegerMultiple": null,
            "withdrawMax": "200000000",
            "withdrawMin": "60000",
            "sameAddress": true,
            "contract": "EQCEqz2x3-Ub_EO4Y5798NNoqKw1tP_tJ6b9y-X0C4uvs8Zf",
            "withdrawTips": null,
            "depositTips": null,
            "netWork": "TONCOIN"
        }
    },
    {
        "coin": "RBTC1",
        "name": "RabBitcoin",
        "networkDetails": {
            "coin": "RBTC1",
            "depositDesc": null,
            "depositEnable": true,
            "minConfirm": 10,
            "name": "RabBitcoin",
            "network": "Toncoin(TON)",
            "withdrawEnable": true,
            "withdrawFee": "1015000",
            "withdrawIntegerMultiple": null,
            "withdrawMax": "25000000000",
            "withdrawMin": "2000000",
            "sameAddress": true,
            "contract": "EQCD7lrrxpOcq5A5R6nTLeF1kuIbl1BKCe5OnanGe3cB4FVB",
            "withdrawTips": null,
            "depositTips": null,
            "netWork": "TONCOIN"
        }
    },
    {
        "coin": "NIKO",
        "name": "NikolAI",
        "networkDetails": {
            "coin": "NIKO",
            "depositDesc": null,
            "depositEnable": true,
            "minConfirm": 10,
            "name": "NikolAI",
            "network": "Toncoin(TON)",
            "withdrawEnable": true,
            "withdrawFee": "0",
            "withdrawIntegerMultiple": null,
            "withdrawMax": "7000000",
            "withdrawMin": "100",
            "sameAddress": true,
            "contract": "EQDo8QC6mVi7Gq6uGWDF4XVp3cZ4wKZ-bqKBkmhVMPm-1ojm",
            "withdrawTips": null,
            "depositTips": null,
            "netWork": "TONCOIN"
        }
    },
    {
        "coin": "FNZ",
        "name": "Fanzee",
        "networkDetails": {
            "coin": "FNZ",
            "depositDesc": "Deposit is prohibited (forced deposit may result in asset loss)",
            "depositEnable": false,
            "minConfirm": 10,
            "name": "Fanzee",
            "network": "Toncoin(TON)",
            "withdrawEnable": true,
            "withdrawFee": "0",
            "withdrawIntegerMultiple": null,
            "withdrawMax": "200000",
            "withdrawMin": "1",
            "sameAddress": true,
            "contract": "EQDCJL0iQHofcBBvFBHdVG233Ri2V4kCNFgfRT-gqAd3Oc86",
            "withdrawTips": "",
            "depositTips": "",
            "netWork": "TONCOIN"
        }
    },
    {
        "coin": "REDO",
        "name": "Resistance Dog",
        "networkDetails": {
            "coin": "REDO",
            "depositDesc": null,
            "depositEnable": true,
            "minConfirm": 10,
            "name": "Resistance Dog",
            "network": "Toncoin(TON)",
            "withdrawEnable": true,
            "withdrawFee": "9",
            "withdrawIntegerMultiple": null,
            "withdrawMax": "300000",
            "withdrawMin": "20",
            "sameAddress": true,
            "contract": "EQBZ_cafPyDr5KUTs0aNxh0ZTDhkpEZONmLJA2SNGlLm4Cko",
            "withdrawTips": null,
            "depositTips": null,
            "netWork": "TONCOIN"
        }
    },
    {
        "coin": "REDX",
        "name": "REDX",
        "networkDetails": {
            "coin": "REDX",
            "depositDesc": null,
            "depositEnable": true,
            "minConfirm": 10,
            "name": "REDX",
            "network": "Toncoin(TON)",
            "withdrawEnable": true,
            "withdrawFee": "88",
            "withdrawIntegerMultiple": null,
            "withdrawMax": "40000000",
            "withdrawMin": "200",
            "sameAddress": true,
            "contract": "EQCFO-Y8BSEAINBrNdv72VLC9LCYt915iy-_CmkJgrEaPw3P",
            "withdrawTips": null,
            "depositTips": null,
            "netWork": "TONCOIN"
        }
    },
    {
        "coin": "JINXDOG",
        "name": "JINXDOG",
        "networkDetails": {
            "coin": "JINXDOG",
            "depositDesc": null,
            "depositEnable": true,
            "minConfirm": 10,
            "name": "JINXDOG",
            "network": "Toncoin(TON)",
            "withdrawEnable": true,
            "withdrawFee": "10000000",
            "withdrawIntegerMultiple": null,
            "withdrawMax": "5000000000000",
            "withdrawMin": "20000000",
            "sameAddress": true,
            "contract": "EQC_z6cdCJeO0ulZV7CaxGbXWl28uWHJbnnvlUHC-AlipabK",
            "withdrawTips": null,
            "depositTips": null,
            "netWork": "TONCOIN"
        }
    },
    {
        "coin": "MRSOON",
        "name": "SOON",
        "networkDetails": {
            "coin": "MRSOON",
            "depositDesc": null,
            "depositEnable": true,
            "minConfirm": 10,
            "name": "SOON",
            "network": "Toncoin(TON)",
            "withdrawEnable": true,
            "withdrawFee": "13600",
            "withdrawIntegerMultiple": null,
            "withdrawMax": "400000000",
            "withdrawMin": "20000",
            "sameAddress": true,
            "contract": "EQCwe0g3cEFhsz4VK5nrtOZBkFeSISxhCVUqvON7Im__SOON",
            "withdrawTips": null,
            "depositTips": null,
            "netWork": "TONCOIN"
        }
    },
    {
        "coin": "W3KT",
        "name": "War Three Kingdoms",
        "networkDetails": {
            "coin": "W3KT",
            "depositDesc": "Deposit is prohibited (forced deposit may result in asset loss)",
            "depositEnable": false,
            "minConfirm": 10,
            "name": "War Three Kingdoms",
            "network": "Toncoin(TON)",
            "withdrawEnable": true,
            "withdrawFee": "100",
            "withdrawIntegerMultiple": null,
            "withdrawMax": "20000000",
            "withdrawMin": "200",
            "sameAddress": true,
            "contract": "EQCXNSZ93jQmaN0I5E8lBYq1xKXWEsTDa5KkYLnthjzlPIsm",
            "withdrawTips": null,
            "depositTips": null,
            "netWork": "TONCOIN"
        }
    },
    {
        "coin": "FCAT",
        "name": "Fortune Cat",
        "networkDetails": {
            "coin": "FCAT",
            "depositDesc": null,
            "depositEnable": true,
            "minConfirm": 10,
            "name": "Fortune Cat",
            "network": "Toncoin(TON)",
            "withdrawEnable": true,
            "withdrawFee": "110",
            "withdrawIntegerMultiple": null,
            "withdrawMax": "40000000",
            "withdrawMin": "300",
            "sameAddress": true,
            "contract": "EQCw-QrB8KNGQsAQk-FdEo3FidYb6s6X_N6FU1Pqoy8VHOdR",
            "withdrawTips": null,
            "depositTips": null,
            "netWork": "TONCOIN"
        }
    },
    {
        "coin": "KATS",
        "name": "Kat Knight",
        "networkDetails": {
            "coin": "KATS",
            "depositDesc": "Deposit is prohibited (forced deposit may result in asset loss)",
            "depositEnable": false,
            "minConfirm": 10,
            "name": "Kat Knight",
            "network": "Toncoin(TON)",
            "withdrawEnable": true,
            "withdrawFee": "0",
            "withdrawIntegerMultiple": null,
            "withdrawMax": "20000000",
            "withdrawMin": "200",
            "sameAddress": true,
            "contract": "EQBo3W19O92qLjdoYbERATFtQUh1Qp_NZJ6JU_lXyLnGUJT_",
            "withdrawTips": "The token name of KAT is KATS in MEXC; The last digits of the token's contract address are UJT_, please make sure they're correct before taking action.",
            "depositTips": "The token name of KAT is KATS in MEXC; The last digits of the token's contract address are UJT_, please make sure they're correct before taking action.",
            "netWork": "TONCOIN"
        }
    },
    {
        "coin": "HBD",
        "name": "Happy Balloon Dog",
        "networkDetails": {
            "coin": "HBD",
            "depositDesc": null,
            "depositEnable": false,
            "minConfirm": 10,
            "name": "Happy Balloon Dog",
            "network": "Toncoin(TON)",
            "withdrawEnable": true,
            "withdrawFee": "0.007",
            "withdrawIntegerMultiple": null,
            "withdrawMax": "250000",
            "withdrawMin": "0.1",
            "sameAddress": true,
            "contract": "EQA2uf9ly-M2jA8hKOQ5S4ZAgcL0k_yJA37sixEs0u_xvTLA",
            "withdrawTips": null,
            "depositTips": null,
            "netWork": "TONCOIN"
        }
    },
    {
        "coin": "MNEMO",
        "name": "Mnemonics",
        "networkDetails": {
            "coin": "MNEMO",
            "depositDesc": null,
            "depositEnable": true,
            "minConfirm": 10,
            "name": "Mnemonics",
            "network": "Toncoin(TON)",
            "withdrawEnable": true,
            "withdrawFee": "48000",
            "withdrawIntegerMultiple": null,
            "withdrawMax": "2000000000",
            "withdrawMin": "100000",
            "sameAddress": true,
            "contract": "EQBkCw8lcwcgk1nSlMko6SV2cf2ZyxnLR8w3t7923ErnzSBX",
            "withdrawTips": null,
            "depositTips": null,
            "netWork": "TONCOIN"
        }
    },
    {
        "coin": "FTON",
        "name": "Fanton",
        "networkDetails": {
            "coin": "FTON",
            "depositDesc": null,
            "depositEnable": true,
            "minConfirm": 10,
            "name": "Fanton",
            "network": "Toncoin(TON)",
            "withdrawEnable": true,
            "withdrawFee": "1300",
            "withdrawIntegerMultiple": null,
            "withdrawMax": "12500000",
            "withdrawMin": "2000",
            "sameAddress": true,
            "contract": "EQDCBwiUEeeBLHhqIW161yObGvO7_BqZeD3XR5E2y_fwfiMG",
            "withdrawTips": null,
            "depositTips": null,
            "netWork": "TONCOIN"
        }
    },
    {
        "coin": "HIF",
        "name": "Hedgehog in the fog",
        "networkDetails": {
            "coin": "HIF",
            "depositDesc": null,
            "depositEnable": false,
            "minConfirm": 10,
            "name": "Hedgehog in the fog",
            "network": "Toncoin(TON)",
            "withdrawEnable": true,
            "withdrawFee": "10",
            "withdrawIntegerMultiple": null,
            "withdrawMax": "6000000",
            "withdrawMin": "20",
            "sameAddress": true,
            "contract": "EQCLWvCj44QYTeLujnCYKH7DoAuk_O7QI-LnAt3X5bOfNFMy",
            "withdrawTips": null,
            "depositTips": null,
            "netWork": "TONCOIN"
        }
    },
    {
        "coin": "UTYAB",
        "name": "UTYABSWAP",
        "networkDetails": {
            "coin": "UTYAB",
            "depositDesc": "Deposit is prohibited (forced deposit may result in asset loss)",
            "depositEnable": false,
            "minConfirm": 10,
            "name": "UTYABSWAP",
            "network": "Toncoin(TON)",
            "withdrawEnable": true,
            "withdrawFee": "0",
            "withdrawIntegerMultiple": null,
            "withdrawMax": "100000000",
            "withdrawMin": "1",
            "sameAddress": true,
            "contract": "EQAw63ZqLmnwRA77PW07CWIEngwg-eIiysaqZ8IWpUL0nP7a",
            "withdrawTips": null,
            "depositTips": null,
            "netWork": "TONCOIN"
        }
    },
    {
        "coin": "CLAY",
        "name": "Clayton",
        "networkDetails": {
            "coin": "CLAY",
            "depositDesc": null,
            "depositEnable": true,
            "minConfirm": 10,
            "name": "Clayton",
            "network": "Toncoin(TON)",
            "withdrawEnable": true,
            "withdrawFee": "14000",
            "withdrawIntegerMultiple": null,
            "withdrawMax": "1000000000",
            "withdrawMin": "30000",
            "sameAddress": true,
            "contract": "EQB-vc00g9PeUWLptSAH4g1J5kYS7WTgtVEfhI6oKdQtRudE",
            "withdrawTips": null,
            "depositTips": null,
            "netWork": "TONCOIN"
        }
    },
    {
        "coin": "DOGG",
        "name": "DOGG TON",
        "networkDetails": {
            "coin": "DOGG",
            "depositDesc": "Deposit is prohibited (forced deposit may result in asset loss)",
            "depositEnable": false,
            "minConfirm": 10,
            "name": "DOGG TON",
            "network": "Toncoin(TON)",
            "withdrawEnable": true,
            "withdrawFee": "0",
            "withdrawIntegerMultiple": null,
            "withdrawMax": "10000000",
            "withdrawMin": "50",
            "sameAddress": true,
            "contract": "EQDzTDu-LWLeUgA7vXe8YwGz9PYGKJ-cz-JlKZD9TGVX74cG",
            "withdrawTips": null,
            "depositTips": null,
            "netWork": "TONCOIN"
        }
    },
    {
        "coin": "DOGS",
        "name": "DOGS",
        "networkDetails": {
            "coin": "DOGS",
            "depositDesc": null,
            "depositEnable": true,
            "minConfirm": 10,
            "name": "DOGS",
            "network": "Toncoin(TON)",
            "withdrawEnable": true,
            "withdrawFee": "3800",
            "withdrawIntegerMultiple": null,
            "withdrawMax": "1000000000",
            "withdrawMin": "8000",
            "sameAddress": true,
            "contract": "EQCvxJy4eG8hyHBFsZ7eePxrRsUQSFE_jpptRAYBmcG_DOGS",
            "withdrawTips": null,
            "depositTips": "",
            "netWork": "TONCOIN"
        }
    },
    {
        "coin": "HMSTR",
        "name": "Hamster Kombat",
        "networkDetails": {
            "coin": "HMSTR",
            "depositDesc": null,
            "depositEnable": true,
            "minConfirm": 10,
            "name": "Hamster Kombat",
            "network": "Toncoin(TON)",
            "withdrawEnable": true,
            "withdrawFee": "670",
            "withdrawIntegerMultiple": null,
            "withdrawMax": "25000000",
            "withdrawMin": "1000",
            "sameAddress": true,
            "contract": "EQAJ8uWd7EBqsmpSWaRdf_I-8R8-XHwh3gsNKhy-UrdrPcUo",
            "withdrawTips": null,
            "depositTips": null,
            "netWork": "TONCOIN"
        }
    },
    {
        "coin": "ZOO",
        "name": "Zoo",
        "networkDetails": {
            "coin": "ZOO",
            "depositDesc": "Deposit is prohibited (forced deposit may result in asset loss)",
            "depositEnable": false,
            "minConfirm": 10,
            "name": "Zoo",
            "network": "Toncoin(TON)",
            "withdrawEnable": true,
            "withdrawFee": "0",
            "withdrawIntegerMultiple": null,
            "withdrawMax": "20000000000",
            "withdrawMin": "600000",
            "sameAddress": true,
            "contract": "EQCSZO6N3B1i5Myqw8Kkgj5Ncf5jf2caCXChHsA8bUt__ZOO",
            "withdrawTips": null,
            "depositTips": null,
            "netWork": "TONCOIN"
        }
    },
    {
        "coin": "DUROV",
        "name": "Durov",
        "networkDetails": {
            "coin": "DUROV",
            "depositDesc": "Deposit is prohibited (forced deposit may result in asset loss)",
            "depositEnable": false,
            "minConfirm": 10,
            "name": "Durov",
            "network": "Toncoin(TON)",
            "withdrawEnable": true,
            "withdrawFee": "0",
            "withdrawIntegerMultiple": null,
            "withdrawMax": "25000000000",
            "withdrawMin": "120000",
            "sameAddress": true,
            "contract": "EQCZRiNkxToEGEn9Z1ZgVf22kmriCD19dxDJdDhxhgFomNXV",
            "withdrawTips": null,
            "depositTips": "",
            "netWork": "TONCOIN"
        }
    },
    {
        "coin": "POKEOLD",
        "name": "POKE",
        "networkDetails": {
            "coin": "POKEOLD",
            "depositDesc": "Deposit is prohibited (forced deposit may result in asset loss)",
            "depositEnable": false,
            "minConfirm": 10,
            "name": "POKE",
            "network": "Toncoin(TON)",
            "withdrawEnable": false,
            "withdrawFee": "0",
            "withdrawIntegerMultiple": null,
            "withdrawMax": "18484290",
            "withdrawMin": "18484288",
            "sameAddress": true,
            "contract": "EQCV_fyclOpsbZxVlMivQvDrjYrsjO37QoWAEcCtACMFmDwl",
            "withdrawTips": null,
            "depositTips": null,
            "netWork": "TONCOIN"
        }
    },
    {
        "coin": "ANON1",
        "name": "ANON",
        "networkDetails": {
            "coin": "ANON1",
            "depositDesc": null,
            "depositEnable": true,
            "minConfirm": 10,
            "name": "ANON",
            "network": "Toncoin(TON)",
            "withdrawEnable": true,
            "withdrawFee": "450",
            "withdrawIntegerMultiple": null,
            "withdrawMax": "14000000",
            "withdrawMin": "900",
            "sameAddress": true,
            "contract": "EQDv-yr41_CZ2urg2gfegVfa44PDPjIK9F-MilEDKDUIhlwZ",
            "withdrawTips": null,
            "depositTips": "The token name of ANON (ANON) is ANON (ANON1) in MEXC; The last digits of the token's contract address are hlwZ, please make sure they're correct before taking action.",
            "netWork": "TONCOIN"
        }
    },
    {
        "coin": "MEMES",
        "name": "MEMES",
        "networkDetails": {
            "coin": "MEMES",
            "depositDesc": null,
            "depositEnable": true,
            "minConfirm": 10,
            "name": "MEMES",
            "network": "Toncoin(TON)",
            "withdrawEnable": true,
            "withdrawFee": "5580",
            "withdrawIntegerMultiple": null,
            "withdrawMax": "40000000",
            "withdrawMin": "8000",
            "sameAddress": true,
            "contract": "EQACQgOerREZ0dzqmDfyRYSryrNJCQbdNL8pxxgICenLElMM",
            "withdrawTips": null,
            "depositTips": null,
            "netWork": "TONCOIN"
        }
    },
    {
        "coin": "DUREV",
        "name": "Povel Durev",
        "networkDetails": {
            "coin": "DUREV",
            "depositDesc": "Deposit is prohibited (forced deposit may result in asset loss)",
            "depositEnable": false,
            "minConfirm": 10,
            "name": "Povel Durev",
            "network": "Toncoin(TON)",
            "withdrawEnable": true,
            "withdrawFee": "0.15",
            "withdrawIntegerMultiple": null,
            "withdrawMax": "3000000",
            "withdrawMin": "0.3",
            "sameAddress": true,
            "contract": "EQB02DJ0cdUD4iQDRbBv4aYG3htePHBRK1tGeRtCnatescK0",
            "withdrawTips": null,
            "depositTips": "",
            "netWork": "TONCOIN"
        }
    },
    {
        "coin": "AVERY",
        "name": "Avery Games",
        "networkDetails": {
            "coin": "AVERY",
            "depositDesc": "Deposit is prohibited (forced deposit may result in asset loss)",
            "depositEnable": false,
            "minConfirm": 10,
            "name": "Avery Games",
            "network": "Toncoin(TON)",
            "withdrawEnable": true,
            "withdrawFee": "0",
            "withdrawIntegerMultiple": null,
            "withdrawMax": "25000000000",
            "withdrawMin": "100000",
            "sameAddress": true,
            "contract": "EQCOjFsEGZGoXKvhi6JBjRGGNefPnaCE0kOOvOmQ0UEXTadV",
            "withdrawTips": null,
            "depositTips": null,
            "netWork": "TONCOIN"
        }
    },
    {
        "coin": "TONR",
        "name": "TONR",
        "networkDetails": {
            "coin": "TONR",
            "depositDesc": "Deposit is prohibited (forced deposit may result in asset loss)",
            "depositEnable": false,
            "minConfirm": 10,
            "name": "TONR",
            "network": "Toncoin(TON)",
            "withdrawEnable": true,
            "withdrawFee": "0",
            "withdrawIntegerMultiple": null,
            "withdrawMax": "40000000",
            "withdrawMin": "200",
            "sameAddress": true,
            "contract": "EQCzx9Q7ckKZXkyTZsCnTXxQKbr-l06-qz9wrXWWeNzlwO09",
            "withdrawTips": null,
            "depositTips": null,
            "netWork": "TONCOIN"
        }
    },
    {
        "coin": "KGB",
        "name": "KGB Protocol",
        "networkDetails": {
            "coin": "KGB",
            "depositDesc": "Deposit is prohibited (forced deposit may result in asset loss)",
            "depositEnable": false,
            "minConfirm": 10,
            "name": "KGB Protocol",
            "network": "Toncoin(TON)",
            "withdrawEnable": true,
            "withdrawFee": "0",
            "withdrawIntegerMultiple": null,
            "withdrawMax": "20000000000",
            "withdrawMin": "1",
            "sameAddress": true,
            "contract": "EQCVpU1VZL4Orf9mDXTuE5yxB1vvFmApQP9Q-66v0RiH8his",
            "withdrawTips": null,
            "depositTips": null,
            "netWork": "TONCOIN"
        }
    },
    {
        "coin": "MEMHASH",
        "name": "Memhash",
        "networkDetails": {
            "coin": "MEMHASH",
            "depositDesc": null,
            "depositEnable": true,
            "minConfirm": 10,
            "name": "Memhash",
            "network": "Toncoin(TON)",
            "withdrawEnable": true,
            "withdrawFee": "580",
            "withdrawIntegerMultiple": null,
            "withdrawMax": "20000000",
            "withdrawMin": "1000",
            "sameAddress": true,
            "contract": "EQDol2oVpmBznAL6vQpF51QW3p0PKV7ag4VEtex8_MeMHASH",
            "withdrawTips": null,
            "depositTips": null,
            "netWork": "TONCOIN"
        }
    },
    {
        "coin": "USDT",
        "name": "USDT",
        "networkDetails": {
            "coin": "USDT",
            "depositDesc": null,
            "depositEnable": true,
            "minConfirm": 10,
            "name": "USDT",
            "network": "Toncoin(TON)",
            "withdrawEnable": true,
            "withdrawFee": "0.15",
            "withdrawIntegerMultiple": null,
            "withdrawMax": "5000000",
            "withdrawMin": "10",
            "sameAddress": true,
            "contract": "EQCxE6mUtQJKFnGfaROTKOt1lZbDiiX1kCixRv7Nw2Id_sDs",
            "withdrawTips": null,
            "depositTips": "",
            "netWork": "TONCOIN"
        }
    },
    {
        "coin": "USDE",
        "name": "USDE",
        "networkDetails": {
            "coin": "USDE",
            "depositDesc": null,
            "depositEnable": true,
            "minConfirm": 10,
            "name": "USDE",
            "network": "Toncoin(TON)",
            "withdrawEnable": true,
            "withdrawFee": "0",
            "withdrawIntegerMultiple": null,
            "withdrawMax": "200000",
            "withdrawMin": "1",
            "sameAddress": true,
            "contract": "EQAIb6KmdfdDR7CN1GBqVJuP25iCnLKCvBlJ07Evuu2dzP5f",
            "withdrawTips": null,
            "depositTips": null,
            "netWork": "TONCOIN"
        }
    },
    {
        "coin": "VERT",
        "name": "Vertus",
        "networkDetails": {
            "coin": "VERT",
            "depositDesc": null,
            "depositEnable": true,
            "minConfirm": 10,
            "name": "Vertus",
            "network": "Toncoin(TON)",
            "withdrawEnable": true,
            "withdrawFee": "400",
            "withdrawIntegerMultiple": null,
            "withdrawMax": "100000000",
            "withdrawMin": "800",
            "sameAddress": true,
            "contract": "EQDfglfrf0Os38cKPHaOKqQenJpls2s0cey8acQFjPC_VERT",
            "withdrawTips": null,
            "depositTips": null,
            "netWork": "TONCOIN"
        }
    },
    {
        "coin": "WIFT",
        "name": "DOGWIFHOOD",
        "networkDetails": {
            "coin": "WIFT",
            "depositDesc": "Deposit is prohibited (forced deposit may result in asset loss)",
            "depositEnable": false,
            "minConfirm": 10,
            "name": "DOGWIFHOOD",
            "network": "Toncoin(TON)",
            "withdrawEnable": true,
            "withdrawFee": "0",
            "withdrawIntegerMultiple": null,
            "withdrawMax": "30000000",
            "withdrawMin": "1",
            "sameAddress": true,
            "contract": "EQAuco5ZEPgB19fSTo7EmtLTJysrKxbu6M_XOFDwWQiNjCsQ",
            "withdrawTips": "The token name of DOGWIFHOOD (WIF) is WIFT in MEXC; The last digits of the token's contract address are jCsQ, please make sure they're correct before taking action.",
            "depositTips": "The token name of DOGWIFHOOD (WIF) is WIFT in MEXC; The last digits of the token's contract address are jCsQ, please make sure they're correct before taking action.",
            "netWork": "TONCOIN"
        }
    },
    {
        "coin": "COPA",
        "name": "COCO PARK",
        "networkDetails": {
            "coin": "COPA",
            "depositDesc": "Deposit is prohibited (forced deposit may result in asset loss)",
            "depositEnable": false,
            "minConfirm": 10,
            "name": "COCO PARK",
            "network": "Toncoin(TON)",
            "withdrawEnable": true,
            "withdrawFee": "0",
            "withdrawIntegerMultiple": null,
            "withdrawMax": "400000000",
            "withdrawMin": "2000",
            "sameAddress": true,
            "contract": "EQD5x8gz3IhTLR2-DGkmL0ehWk7QlIkOTIGu3uhDuL4sbDGb",
            "withdrawTips": null,
            "depositTips": null,
            "netWork": "TONCOIN"
        }
    },
    {
        "coin": "MERGE",
        "name": "Merge Pals",
        "networkDetails": {
            "coin": "MERGE",
            "depositDesc": "Deposit is prohibited (forced deposit may result in asset loss)",
            "depositEnable": false,
            "minConfirm": 10,
            "name": "Merge Pals",
            "network": "Toncoin(TON)",
            "withdrawEnable": true,
            "withdrawFee": "0",
            "withdrawIntegerMultiple": null,
            "withdrawMax": "200000000",
            "withdrawMin": "1000",
            "sameAddress": true,
            "contract": "EQCvCDFaKVqFB4eSM1r2pHHWAU-NjcbU6vDDUUsTQKqIjGa8",
            "withdrawTips": null,
            "depositTips": null,
            "netWork": "TONCOIN"
        }
    },
    {
        "coin": "BLUM",
        "name": "Blum",
        "networkDetails": {
            "coin": "BLUM",
            "depositDesc": null,
            "depositEnable": true,
            "minConfirm": 10,
            "name": "Blum",
            "network": "Toncoin(TON)",
            "withdrawEnable": true,
            "withdrawFee": "10",
            "withdrawIntegerMultiple": null,
            "withdrawMax": "2000000",
            "withdrawMin": "20",
            "sameAddress": true,
            "contract": "EQCAj5oiRRrXokYsg_B-e0KG9xMwh5upr5I8HQzErm0_BLUM",
            "withdrawTips": null,
            "depositTips": null,
            "netWork": "TONCOIN"
        }
    },
    {
        "coin": "GOATS",
        "name": "GOATS",
        "networkDetails": {
            "coin": "GOATS",
            "depositDesc": null,
            "depositEnable": true,
            "minConfirm": 10,
            "name": "GOATS",
            "network": "Toncoin(TON)",
            "withdrawEnable": true,
            "withdrawFee": "8100",
            "withdrawIntegerMultiple": null,
            "withdrawMax": "200000000",
            "withdrawMin": "16000",
            "sameAddress": true,
            "contract": "EQC2CUQqMJuVkO_ioXE9MvW9ckNBuxqFB7Xce7BgwFnWagem",
            "withdrawTips": null,
            "depositTips": null,
            "netWork": "TONCOIN"
        }
    },
    {
        "coin": "LITR",
        "name": "LITR",
        "networkDetails": {
            "coin": "LITR",
            "depositDesc": null,
            "depositEnable": true,
            "minConfirm": 10,
            "name": "LITR",
            "network": "Toncoin(TON)",
            "withdrawEnable": true,
            "withdrawFee": "20500",
            "withdrawIntegerMultiple": null,
            "withdrawMax": "1000000000",
            "withdrawMin": "55000",
            "sameAddress": true,
            "contract": "EQAuLb7CVa_3OLRsPisEBrZrhwlWV2INgwwesJ-hKKH3Qnj0",
            "withdrawTips": null,
            "depositTips": null,
            "netWork": "TONCOIN"
        }
    },
    {
        "coin": "MDOGS",
        "name": "Money Dogs",
        "networkDetails": {
            "coin": "MDOGS",
            "depositDesc": null,
            "depositEnable": true,
            "minConfirm": 10,
            "name": "Money Dogs",
            "network": "Toncoin(TON)",
            "withdrawEnable": true,
            "withdrawFee": "438000",
            "withdrawIntegerMultiple": null,
            "withdrawMax": "50000000000",
            "withdrawMin": "800000",
            "sameAddress": true,
            "contract": "EQBr3sh4w1nNUZnIA8w7CwH95dm1qy3GG-zlJWA_FuDQFIrR",
            "withdrawTips": null,
            "depositTips": null,
            "netWork": "TONCOIN"
        }
    },
    {
        "coin": "JETTON",
        "name": "JetTon Game",
        "networkDetails": {
            "coin": "JETTON",
            "depositDesc": null,
            "depositEnable": true,
            "minConfirm": 10,
            "name": "JetTon Game",
            "network": "Toncoin(TON)",
            "withdrawEnable": true,
            "withdrawFee": "2.7",
            "withdrawIntegerMultiple": null,
            "withdrawMax": "1000000",
            "withdrawMin": "10",
            "sameAddress": true,
            "contract": "EQAQXlWJvGbbFfE8F3oS8s87lIgdovS455IsWFaRdmJetTon",
            "withdrawTips": "",
            "depositTips": "",
            "netWork": "TONCOIN"
        }
    },
    {
        "coin": "PONCH",
        "name": "Ponchiqs",
        "networkDetails": {
            "coin": "PONCH",
            "depositDesc": "Deposit is prohibited (forced deposit may result in asset loss)",
            "depositEnable": false,
            "minConfirm": 10,
            "name": "Ponchiqs",
            "network": "Toncoin(TON)",
            "withdrawEnable": true,
            "withdrawFee": "0",
            "withdrawIntegerMultiple": null,
            "withdrawMax": "600000",
            "withdrawMin": "8",
            "sameAddress": true,
            "contract": "EQAkG89bnBfKwsUp8ZzqCJM-DeKxwowl_M7uRan7tbMlMGOJ",
            "withdrawTips": null,
            "depositTips": null,
            "netWork": "TONCOIN"
        }
    },
    {
        "coin": "SOEX",
        "name": "SOEX",
        "networkDetails": {
            "coin": "SOEX",
            "depositDesc": null,
            "depositEnable": true,
            "minConfirm": 10,
            "name": "SOEX",
            "network": "Toncoin(TON)",
            "withdrawEnable": true,
            "withdrawFee": "35",
            "withdrawIntegerMultiple": null,
            "withdrawMax": "10000000",
            "withdrawMin": "80",
            "sameAddress": true,
            "contract": "EQCPrad8ocDuIp4bAbGbxdA7BWdWE2Gs4OiAL7Yrrtu6BQMI",
            "withdrawTips": null,
            "depositTips": null,
            "netWork": "TONCOIN"
        }
    },
    {
        "coin": "HOLD",
        "name": "HoldCoin",
        "networkDetails": {
            "coin": "HOLD",
            "depositDesc": null,
            "depositEnable": true,
            "minConfirm": 10,
            "name": "HoldCoin",
            "network": "Toncoin(TON)",
            "withdrawEnable": true,
            "withdrawFee": "4000",
            "withdrawIntegerMultiple": null,
            "withdrawMax": "100000000",
            "withdrawMin": "8000",
            "sameAddress": true,
            "contract": "EQCz_xK2vAf6DHSrmSQ3mV-uEigJbKPP0tWUpqkqYW-RHoLD",
            "withdrawTips": null,
            "depositTips": null,
            "netWork": "TONCOIN"
        }
    },
    {
        "coin": "TAPS",
        "name": "TapSwap",
        "networkDetails": {
            "coin": "TAPS",
            "depositDesc": null,
            "depositEnable": true,
            "minConfirm": 10,
            "name": "TapSwap",
            "network": "Toncoin(TON)",
            "withdrawEnable": true,
            "withdrawFee": "185",
            "withdrawIntegerMultiple": null,
            "withdrawMax": "10000000",
            "withdrawMin": "400",
            "sameAddress": true,
            "contract": "EQD3r1oCVcarXV7yENw6PQC2Y7Yd29enyseEIlARRC4-HtAp",
            "withdrawTips": null,
            "depositTips": null,
            "netWork": "TONCOIN"
        }
    },
    {
        "coin": "NOT",
        "name": "Notcoin",
        "networkDetails": {
            "coin": "NOT",
            "depositDesc": null,
            "depositEnable": true,
            "minConfirm": 10,
            "name": "Notcoin",
            "network": "Toncoin(TON)",
            "withdrawEnable": true,
            "withdrawFee": "270",
            "withdrawIntegerMultiple": null,
            "withdrawMax": "50000000",
            "withdrawMin": "500",
            "sameAddress": true,
            "contract": "EQAvlWFDxGF2lXm67y4yzC17wYKD9A0guwPkMs1gOsM__NOT",
            "withdrawTips": null,
            "depositTips": "",
            "netWork": "TONCOIN"
        }
    },
    {
        "coin": "BATTERY",
        "name": "Battery",
        "networkDetails": {
            "coin": "BATTERY",
            "depositDesc": null,
            "depositEnable": true,
            "minConfirm": 10,
            "name": "Battery",
            "network": "Toncoin(TON)",
            "withdrawEnable": true,
            "withdrawFee": "860",
            "withdrawIntegerMultiple": null,
            "withdrawMax": "400000000",
            "withdrawMin": "2000",
            "sameAddress": true,
            "contract": "EQANmbmdEDsMtvSFIPjJyjL9NKBlREBbIV-fMwuSGCVBIjCC",
            "withdrawTips": null,
            "depositTips": "The token name of Battery(BTY) is BATTERY in MEXC; The last digits of the token's contract address are VBIjCC, please make sure they're correct before taking action.",
            "netWork": "TONCOIN"
        }
    },
    {
        "coin": "APHBT",
        "name": "AiPhABeT",
        "networkDetails": {
            "coin": "APHBT",
            "depositDesc": "Deposit is prohibited (forced deposit may result in asset loss)",
            "depositEnable": false,
            "minConfirm": 10,
            "name": "AiPhABeT",
            "network": "Toncoin(TON)",
            "withdrawEnable": true,
            "withdrawFee": "0",
            "withdrawIntegerMultiple": null,
            "withdrawMax": "20000000",
            "withdrawMin": "200",
            "sameAddress": true,
            "contract": "EQDFu29cK35aAPEHcZRfeC0QqoeY1UdfVpsjO_kjVS3VLF_P",
            "withdrawTips": null,
            "depositTips": null,
            "netWork": "TONCOIN"
        }
    },
    {
        "coin": "DUCK",
        "name": "DuckChain",
        "networkDetails": {
            "coin": "DUCK",
            "depositDesc": null,
            "depositEnable": true,
            "minConfirm": 10,
            "name": "DuckChain",
            "network": "Toncoin(TON)",
            "withdrawEnable": true,
            "withdrawFee": "160",
            "withdrawIntegerMultiple": null,
            "withdrawMax": "20000000",
            "withdrawMin": "300",
            "sameAddress": true,
            "contract": "EQDWXjnVWheFemaAaFn-Cp4nDehvGllrXOZ8wqHm8sDEwn_c",
            "withdrawTips": null,
            "depositTips": null,
            "netWork": "TONCOIN"
        }
    },
    {
        "coin": "ICEBERG",
        "name": "ICEBERG",
        "networkDetails": {
            "coin": "ICEBERG",
            "depositDesc": null,
            "depositEnable": true,
            "minConfirm": 10,
            "name": "ICEBERG",
            "network": "Toncoin(TON)",
            "withdrawEnable": true,
            "withdrawFee": "363000",
            "withdrawIntegerMultiple": null,
            "withdrawMax": "3000000000",
            "withdrawMin": "600000",
            "sameAddress": true,
            "contract": "EQC2LeGHSPpXqhV-dTDWJQAPFOU-p1mGrwoovzx2vwqqH_LT",
            "withdrawTips": null,
            "depositTips": null,
            "netWork": "TONCOIN"
        }
    },
    {
        "coin": "PINGO",
        "name": "PinGo",
        "networkDetails": {
            "coin": "PINGO",
            "depositDesc": "Deposit is prohibited (forced deposit may result in asset loss)",
            "depositEnable": false,
            "minConfirm": 10,
            "name": "PinGo",
            "network": "Toncoin(TON)",
            "withdrawEnable": true,
            "withdrawFee": "0",
            "withdrawIntegerMultiple": null,
            "withdrawMax": "1000000",
            "withdrawMin": "10",
            "sameAddress": true,
            "contract": "EQCRWpQQmfSglpLp6D5Xebix50AStBxjfQQNkssFP_IsiQc3",
            "withdrawTips": null,
            "depositTips": null,
            "netWork": "TONCOIN"
        }
    },
    {
        "coin": "BOMB",
        "name": "Bombie",
        "networkDetails": {
            "coin": "BOMB",
            "depositDesc": null,
            "depositEnable": true,
            "minConfirm": 10,
            "name": "BOMB",
            "network": "Toncoin(TON)",
            "withdrawEnable": true,
            "withdrawFee": "500",
            "withdrawIntegerMultiple": null,
            "withdrawMax": "200000000",
            "withdrawMin": "1000",
            "sameAddress": true,
            "contract": "EQAQZEf6A-BfN8wYVnjdyPWpCXwkTSjhfF5ZWP7AjReM4eEI",
            "withdrawTips": null,
            "depositTips": null,
            "netWork": "TONCOIN"
        }
    },
    {
        "coin": "CATS",
        "name": "CATS",
        "networkDetails": {
            "coin": "CATS",
            "depositDesc": null,
            "depositEnable": true,
            "minConfirm": 10,
            "name": "CATS",
            "network": "Toncoin(TON)",
            "withdrawEnable": true,
            "withdrawFee": "161500",
            "withdrawIntegerMultiple": null,
            "withdrawMax": "40000000000",
            "withdrawMin": "300000",
            "sameAddress": true,
            "contract": "EQA3AshPEVly8wQ6mZincrKC_CkJSKXqqjyg0VMsVjF_CATS",
            "withdrawTips": null,
            "depositTips": null,
            "netWork": "TONCOIN"
        }
    },
    {
        "coin": "CATI",
        "name": "Catizen",
        "networkDetails": {
            "coin": "CATI",
            "depositDesc": null,
            "depositEnable": true,
            "minConfirm": 10,
            "name": "Catizen",
            "network": "Toncoin(TON)",
            "withdrawEnable": true,
            "withdrawFee": "6",
            "withdrawIntegerMultiple": null,
            "withdrawMax": "250000",
            "withdrawMin": "20",
            "sameAddress": true,
            "contract": "EQD-cvR0Nz6XAyRBvbhz-abTrRC6sI5tvHvvpeQraV9UAAD7",
            "withdrawTips": null,
            "depositTips": null,
            "netWork": "TONCOIN"
        }
    },
    {
        "coin": "BLINK",
        "name": "BLINK",
        "networkDetails": {
            "coin": "BLINK",
            "depositDesc": null,
            "depositEnable": true,
            "minConfirm": 10,
            "name": "BLINK",
            "network": "Toncoin(TON)",
            "withdrawEnable": true,
            "withdrawFee": "256500",
            "withdrawIntegerMultiple": null,
            "withdrawMax": "10000000000",
            "withdrawMin": "400000",
            "sameAddress": true,
            "contract": "EQAieaHLJCkNu5C_rOYR-dzQ-Ks8e3oejDqZmQQBGnuWpVzd",
            "withdrawTips": null,
            "depositTips": null,
            "netWork": "TONCOIN"
        }
    },
    {
        "coin": "PGC",
        "name": "PiggyPiggy",
        "networkDetails": {
            "coin": "PGC",
            "depositDesc": "Deposit is prohibited (forced deposit may result in asset loss)",
            "depositEnable": false,
            "minConfirm": 10,
            "name": "PiggyPiggy",
            "network": "Toncoin(TON)",
            "withdrawEnable": true,
            "withdrawFee": "0",
            "withdrawIntegerMultiple": null,
            "withdrawMax": "30000000",
            "withdrawMin": "200",
            "sameAddress": true,
            "contract": "EQBxH3N3nBx_-HEvQ2bs2vrC-M6-WxgIJKl1NqaEVH1sE-CT",
            "withdrawTips": null,
            "depositTips": null,
            "netWork": "TONCOIN"
        }
    },
    {
        "coin": "BELUGA",
        "name": "BELUGA",
        "networkDetails": {
            "coin": "BELUGA",
            "depositDesc": null,
            "depositEnable": true,
            "minConfirm": 10,
            "name": "BELUGA",
            "network": "Toncoin(TON)",
            "withdrawEnable": true,
            "withdrawFee": "0.006",
            "withdrawIntegerMultiple": null,
            "withdrawMax": "5000",
            "withdrawMin": "0.01",
            "sameAddress": true,
            "contract": "EQB3_aNocywnRPQRUSmNJD7aY7eEIRFQ7jax0klMDp5gOMWp",
            "withdrawTips": null,
            "depositTips": null,
            "netWork": "TONCOIN"
        }
    },
    {
        "coin": "GODL",
        "name": "RoOLZ",
        "networkDetails": {
            "coin": "GODL",
            "depositDesc": "Deposit is prohibited (forced deposit may result in asset loss)",
            "depositEnable": false,
            "minConfirm": 10,
            "name": "RoOLZ",
            "network": "Toncoin(TON)",
            "withdrawEnable": true,
            "withdrawFee": "0",
            "withdrawIntegerMultiple": null,
            "withdrawMax": "20000000",
            "withdrawMin": "100",
            "sameAddress": true,
            "contract": "EQAZwJdXCZoO9JIbwBTL2a_zzOAPheLICa4YG7lNIlDZzMmx",
            "withdrawTips": null,
            "depositTips": null,
            "netWork": "TONCOIN"
        }
    },
    {
        "coin": "NEUTON",
        "name": "NEUTON",
        "networkDetails": {
            "coin": "NEUTON",
            "depositDesc": null,
            "depositEnable": true,
            "minConfirm": 10,
            "name": "NEUTON",
            "network": "Toncoin(TON)",
            "withdrawEnable": true,
            "withdrawFee": "1400000",
            "withdrawIntegerMultiple": null,
            "withdrawMax": "100000000000",
            "withdrawMin": "2000000",
            "sameAddress": true,
            "contract": "EQAfzzRcfpnQeIUeNfXrn6p_TGhk-Cne7MnRvT93jry8HMJd",
            "withdrawTips": null,
            "depositTips": null,
            "netWork": "TONCOIN"
        }
    },
    {
        "coin": "MAJOR",
        "name": "Major",
        "networkDetails": {
            "coin": "MAJOR",
            "depositDesc": null,
            "depositEnable": true,
            "minConfirm": 10,
            "name": "Major",
            "network": "Toncoin(TON)",
            "withdrawEnable": true,
            "withdrawFee": "3",
            "withdrawIntegerMultiple": null,
            "withdrawMax": "200000",
            "withdrawMin": "10",
            "sameAddress": true,
            "contract": "EQCuPm01HldiduQ55xaBF_1kaW_WAUy5DHey8suqzU_MAJOR",
            "withdrawTips": null,
            "depositTips": null,
            "netWork": "TONCOIN"
        }
    },
    {
        "coin": "CATGOLD",
        "name": "Cat Gold Miner",
        "networkDetails": {
            "coin": "CATGOLD",
            "depositDesc": "Deposit is prohibited (forced deposit may result in asset loss)",
            "depositEnable": false,
            "minConfirm": 10,
            "name": "Cat Gold Miner",
            "network": "Toncoin(TON)",
            "withdrawEnable": true,
            "withdrawFee": "0",
            "withdrawIntegerMultiple": null,
            "withdrawMax": "200000000",
            "withdrawMin": "700",
            "sameAddress": true,
            "contract": "EQDG8hrMmjWD7iP7Op2XkZ6jGhFtBUqzBrwpj4g50_VRPgYp",
            "withdrawTips": null,
            "depositTips": null,
            "netWork": "TONCOIN"
        }
    },
    {
        "coin": "TGRAM",
        "name": "TG20",
        "networkDetails": {
            "coin": "TGRAM",
            "depositDesc": "Deposit is prohibited (forced deposit may result in asset loss)",
            "depositEnable": false,
            "minConfirm": 10,
            "name": "TG20",
            "network": "Toncoin(TON)",
            "withdrawEnable": true,
            "withdrawFee": "80000",
            "withdrawIntegerMultiple": null,
            "withdrawMax": "10000000000",
            "withdrawMin": "160000",
            "sameAddress": true,
            "contract": "EQDRlQ8en7A2zsTuF7SdDOxMlZ_wFw0E7Eow3u9c4pSoe4Tg",
            "withdrawTips": null,
            "depositTips": "",
            "netWork": "TONCOIN"
        }
    },
    {
        "coin": "SBT",
        "name": "Super Beast",
        "networkDetails": {
            "coin": "SBT",
            "depositDesc": "Deposit is prohibited (forced deposit may result in asset loss)",
            "depositEnable": false,
            "minConfirm": 10,
            "name": "Super Beast",
            "network": "Toncoin(TON)",
            "withdrawEnable": true,
            "withdrawFee": "0",
            "withdrawIntegerMultiple": null,
            "withdrawMax": "2000000000",
            "withdrawMin": "1",
            "sameAddress": true,
            "contract": "EQCgvX7v5yl2QPTOKQefYtU9m5RMIVENOni6XdV1Lnr2UvKh",
            "withdrawTips": null,
            "depositTips": null,
            "netWork": "TONCOIN"
        }
    }
]