[
    {
        "coin": "BBC",
        "name": "ByByeCar",
        "networkDetails": {
            "coin": "BBC",
            "depositDesc": "Deposit is prohibited (forced deposit may result in asset loss)",
            "depositEnable": false,
            "minConfirm": 20,
            "name": "ByByeCar",
            "network": "Tron(TRC20)",
            "withdrawEnable": true,
            "withdrawFee": "0",
            "withdrawIntegerMultiple": null,
            "withdrawMax": "200000",
            "withdrawMin": "1",
            "sameAddress": false,
            "contract": "TRrkeSxEypfiTn7gU3Gg3tP756cEhK493b",
            "withdrawTips": "",
            "depositTips": "",
            "netWork": "TRX"
        }
    },
    {
        "coin": "SFE",
        "name": "Star Fate",
        "networkDetails": {
            "coin": "SFE",
            "depositDesc": "Deposit is prohibited (forced deposit may result in asset loss)",
            "depositEnable": false,
            "minConfirm": 20,
            "name": "Star Fate",
            "network": "Tron(TRC20)",
            "withdrawEnable": true,
            "withdrawFee": "0",
            "withdrawIntegerMultiple": null,
            "withdrawMax": "12000000",
            "withdrawMin": "20",
            "sameAddress": false,
            "contract": "TGCebruLHDuAM5V2szw3akYx51mr2KTiAn",
            "withdrawTips": null,
            "depositTips": null,
            "netWork": "TRX"
        }
    },
    {
        "coin": "SUNDUCK",
        "name": "Sunduck",
        "networkDetails": {
            "coin": "SUNDUCK",
            "depositDesc": "Deposit is prohibited (forced deposit may result in asset loss)",
            "depositEnable": false,
            "minConfirm": 20,
            "name": "Sunduck",
            "network": "Tron(TRC20)",
            "withdrawEnable": true,
            "withdrawFee": "0",
            "withdrawIntegerMultiple": null,
            "withdrawMax": "100000000",
            "withdrawMin": "100",
            "sameAddress": false,
            "contract": "THvXdGAR14VC4EJmffjqzXjjmdWATWWaZr",
            "withdrawTips": null,
            "depositTips": null,
            "netWork": "TRX"
        }
    },
    {
        "coin": "BRG",
        "name": " Bridge Oracle",
        "networkDetails": {
            "coin": "BRG",
            "depositDesc": null,
            "depositEnable": false,
            "minConfirm": 20,
            "name": " Bridge Oracle",
            "network": "Tron(TRC20)",
            "withdrawEnable": false,
            "withdrawFee": "0",
            "withdrawIntegerMultiple": null,
            "withdrawMax": "1000000",
            "withdrawMin": "50",
            "sameAddress": false,
            "contract": "TJvqNiWUN2v2NBG12UhfV7WSvReJkRP3VC",
            "withdrawTips": null,
            "depositTips": null,
            "netWork": "TRX"
        }
    },
    {
        "coin": "SUN",
        "name": "SUN",
        "networkDetails": {
            "coin": "SUN",
            "depositDesc": null,
            "depositEnable": true,
            "minConfirm": 20,
            "name": "SUN",
            "network": "Tron(TRC20)",
            "withdrawEnable": true,
            "withdrawFee": "30",
            "withdrawIntegerMultiple": null,
            "withdrawMax": "38000000",
            "withdrawMin": "100",
            "sameAddress": false,
            "contract": "TSSMHYeV2uE9qYH95DqyoCuNCzEL1NvU3S",
            "withdrawTips": "Current futures address of the token is TSSMHYeV2uE9qYH95DqyoCuNCzEL1NvU3S, please confirm before proceeding.",
            "depositTips": "SUN contract address has been changed to TSSMHYeV2uE9qYH95DqyoCuNCzEL1NvU3S. Please confirm before depositing.",
            "netWork": "TRX"
        }
    },
    {
        "coin": "BTT",
        "name": "BitTorrent",
        "networkDetails": {
            "coin": "BTT",
            "depositDesc": null,
            "depositEnable": true,
            "minConfirm": 20,
            "name": "BitTorrent",
            "network": "Tron(TRC20)",
            "withdrawEnable": true,
            "withdrawFee": "312500",
            "withdrawIntegerMultiple": null,
            "withdrawMax": "320000000000",
            "withdrawMin": "500000",
            "sameAddress": false,
            "contract": "TAFjULxiVgT4qWk6UZwjqwZXTSaGaqnVp4",
            "withdrawTips": "Current futures address of the token is TAFjULxiVgT4qWk6UZwjqwZXTSaGaqnVp4, please confirm before proceeding.",
            "depositTips": "BTT currently supports the TRC20 version, and the contract address has been changed to TAFjULxiVgT4qWk6UZwjqwZXTSaGaqnVp4. Please confirm before depositing.",
            "netWork": "TRX"
        }
    },
    {
        "coin": "SZN",
        "name": "szn",
        "networkDetails": {
            "coin": "SZN",
            "depositDesc": "Deposit is prohibited (forced deposit may result in asset loss)",
            "depositEnable": false,
            "minConfirm": 20,
            "name": "szn",
            "network": "Tron(TRC20)",
            "withdrawEnable": true,
            "withdrawFee": "0",
            "withdrawIntegerMultiple": null,
            "withdrawMax": "40000000",
            "withdrawMin": "100",
            "sameAddress": false,
            "contract": "TDxL4V5LE6TYSFXSCWJkkSsCYbgmrDnTer",
            "withdrawTips": null,
            "depositTips": null,
            "netWork": "TRX"
        }
    },
    {
        "coin": "TMX",
        "name": "TMX",
        "networkDetails": {
            "coin": "TMX",
            "depositDesc": null,
            "depositEnable": false,
            "minConfirm": 20,
            "name": "TMX",
            "network": "Tron(TRC20)",
            "withdrawEnable": false,
            "withdrawFee": "0",
            "withdrawIntegerMultiple": null,
            "withdrawMax": "1000000",
            "withdrawMin": "10",
            "sameAddress": false,
            "contract": "TKFwJx9yuTW1pouv8GvBeKd5y7T6XQCaBQ",
            "withdrawTips": null,
            "depositTips": null,
            "netWork": "TRX"
        }
    },
    {
        "coin": "TRX",
        "name": "Tron",
        "networkDetails": {
            "coin": "TRX",
            "depositDesc": null,
            "depositEnable": true,
            "minConfirm": 20,
            "name": "Tron",
            "network": "Tron(TRC20)",
            "withdrawEnable": true,
            "withdrawFee": "0.8",
            "withdrawIntegerMultiple": null,
            "withdrawMax": "6600000",
            "withdrawMin": "10",
            "sameAddress": false,
            "contract": "",
            "withdrawTips": null,
            "depositTips": null,
            "netWork": "TRX"
        }
    },
    {
        "coin": "BTTOLD",
        "name": "BitTorrent Old",
        "networkDetails": {
            "coin": "BTTOLD",
            "depositDesc": "Deposit is prohibited (forced deposit may result in asset loss)",
            "depositEnable": false,
            "minConfirm": 20,
            "name": "BitTorrent Old",
            "network": "Tron(TRC20)",
            "withdrawEnable": true,
            "withdrawFee": "0",
            "withdrawIntegerMultiple": null,
            "withdrawMax": "500000000",
            "withdrawMin": "500",
            "sameAddress": false,
            "contract": "1002000",
            "withdrawTips": null,
            "depositTips": "The MEXC platform does not support other chains of the token yet, currently it only supports the TRC10 version. Please make sure to check if the version is the same before making deposits.",
            "netWork": "TRX"
        }
    },
    {
        "coin": "BICOIN",
        "name": "B1COIN",
        "networkDetails": {
            "coin": "BICOIN",
            "depositDesc": "Deposit suspended due to wallet maintenance",
            "depositEnable": false,
            "minConfirm": 20,
            "name": "B1COIN",
            "network": "Tron(TRC20)",
            "withdrawEnable": true,
            "withdrawFee": "0",
            "withdrawIntegerMultiple": null,
            "withdrawMax": "400000000",
            "withdrawMin": "10",
            "sameAddress": false,
            "contract": "TF7ixydn7nfCgj9wQj3fRdKRAvsZ8egHcx",
            "withdrawTips": null,
            "depositTips": null,
            "netWork": "TRX"
        }
    },
    {
        "coin": "DCT",
        "name": "Roboton",
        "networkDetails": {
            "coin": "DCT",
            "depositDesc": null,
            "depositEnable": true,
            "minConfirm": 20,
            "name": "Roboton",
            "network": "Tron(TRC20)",
            "withdrawEnable": true,
            "withdrawFee": "200",
            "withdrawIntegerMultiple": null,
            "withdrawMax": "100000000",
            "withdrawMin": "500",
            "sameAddress": false,
            "contract": "TNzctnHygQxx2shHScTJKQBU9U4gVWctfk",
            "withdrawTips": null,
            "depositTips": null,
            "netWork": "TRX"
        }
    },
    {
        "coin": "BULL",
        "name": "Tron Bull",
        "networkDetails": {
            "coin": "BULL",
            "depositDesc": null,
            "depositEnable": true,
            "minConfirm": 20,
            "name": "Tron Bull",
            "network": "Tron(TRC20)",
            "withdrawEnable": true,
            "withdrawFee": "3",
            "withdrawIntegerMultiple": null,
            "withdrawMax": "1000000",
            "withdrawMin": "10",
            "sameAddress": false,
            "contract": "TAt4ufXFaHZAEV44ev7onThjTnF61SEaEM",
            "withdrawTips": null,
            "depositTips": null,
            "netWork": "TRX"
        }
    },
    {
        "coin": "BUSD",
        "name": "Binance USD",
        "networkDetails": {
            "coin": "BUSD",
            "depositDesc": "Deposit is prohibited (forced deposit may result in asset loss)",
            "depositEnable": false,
            "minConfirm": 20,
            "name": "Binance USD",
            "network": "Tron(TRC20)",
            "withdrawEnable": false,
            "withdrawFee": "0",
            "withdrawIntegerMultiple": null,
            "withdrawMax": "7749",
            "withdrawMin": "7740",
            "sameAddress": false,
            "contract": "TMz2SWatiAtZVVcH2ebpsbVtYwUPT9EdjH",
            "withdrawTips": null,
            "depositTips": null,
            "netWork": "TRX"
        }
    },
    {
        "coin": "DZI",
        "name": "DeFinition",
        "networkDetails": {
            "coin": "DZI",
            "depositDesc": null,
            "depositEnable": false,
            "minConfirm": 20,
            "name": "DeFinition",
            "network": "Tron(TRC20)",
            "withdrawEnable": true,
            "withdrawFee": "0",
            "withdrawIntegerMultiple": null,
            "withdrawMax": "140000",
            "withdrawMin": "2",
            "sameAddress": false,
            "contract": "TLi2o9XadMAonBJvzoj1kHBkNe6Nh1SaZ3",
            "withdrawTips": null,
            "depositTips": null,
            "netWork": "TRX"
        }
    },
    {
        "coin": "UP",
        "name": "UP",
        "networkDetails": {
            "coin": "UP",
            "depositDesc": "Deposit suspended due to wallet maintenance",
            "depositEnable": false,
            "minConfirm": 20,
            "name": "UP",
            "network": "Tron(TRC20)",
            "withdrawEnable": true,
            "withdrawFee": "0",
            "withdrawIntegerMultiple": null,
            "withdrawMax": "300000",
            "withdrawMin": "1",
            "sameAddress": false,
            "contract": "TJ93jQZibdB3sriHYb5nNwjgkPPAcFR7ty",
            "withdrawTips": null,
            "depositTips": null,
            "netWork": "TRX"
        }
    },
    {
        "coin": "SUNPEPE",
        "name": "SUNPEPE",
        "networkDetails": {
            "coin": "SUNPEPE",
            "depositDesc": "Deposit is prohibited (forced deposit may result in asset loss)",
            "depositEnable": false,
            "minConfirm": 20,
            "name": "SUNPEPE",
            "network": "Tron(TRC20)",
            "withdrawEnable": true,
            "withdrawFee": "50",
            "withdrawIntegerMultiple": null,
            "withdrawMax": "56000000",
            "withdrawMin": "100",
            "sameAddress": false,
            "contract": "TAzpJHxxgJd8f5AKjzndEndH3S9pzNUM5W",
            "withdrawTips": null,
            "depositTips": null,
            "netWork": "TRX"
        }
    },
    {
        "coin": "SANOLD",
        "name": "SalmonToken",
        "networkDetails": {
            "coin": "SANOLD",
            "depositDesc": null,
            "depositEnable": false,
            "minConfirm": 20,
            "name": "SalmonToken",
            "network": "Tron(TRC20)",
            "withdrawEnable": false,
            "withdrawFee": "0",
            "withdrawIntegerMultiple": null,
            "withdrawMax": "200000",
            "withdrawMin": "0.002",
            "sameAddress": false,
            "contract": "TCMgrfpeHr49iGUBf9S22QAcFoynfqumhL",
            "withdrawTips": null,
            "depositTips": null,
            "netWork": "TRX"
        }
    },
    {
        "coin": "WBT",
        "name": "WhiteBIT Token",
        "networkDetails": {
            "coin": "WBT",
            "depositDesc": null,
            "depositEnable": true,
            "minConfirm": 20,
            "name": "WhiteBIT Token",
            "network": "Tron(TRC20)",
            "withdrawEnable": true,
            "withdrawFee": "0.15",
            "withdrawIntegerMultiple": null,
            "withdrawMax": "50000",
            "withdrawMin": "0.2",
            "sameAddress": false,
            "contract": "TFptbWaARrWTX5Yvy3gNG5Lm8BmhPx82Bt",
            "withdrawTips": null,
            "depositTips": null,
            "netWork": "TRX"
        }
    },
    {
        "coin": "MWCC",
        "name": "MetaWorld",
        "networkDetails": {
            "coin": "MWCC",
            "depositDesc": "Deposit is prohibited (forced deposit may result in asset loss)",
            "depositEnable": false,
            "minConfirm": 20,
            "name": "MetaWorld",
            "network": "Tron(TRC20)",
            "withdrawEnable": true,
            "withdrawFee": "0",
            "withdrawIntegerMultiple": null,
            "withdrawMax": "50000000",
            "withdrawMin": "1",
            "sameAddress": false,
            "contract": "TKzVArL5hdrwnSAghkHhVCXJ4JLmVg6vXt",
            "withdrawTips": null,
            "depositTips": null,
            "netWork": "TRX"
        }
    },
    {
        "coin": "WIN",
        "name": "WINK",
        "networkDetails": {
            "coin": "WIN",
            "depositDesc": null,
            "depositEnable": true,
            "minConfirm": 20,
            "name": "WINK",
            "network": "Tron(TRC20)",
            "withdrawEnable": true,
            "withdrawFee": "7000",
            "withdrawIntegerMultiple": null,
            "withdrawMax": "2600000000",
            "withdrawMin": "10000",
            "sameAddress": false,
            "contract": "TLa2f6VPqDgRE67v1736s7bJ8Ray5wYjU7",
            "withdrawTips": null,
            "depositTips": null,
            "netWork": "TRX"
        }
    },
    {
        "coin": "FMC",
        "name": "FimarkCoin",
        "networkDetails": {
            "coin": "FMC",
            "depositDesc": null,
            "depositEnable": true,
            "minConfirm": 20,
            "name": "FimarkCoin",
            "network": "Tron(TRC20)",
            "withdrawEnable": true,
            "withdrawFee": "2500",
            "withdrawIntegerMultiple": null,
            "withdrawMax": "500000000",
            "withdrawMin": "5000",
            "sameAddress": false,
            "contract": "TF8EjxT89LmcUNKV3fq55oeD5V44V7tjo2",
            "withdrawTips": null,
            "depositTips": null,
            "netWork": "TRX"
        }
    },
    {
        "coin": "SUNCAT",
        "name": "SUNCAT",
        "networkDetails": {
            "coin": "SUNCAT",
            "depositDesc": null,
            "depositEnable": true,
            "minConfirm": 20,
            "name": "SUNCAT",
            "network": "Tron(TRC20)",
            "withdrawEnable": true,
            "withdrawFee": "60",
            "withdrawIntegerMultiple": null,
            "withdrawMax": "10000000",
            "withdrawMin": "120",
            "sameAddress": false,
            "contract": "TAwAg9wtQzTMFsijnSFotJrpxhMm3AqW1d",
            "withdrawTips": null,
            "depositTips": null,
            "netWork": "TRX"
        }
    },
    {
        "coin": "X7C",
        "name": "X7 Coin",
        "networkDetails": {
            "coin": "X7C",
            "depositDesc": "Deposit is prohibited (forced deposit may result in asset loss)",
            "depositEnable": false,
            "minConfirm": 20,
            "name": "X7 Coin",
            "network": "Tron(TRC20)",
            "withdrawEnable": true,
            "withdrawFee": "0",
            "withdrawIntegerMultiple": null,
            "withdrawMax": "4000000",
            "withdrawMin": "10",
            "sameAddress": false,
            "contract": "TUsmP4tY54MB7HCo2D6WA5NaYrZDUtEUna",
            "withdrawTips": null,
            "depositTips": null,
            "netWork": "TRX"
        }
    },
    {
        "coin": "SUGAR",
        "name": "Sugar Boy",
        "networkDetails": {
            "coin": "SUGAR",
            "depositDesc": null,
            "depositEnable": true,
            "minConfirm": 20,
            "name": "Sugar Boy",
            "network": "Tron(TRC20)",
            "withdrawEnable": true,
            "withdrawFee": "30",
            "withdrawIntegerMultiple": null,
            "withdrawMax": "10000000",
            "withdrawMin": "60",
            "sameAddress": false,
            "contract": "TQKQRxEDH2vhtxGB4obGeHwu7AqGDryU3C",
            "withdrawTips": null,
            "depositTips": null,
            "netWork": "TRX"
        }
    },
    {
        "coin": "SUNDOG",
        "name": "SUNDOG",
        "networkDetails": {
            "coin": "SUNDOG",
            "depositDesc": null,
            "depositEnable": true,
            "minConfirm": 20,
            "name": "SUNDOG",
            "network": "Tron(TRC20)",
            "withdrawEnable": true,
            "withdrawFee": "4",
            "withdrawIntegerMultiple": null,
            "withdrawMax": "7000000",
            "withdrawMin": "10",
            "sameAddress": false,
            "contract": "TXL6rJbvmjD46zeN1JssfgxvSo99qC8MRT",
            "withdrawTips": null,
            "depositTips": null,
            "netWork": "TRX"
        }
    },
    {
        "coin": "GTS",
        "name": "GT-STAR",
        "networkDetails": {
            "coin": "GTS",
            "depositDesc": "Deposit suspended due to wallet maintenance",
            "depositEnable": false,
            "minConfirm": 20,
            "name": "GT-STAR",
            "network": "Tron(TRC20)",
            "withdrawEnable": true,
            "withdrawFee": "0",
            "withdrawIntegerMultiple": null,
            "withdrawMax": "100000000",
            "withdrawMin": "10",
            "sameAddress": false,
            "contract": "TWwaUECyUpgFkmHi5EZvvm3QmbfrXUBUL9",
            "withdrawTips": null,
            "depositTips": null,
            "netWork": "TRX"
        }
    },
    {
        "coin": "YFX",
        "name": "YFX-TRX",
        "networkDetails": {
            "coin": "YFX",
            "depositDesc": null,
            "depositEnable": false,
            "minConfirm": 20,
            "name": "YFX-TRX",
            "network": "Tron(TRC20)",
            "withdrawEnable": false,
            "withdrawFee": "12",
            "withdrawIntegerMultiple": null,
            "withdrawMax": "6000000",
            "withdrawMin": "13",
            "sameAddress": false,
            "contract": "TAP7qf8Ao26ZAKYS5E6SGozUNoSLvBHsGa",
            "withdrawTips": null,
            "depositTips": null,
            "netWork": "TRX"
        }
    },
    {
        "coin": "HTX",
        "name": "HTX DAO",
        "networkDetails": {
            "coin": "HTX",
            "depositDesc": null,
            "depositEnable": true,
            "minConfirm": 20,
            "name": "HTX DAO",
            "network": "Tron(TRC20)",
            "withdrawEnable": true,
            "withdrawFee": "500000",
            "withdrawIntegerMultiple": null,
            "withdrawMax": "200000000000",
            "withdrawMin": "1000000",
            "sameAddress": false,
            "contract": "TUPM7K8REVzD2UdV4R5fe5M8XbnR2DdoJ6",
            "withdrawTips": null,
            "depositTips": null,
            "netWork": "TRX"
        }
    },
    {
        "coin": "IVFUN",
        "name": "Invest Zone",
        "networkDetails": {
            "coin": "IVFUN",
            "depositDesc": null,
            "depositEnable": true,
            "minConfirm": 20,
            "name": "Invest Zone",
            "network": "Tron(TRC20)",
            "withdrawEnable": true,
            "withdrawFee": "13",
            "withdrawIntegerMultiple": null,
            "withdrawMax": "5000000",
            "withdrawMin": "40",
            "sameAddress": false,
            "contract": "TSig7sWzEL2K83mkJMQtbyPpiVSbR6pZnb",
            "withdrawTips": null,
            "depositTips": null,
            "netWork": "TRX"
        }
    },
    {
        "coin": "CARROT",
        "name": "CarrotFinance",
        "networkDetails": {
            "coin": "CARROT",
            "depositDesc": null,
            "depositEnable": false,
            "minConfirm": 20,
            "name": "CarrotFinance",
            "network": "Tron(TRC20)",
            "withdrawEnable": true,
            "withdrawFee": "0",
            "withdrawIntegerMultiple": null,
            "withdrawMax": "10000",
            "withdrawMin": "1",
            "sameAddress": false,
            "contract": "TZ7EvoZdEet2P9E2DKf9CtKf6EAyFwRAS3",
            "withdrawTips": null,
            "depositTips": null,
            "netWork": "TRX"
        }
    },
    {
        "coin": "JFI",
        "name": "JackPool",
        "networkDetails": {
            "coin": "JFI",
            "depositDesc": null,
            "depositEnable": false,
            "minConfirm": 20,
            "name": "JackPool",
            "network": "Tron(TRC20)",
            "withdrawEnable": true,
            "withdrawFee": "0",
            "withdrawIntegerMultiple": null,
            "withdrawMax": "3000",
            "withdrawMin": "0.1",
            "sameAddress": false,
            "contract": "TN7zQd2oCCguSQykZ437tZzLEaGJ7EGyha",
            "withdrawTips": null,
            "depositTips": null,
            "netWork": "TRX"
        }
    },
    {
        "coin": "NODEX",
        "name": "NODEX",
        "networkDetails": {
            "coin": "NODEX",
            "depositDesc": null,
            "depositEnable": true,
            "minConfirm": 20,
            "name": "NODEX",
            "network": "Tron(TRC20)",
            "withdrawEnable": true,
            "withdrawFee": "5",
            "withdrawIntegerMultiple": null,
            "withdrawMax": "1000000",
            "withdrawMin": "10",
            "sameAddress": false,
            "contract": "TDKSP3x641VrcmrTbp1RHKJuzAg5zAWd7H",
            "withdrawTips": null,
            "depositTips": null,
            "netWork": "TRX"
        }
    },
    {
        "coin": "JOT",
        "name": "Jot Art",
        "networkDetails": {
            "coin": "JOT",
            "depositDesc": null,
            "depositEnable": false,
            "minConfirm": 20,
            "name": "Jot Art",
            "network": "Tron(TRC20)",
            "withdrawEnable": true,
            "withdrawFee": "10",
            "withdrawIntegerMultiple": null,
            "withdrawMax": "1666000",
            "withdrawMin": "2000",
            "sameAddress": false,
            "contract": "TVpRseqNaYqNQ5NVxrUpzk1SYpS2JaJum4",
            "withdrawTips": "The last digits of the token's contract address are Jum4, please make sure they're correct before taking action.",
            "depositTips": "The last digits of the token's contract address are Jum4, please make sure they're correct before taking action.",
            "netWork": "TRX"
        }
    },
    {
        "coin": "JST",
        "name": "JUST",
        "networkDetails": {
            "coin": "JST",
            "depositDesc": null,
            "depositEnable": true,
            "minConfirm": 20,
            "name": "JUST",
            "network": "Tron(TRC20)",
            "withdrawEnable": true,
            "withdrawFee": "28",
            "withdrawIntegerMultiple": null,
            "withdrawMax": "50000000",
            "withdrawMin": "100",
            "sameAddress": false,
            "contract": "TCFLL5dx5ZJdKnWuesXxi1VPwjLVmWZZy9",
            "withdrawTips": null,
            "depositTips": null,
            "netWork": "TRX"
        }
    },
    {
        "coin": "SUNWUKONG",
        "name": "SunWuKong",
        "networkDetails": {
            "coin": "SUNWUKONG",
            "depositDesc": null,
            "depositEnable": true,
            "minConfirm": 20,
            "name": "SunWuKong",
            "network": "Tron(TRC20)",
            "withdrawEnable": true,
            "withdrawFee": "50",
            "withdrawIntegerMultiple": null,
            "withdrawMax": "20000000",
            "withdrawMin": "100",
            "sameAddress": false,
            "contract": "TP3prcvQknVthrVnn281cKST56eWiLgJJM",
            "withdrawTips": null,
            "depositTips": null,
            "netWork": "TRX"
        }
    },
    {
        "coin": "USDDOLD",
        "name": "USDD",
        "networkDetails": {
            "coin": "USDDOLD",
            "depositDesc": "Deposit is prohibited (forced deposit may result in asset loss)",
            "depositEnable": false,
            "minConfirm": 20,
            "name": "USDD",
            "network": "Tron(TRC20)",
            "withdrawEnable": false,
            "withdrawFee": "1",
            "withdrawIntegerMultiple": null,
            "withdrawMax": "200000",
            "withdrawMin": "3",
            "sameAddress": false,
            "contract": "TPYmHEhy5n8TCEfYGqW2rPxsghSfzghPDn",
            "withdrawTips": null,
            "depositTips": null,
            "netWork": "TRX"
        }
    },
    {
        "coin": "SALOLD",
        "name": "Salmon",
        "networkDetails": {
            "coin": "SALOLD",
            "depositDesc": null,
            "depositEnable": false,
            "minConfirm": 20,
            "name": "Salmon",
            "network": "Tron(TRC20)",
            "withdrawEnable": false,
            "withdrawFee": "0",
            "withdrawIntegerMultiple": null,
            "withdrawMax": "8000",
            "withdrawMin": "0.002",
            "sameAddress": false,
            "contract": "TXyrq6xE49dJhBGBYRH4pZzq9QdXNKWUQa",
            "withdrawTips": null,
            "depositTips": null,
            "netWork": "TRX"
        }
    },
    {
        "coin": "TOOB",
        "name": "Toobcoin",
        "networkDetails": {
            "coin": "TOOB",
            "depositDesc": null,
            "depositEnable": false,
            "minConfirm": 20,
            "name": "Toobcoin",
            "network": "Tron(TRC20)",
            "withdrawEnable": true,
            "withdrawFee": "0",
            "withdrawIntegerMultiple": null,
            "withdrawMax": "60000000",
            "withdrawMin": "1",
            "sameAddress": false,
            "contract": "TV9HPmBWAC927VgYWfDWPgfUmj6nQYjjeU",
            "withdrawTips": null,
            "depositTips": null,
            "netWork": "TRX"
        }
    },
    {
        "coin": "PEPEONTRON",
        "name": "PePeonTron",
        "networkDetails": {
            "coin": "PEPEONTRON",
            "depositDesc": null,
            "depositEnable": true,
            "minConfirm": 20,
            "name": "PePeonTron",
            "network": "Tron(TRC20)",
            "withdrawEnable": true,
            "withdrawFee": "12.5",
            "withdrawIntegerMultiple": null,
            "withdrawMax": "2500000",
            "withdrawMin": "25",
            "sameAddress": false,
            "contract": "TMacq4TDUw5q8NFBwmbY4RLXvzvG5JTkvi",
            "withdrawTips": null,
            "depositTips": null,
            "netWork": "TRX"
        }
    },
    {
        "coin": "USDJ",
        "name": "USDJ",
        "networkDetails": {
            "coin": "USDJ",
            "depositDesc": "Deposit is prohibited (forced deposit may result in asset loss)",
            "depositEnable": false,
            "minConfirm": 20,
            "name": "USDJ",
            "network": "Tron(TRC20)",
            "withdrawEnable": true,
            "withdrawFee": "0.5",
            "withdrawIntegerMultiple": null,
            "withdrawMax": "1000000",
            "withdrawMin": "1",
            "sameAddress": false,
            "contract": "TMwFHYXLJaRUPeW6421aqXL4ZEzPRFGkGT",
            "withdrawTips": null,
            "depositTips": null,
            "netWork": "TRX"
        }
    },
    {
        "coin": "USDT",
        "name": "USDT",
        "networkDetails": {
            "coin": "USDT",
            "depositDesc": null,
            "depositEnable": true,
            "minConfirm": 20,
            "name": "Tether",
            "network": "Tron(TRC20)",
            "withdrawEnable": true,
            "withdrawFee": "1",
            "withdrawIntegerMultiple": null,
            "withdrawMax": "30000000",
            "withdrawMin": "3",
            "sameAddress": false,
            "contract": "TR7NHqjeKQxGTCi8q8ZY4pL8otSzgjLj6t",
            "withdrawTips": null,
            "depositTips": null,
            "netWork": "TRX"
        }
    },
    {
        "coin": "USDD",
        "name": "Decentralized USD",
        "networkDetails": {
            "coin": "USDD",
            "depositDesc": null,
            "depositEnable": true,
            "minConfirm": 20,
            "name": "Decentralized USD",
            "network": "Tron(TRC20)",
            "withdrawEnable": true,
            "withdrawFee": "1",
            "withdrawIntegerMultiple": null,
            "withdrawMax": "200000",
            "withdrawMin": "2",
            "sameAddress": false,
            "contract": "TXDk8mbtRbXeYuMNS83CfKPaYYT8XWv9Hz",
            "withdrawTips": null,
            "depositTips": null,
            "netWork": "TRX"
        }
    },
    {
        "coin": "DAISY",
        "name": "Daisy Launch Pad",
        "networkDetails": {
            "coin": "DAISY",
            "depositDesc": null,
            "depositEnable": false,
            "minConfirm": 20,
            "name": "Daisy Launch Pad",
            "network": "Tron(TRC20)",
            "withdrawEnable": true,
            "withdrawFee": "0",
            "withdrawIntegerMultiple": null,
            "withdrawMax": "40000",
            "withdrawMin": "12",
            "sameAddress": false,
            "contract": "TPrDk8WfuMheRFiC3Q5FsmCq74GuQXGcdL",
            "withdrawTips": null,
            "depositTips": null,
            "netWork": "TRX"
        }
    },
    {
        "coin": "MUNCAT",
        "name": "MUNCAT",
        "networkDetails": {
            "coin": "MUNCAT",
            "depositDesc": null,
            "depositEnable": false,
            "minConfirm": 20,
            "name": "MUNCAT",
            "network": "Tron(TRC20)",
            "withdrawEnable": true,
            "withdrawFee": "0",
            "withdrawIntegerMultiple": null,
            "withdrawMax": "10000000",
            "withdrawMin": "1",
            "sameAddress": false,
            "contract": "TE2T2vLnEQT1XW647EAQAHWqd6NZL1hweR",
            "withdrawTips": null,
            "depositTips": null,
            "netWork": "TRX"
        }
    },
    {
        "coin": "WHALETRX",
        "name": "Crypto Whale",
        "networkDetails": {
            "coin": "WHALETRX",
            "depositDesc": "Deposit is prohibited (forced deposit may result in asset loss)",
            "depositEnable": false,
            "minConfirm": 20,
            "name": "Crypto Whale",
            "network": "Tron(TRC20)",
            "withdrawEnable": true,
            "withdrawFee": "0",
            "withdrawIntegerMultiple": null,
            "withdrawMax": "270000000",
            "withdrawMin": "1",
            "sameAddress": false,
            "contract": "TWP6GgtstiuYbpygSFcZLzJQrj9eDVQcq2",
            "withdrawTips": "The token name of Crypto Whale (WHALE) is WHALETRX in MEXC; The last digits of the token's contract address are Qcq2, please make sure they're correct before taking action.",
            "depositTips": "The token name of Crypto Whale (WHALE) is WHALETRX in MEXC; The last digits of the token's contract address are Qcq2, please make sure they're correct before taking action.",
            "netWork": "TRX"
        }
    },
    {
        "coin": "FOFAR",
        "name": "FOFAR",
        "networkDetails": {
            "coin": "FOFAR",
            "depositDesc": "Deposit is prohibited (forced deposit may result in asset loss)",
            "depositEnable": false,
            "minConfirm": 20,
            "name": "FOFAR",
            "network": "Tron(TRC20)",
            "withdrawEnable": true,
            "withdrawFee": "0",
            "withdrawIntegerMultiple": null,
            "withdrawMax": "58000000",
            "withdrawMin": "1",
            "sameAddress": false,
            "contract": "TUFonyWZ4Tza5MzgDj6g2u5rfdGoRVYG7g",
            "withdrawTips": null,
            "depositTips": null,
            "netWork": "TRX"
        }
    },
    {
        "coin": "CWOLF",
        "name": "Crypto Wolf",
        "networkDetails": {
            "coin": "CWOLF",
            "depositDesc": null,
            "depositEnable": true,
            "minConfirm": 20,
            "name": "Crypto Wolf",
            "network": "Tron(TRC20)",
            "withdrawEnable": true,
            "withdrawFee": "240",
            "withdrawIntegerMultiple": null,
            "withdrawMax": "250000000",
            "withdrawMin": "500",
            "sameAddress": false,
            "contract": "TAEqUgnQ5WUxmt2VLsuTfjTW7wMvWnGbE8",
            "withdrawTips": "The token name of Crypto Wolf (WOLF) is CWOLF in MEXC; The last digits of the token's contract address are GbE8, please make sure they're correct before taking action.",
            "depositTips": "The token name of Crypto Wolf (WOLF) is CWOLF in MEXC; The last digits of the token's contract address are GbE8, please make sure they're correct before taking action.",
            "netWork": "TRX"
        }
    },
    {
        "coin": "KNIGHT",
        "name": "Darkness",
        "networkDetails": {
            "coin": "KNIGHT",
            "depositDesc": "Deposit is prohibited (forced deposit may result in asset loss)",
            "depositEnable": false,
            "minConfirm": 20,
            "name": "Darkness",
            "network": "Tron(TRC20)",
            "withdrawEnable": true,
            "withdrawFee": "150",
            "withdrawIntegerMultiple": null,
            "withdrawMax": "200000000",
            "withdrawMin": "300",
            "sameAddress": false,
            "contract": "THvqUNvSRvV1DRJ9wuugBVKeq3rFxpxJej",
            "withdrawTips": null,
            "depositTips": null,
            "netWork": "TRX"
        }
    },
    {
        "coin": "COLA",
        "name": "BlockCola",
        "networkDetails": {
            "coin": "COLA",
            "depositDesc": null,
            "depositEnable": false,
            "minConfirm": 20,
            "name": "BlockCola",
            "network": "Tron(TRC20)",
            "withdrawEnable": true,
            "withdrawFee": "0",
            "withdrawIntegerMultiple": null,
            "withdrawMax": "100",
            "withdrawMin": "0.002",
            "sameAddress": false,
            "contract": "TSNWgunSeGUQqBKK4bM31iLw3bn9SBWWTG",
            "withdrawTips": null,
            "depositTips": null,
            "netWork": "TRX"
        }
    },
    {
        "coin": "PUSS",
        "name": "PussFi",
        "networkDetails": {
            "coin": "PUSS",
            "depositDesc": null,
            "depositEnable": true,
            "minConfirm": 20,
            "name": "PussFi",
            "network": "Tron(TRC20)",
            "withdrawEnable": true,
            "withdrawFee": "80",
            "withdrawIntegerMultiple": null,
            "withdrawMax": "34000000",
            "withdrawMin": "200",
            "sameAddress": false,
            "contract": "TX5eXdf8458bZ77fk8xdvUgiQmC3L93iv7",
            "withdrawTips": null,
            "depositTips": null,
            "netWork": "TRX"
        }
    },
    {
        "coin": "BEANS",
        "name": "SUNBEANS",
        "networkDetails": {
            "coin": "BEANS",
            "depositDesc": null,
            "depositEnable": true,
            "minConfirm": 20,
            "name": "SUNBEANS",
            "network": "Tron(TRC20)",
            "withdrawEnable": true,
            "withdrawFee": "2500",
            "withdrawIntegerMultiple": null,
            "withdrawMax": "1000000000",
            "withdrawMin": "5000",
            "sameAddress": false,
            "contract": "TQCfza5xo7srwPsYvdpQgYbgQAUWcAcjSa",
            "withdrawTips": null,
            "depositTips": null,
            "netWork": "TRX"
        }
    },
    {
        "coin": "CORNOLD",
        "name": "CORN",
        "networkDetails": {
            "coin": "CORNOLD",
            "depositDesc": null,
            "depositEnable": false,
            "minConfirm": 20,
            "name": "CORN",
            "network": "Tron(TRC20)",
            "withdrawEnable": false,
            "withdrawFee": "0",
            "withdrawIntegerMultiple": null,
            "withdrawMax": "10000000",
            "withdrawMin": "0.012",
            "sameAddress": false,
            "contract": "TDAcEgFppHPMfsJdr3kdhUhDFWKTZQVMM5",
            "withdrawTips": null,
            "depositTips": null,
            "netWork": "TRX"
        }
    },
    {
        "coin": "NFT",
        "name": "NFT-CX",
        "networkDetails": {
            "coin": "NFT",
            "depositDesc": null,
            "depositEnable": true,
            "minConfirm": 20,
            "name": "NFT",
            "network": "Tron(TRC20)",
            "withdrawEnable": true,
            "withdrawFee": "1000000",
            "withdrawIntegerMultiple": null,
            "withdrawMax": "460000000000",
            "withdrawMin": "1500000",
            "sameAddress": false,
            "contract": "TFczxzPhnThNSqr5by8tvxsdCFRRz6cPNq",
            "withdrawTips": null,
            "depositTips": null,
            "netWork": "TRX"
        }
    },
    {
        "coin": "PEARL",
        "name": "Pearl",
        "networkDetails": {
            "coin": "PEARL",
            "depositDesc": null,
            "depositEnable": false,
            "minConfirm": 20,
            "name": "Pearl",
            "network": "Tron(TRC20)",
            "withdrawEnable": true,
            "withdrawFee": "0",
            "withdrawIntegerMultiple": null,
            "withdrawMax": "1000",
            "withdrawMin": "0.1",
            "sameAddress": false,
            "contract": "TGbu32VEGpS4kDmjrmn5ZZJgUyHQiaweoq",
            "withdrawTips": null,
            "depositTips": null,
            "netWork": "TRX"
        }
    },
    {
        "coin": "OKS",
        "name": "Oikos",
        "networkDetails": {
            "coin": "OKS",
            "depositDesc": null,
            "depositEnable": false,
            "minConfirm": 20,
            "name": "Oikos",
            "network": "Tron(TRC20)",
            "withdrawEnable": true,
            "withdrawFee": "0",
            "withdrawIntegerMultiple": null,
            "withdrawMax": "2000000",
            "withdrawMin": "20",
            "sameAddress": false,
            "contract": "TWVVcRqRmpyAi9dASvTXrqnS7FrwvDezMn",
            "withdrawTips": null,
            "depositTips": null,
            "netWork": "TRX"
        }
    },
    {
        "coin": "NEIROTRON",
        "name": "Neiro on Tron",
        "networkDetails": {
            "coin": "NEIROTRON",
            "depositDesc": "Deposit is prohibited (forced deposit may result in asset loss)",
            "depositEnable": false,
            "minConfirm": 20,
            "name": "Neiro on Tron",
            "network": "Tron(TRC20)",
            "withdrawEnable": true,
            "withdrawFee": "50",
            "withdrawIntegerMultiple": null,
            "withdrawMax": "200000000",
            "withdrawMin": "400",
            "sameAddress": false,
            "contract": "TCGPc27oyS2x7S5pex7ssyZxZ2edPWonk2",
            "withdrawTips": null,
            "depositTips": "The token name of Neiro (NEIRO) is NEIROTRON in MEXC; The last digits of the token's contract address are onk2, please make sure they're correct before taking action.",
            "netWork": "TRX"
        }
    },
    {
        "coin": "CAMT",
        "name": "CAMELL",
        "networkDetails": {
            "coin": "CAMT",
            "depositDesc": null,
            "depositEnable": true,
            "minConfirm": 20,
            "name": "CAMELL",
            "network": "Tron(TRC20)",
            "withdrawEnable": true,
            "withdrawFee": "50",
            "withdrawIntegerMultiple": null,
            "withdrawMax": "20000000",
            "withdrawMin": "100",
            "sameAddress": false,
            "contract": "TTLVdtBYipLVqVbPaaQb2Zbcubbpddtxu7",
            "withdrawTips": null,
            "depositTips": null,
            "netWork": "TRX"
        }
    },
    {
        "coin": "TCAT",
        "name": "Tron cat",
        "networkDetails": {
            "coin": "TCAT",
            "depositDesc": "Deposit is prohibited (forced deposit may result in asset loss)",
            "depositEnable": false,
            "minConfirm": 20,
            "name": "Tron cat",
            "network": "Tron(TRC20)",
            "withdrawEnable": true,
            "withdrawFee": "0",
            "withdrawIntegerMultiple": null,
            "withdrawMax": "40000000",
            "withdrawMin": "1",
            "sameAddress": false,
            "contract": "TVgHqeP41s3qMDH3oKBsScEUzvyXw6bKAm",
            "withdrawTips": null,
            "depositTips": null,
            "netWork": "TRX"
        }
    },
    {
        "coin": "SUNMAGA",
        "name": "SunMaga",
        "networkDetails": {
            "coin": "SUNMAGA",
            "depositDesc": "Deposit is prohibited (forced deposit may result in asset loss)",
            "depositEnable": false,
            "minConfirm": 20,
            "name": "SunMaga",
            "network": "Tron(TRC20)",
            "withdrawEnable": true,
            "withdrawFee": "0",
            "withdrawIntegerMultiple": null,
            "withdrawMax": "76923076.92307693",
            "withdrawMin": "1",
            "sameAddress": false,
            "contract": "TWsdQJBvSmTCNKmp7pJ3XCZBfmiNMtdSGb",
            "withdrawTips": null,
            "depositTips": null,
            "netWork": "TRX"
        }
    },
    {
        "coin": "GOLC",
        "name": "GOLCOIN",
        "networkDetails": {
            "coin": "GOLC",
            "depositDesc": "Deposit is prohibited (forced deposit may result in asset loss)",
            "depositEnable": false,
            "minConfirm": 20,
            "name": "GOLCOIN",
            "network": "Tron(TRC20)",
            "withdrawEnable": true,
            "withdrawFee": "0",
            "withdrawIntegerMultiple": null,
            "withdrawMax": "10000000",
            "withdrawMin": "20",
            "sameAddress": false,
            "contract": "TDXyBerEqKHrGLEQFH9S3prXHPQiqaDsTA",
            "withdrawTips": null,
            "depositTips": null,
            "netWork": "TRX"
        }
    },
    {
        "coin": "TUSD",
        "name": "TrueUSD",
        "networkDetails": {
            "coin": "TUSD",
            "depositDesc": null,
            "depositEnable": true,
            "minConfirm": 20,
            "name": "TrueUSD",
            "network": "Tron(TRC20)",
            "withdrawEnable": true,
            "withdrawFee": "4",
            "withdrawIntegerMultiple": null,
            "withdrawMax": "200000",
            "withdrawMin": "8",
            "sameAddress": false,
            "contract": "TUpMhErZL2fhh4sVNULAbNKLokS4GjC1F4",
            "withdrawTips": null,
            "depositTips": null,
            "netWork": "TRX"
        }
    },
    {
        "coin": "TRONDOG",
        "name": "TronDog",
        "networkDetails": {
            "coin": "TRONDOG",
            "depositDesc": "Deposit is prohibited (forced deposit may result in asset loss)",
            "depositEnable": false,
            "minConfirm": 20,
            "name": "TronDog",
            "network": "Tron(TRC20)",
            "withdrawEnable": true,
            "withdrawFee": "0",
            "withdrawIntegerMultiple": null,
            "withdrawMax": "125000000",
            "withdrawMin": "1",
            "sameAddress": false,
            "contract": "TEKWczHwjSiS75N37YSz1fgraZLuarks86",
            "withdrawTips": null,
            "depositTips": null,
            "netWork": "TRX"
        }
    },
    {
        "coin": "SLMOLD",
        "name": "SalmonToken",
        "networkDetails": {
            "coin": "SLMOLD",
            "depositDesc": null,
            "depositEnable": false,
            "minConfirm": 20,
            "name": "SalmonToken",
            "network": "Tron(TRC20)",
            "withdrawEnable": false,
            "withdrawFee": "0",
            "withdrawIntegerMultiple": null,
            "withdrawMax": "2000000",
            "withdrawMin": "0.002",
            "sameAddress": false,
            "contract": "TEbKj6dFUSs6Q6dW5F9R4DZwTWKV9EV2BR",
            "withdrawTips": null,
            "depositTips": null,
            "netWork": "TRX"
        }
    },
    {
        "coin": "SUNNED",
        "name": "SUNNED",
        "networkDetails": {
            "coin": "SUNNED",
            "depositDesc": "Deposit is prohibited (forced deposit may result in asset loss)",
            "depositEnable": false,
            "minConfirm": 20,
            "name": "SUNNED",
            "network": "Tron(TRC20)",
            "withdrawEnable": true,
            "withdrawFee": "0",
            "withdrawIntegerMultiple": null,
            "withdrawMax": "400000000",
            "withdrawMin": "100",
            "sameAddress": false,
            "contract": "THMpAfhJwJic2V9SbReQhwXLPuRGSLsj5q",
            "withdrawTips": null,
            "depositTips": null,
            "netWork": "TRX"
        }
    },
    {
        "coin": "TBULL",
        "name": "Tron Bull",
        "networkDetails": {
            "coin": "TBULL",
            "depositDesc": null,
            "depositEnable": true,
            "minConfirm": 20,
            "name": "Tron Bull",
            "network": "Tron(TRC20)",
            "withdrawEnable": true,
            "withdrawFee": "30",
            "withdrawIntegerMultiple": null,
            "withdrawMax": "12500000",
            "withdrawMin": "60",
            "sameAddress": false,
            "contract": "TPeoxx1VhUMnAUyjwWfximDYFDQaxNQQ45",
            "withdrawTips": null,
            "depositTips": null,
            "netWork": "TRX"
        }
    },
    {
        "coin": "JOTOLD",
        "name": "Jot Art",
        "networkDetails": {
            "coin": "JOTOLD",
            "depositDesc": "Deposit suspended due to wallet maintenance",
            "depositEnable": false,
            "minConfirm": 20,
            "name": "Jot Art",
            "network": "Tron(TRC20)",
            "withdrawEnable": false,
            "withdrawFee": "0",
            "withdrawIntegerMultiple": null,
            "withdrawMax": "1666000",
            "withdrawMin": "1665000",
            "sameAddress": false,
            "contract": "TMhjF7fbDfNiac8ePjtzjeay5meucbGsPd",
            "withdrawTips": null,
            "depositTips": null,
            "netWork": "TRX"
        }
    },
    {
        "coin": "ANK",
        "name": "AlphaLink",
        "networkDetails": {
            "coin": "ANK",
            "depositDesc": null,
            "depositEnable": false,
            "minConfirm": 20,
            "name": "AlphaLink",
            "network": "Tron(TRC20)",
            "withdrawEnable": true,
            "withdrawFee": "0",
            "withdrawIntegerMultiple": null,
            "withdrawMax": "1000000",
            "withdrawMin": "5",
            "sameAddress": false,
            "contract": "TCsxTt938mi536b4PMweLK4y4EJUjzL574",
            "withdrawTips": null,
            "depositTips": null,
            "netWork": "TRX"
        }
    },
    {
        "coin": "TAIOLD",
        "name": "TAI",
        "networkDetails": {
            "coin": "TAIOLD",
            "depositDesc": null,
            "depositEnable": false,
            "minConfirm": 12,
            "name": "TAI",
            "network": "Tron(TRC20)",
            "withdrawEnable": false,
            "withdrawFee": "0",
            "withdrawIntegerMultiple": null,
            "withdrawMax": "20000000",
            "withdrawMin": "1",
            "sameAddress": false,
            "contract": "TRwS7apsNdRGzMBfhB2hVC4RhqfubUYZ8P",
            "withdrawTips": null,
            "depositTips": null,
            "netWork": "TRX"
        }
    },
    {
        "coin": "KLVOLD",
        "name": "KLV",
        "networkDetails": {
            "coin": "KLVOLD",
            "depositDesc": null,
            "depositEnable": false,
            "minConfirm": 20,
            "name": "KLV",
            "network": "Tron(TRC20)",
            "withdrawEnable": false,
            "withdrawFee": "0",
            "withdrawIntegerMultiple": null,
            "withdrawMax": "15937377",
            "withdrawMin": "15937375",
            "sameAddress": false,
            "contract": "TVj7RNVHy6thbM7BWdSe9G6gXwKhjhdNZS",
            "withdrawTips": null,
            "depositTips": null,
            "netWork": "TRX"
        }
    }
]