[
    {
        "coin": "TTCOIN",
        "name": "TongTongCoin",
        "networkDetails": {
            "coin": "TTCOIN",
            "depositDesc": null,
            "depositEnable": true,
            "minConfirm": 30,
            "name": "TongTongCoin",
            "network": "TTC",
            "withdrawEnable": true,
            "withdrawFee": "0.1",
            "withdrawIntegerMultiple": null,
            "withdrawMax": "3000000",
            "withdrawMin": "1",
            "sameAddress": true,
            "contract": "",
            "withdrawTips": null,
            "depositTips": null,
            "netWork": "TTC"
        }
    }
]