[
    {
        "coin": "A",
        "name": "A",
        "networkDetails": {
            "coin": "A",
            "depositDesc": null,
            "depositEnable": true,
            "minConfirm": 36,
            "name": "A",
            "network": "VAULTA(EOS)",
            "withdrawEnable": true,
            "withdrawFee": "0.2",
            "withdrawIntegerMultiple": null,
            "withdrawMax": "400000",
            "withdrawMin": "1",
            "sameAddress": true,
            "contract": "core.vaulta",
            "withdrawTips": null,
            "depositTips": null,
            "netWork": "EOS"
        }
    },
    {
        "coin": "DFS",
        "name": "DeFis Network",
        "networkDetails": {
            "coin": "DFS",
            "depositDesc": "Deposit suspended due to on-chain maintenance",
            "depositEnable": false,
            "minConfirm": 36,
            "name": "DeFis Network",
            "network": "VAULTA(EOS)",
            "withdrawEnable": true,
            "withdrawFee": "0.1",
            "withdrawIntegerMultiple": null,
            "withdrawMax": "1000000",
            "withdrawMin": "0.2",
            "sameAddress": true,
            "contract": "minedfstoken",
            "withdrawTips": null,
            "depositTips": null,
            "netWork": "EOS"
        }
    },
    {
        "coin": "DMD",
        "name": "dmd.finance",
        "networkDetails": {
            "coin": "DMD",
            "depositDesc": "Deposit suspended due to wallet maintenance",
            "depositEnable": false,
            "minConfirm": 36,
            "name": "dmd.finance",
            "network": "VAULTA(EOS)",
            "withdrawEnable": true,
            "withdrawFee": "0",
            "withdrawIntegerMultiple": null,
            "withdrawMax": "1000000",
            "withdrawMin": "0.002",
            "sameAddress": true,
            "contract": "dmd.efi",
            "withdrawTips": "Current futures address of the token is dmd.efi, please confirm before proceeding.",
            "depositTips": "Current futures address of the token is dmd.efi, please confirm before proceeding.",
            "netWork": "EOS"
        }
    },
    {
        "coin": "IQ",
        "name": "Everipedia",
        "networkDetails": {
            "coin": "IQ",
            "depositDesc": null,
            "depositEnable": true,
            "minConfirm": 36,
            "name": "IQ",
            "network": "VAULTA(EOS)",
            "withdrawEnable": false,
            "withdrawFee": "150",
            "withdrawIntegerMultiple": null,
            "withdrawMax": "75000000",
            "withdrawMin": "750",
            "sameAddress": true,
            "contract": "everipediaiq",
            "withdrawTips": null,
            "depositTips": null,
            "netWork": "EOS"
        }
    },
    {
        "coin": "EIDOS",
        "name": "EIDOS",
        "networkDetails": {
            "coin": "EIDOS",
            "depositDesc": "Deposit suspended due to on-chain maintenance",
            "depositEnable": false,
            "minConfirm": 36,
            "name": "EIDOS",
            "network": "VAULTA(EOS)",
            "withdrawEnable": true,
            "withdrawFee": "0",
            "withdrawIntegerMultiple": null,
            "withdrawMax": "200000000",
            "withdrawMin": "2000",
            "sameAddress": true,
            "contract": "eidosonecoin",
            "withdrawTips": null,
            "depositTips": null,
            "netWork": "EOS"
        }
    },
    {
        "coin": "MEETONE",
        "name": "MEETONE",
        "networkDetails": {
            "coin": "MEETONE",
            "depositDesc": null,
            "depositEnable": false,
            "minConfirm": 36,
            "name": "MEETONE",
            "network": "VAULTA(EOS)",
            "withdrawEnable": false,
            "withdrawFee": "1000",
            "withdrawIntegerMultiple": null,
            "withdrawMax": "100000000",
            "withdrawMin": "5000",
            "sameAddress": true,
            "contract": "eosiomeetone",
            "withdrawTips": null,
            "depositTips": null,
            "netWork": "EOS"
        }
    },
    {
        "coin": "DAPPOLD",
        "name": "LiquidApps",
        "networkDetails": {
            "coin": "DAPPOLD",
            "depositDesc": null,
            "depositEnable": false,
            "minConfirm": 36,
            "name": "LiquidApps",
            "network": "VAULTA(EOS)",
            "withdrawEnable": false,
            "withdrawFee": "0",
            "withdrawIntegerMultiple": null,
            "withdrawMax": "20000000",
            "withdrawMin": "10",
            "sameAddress": true,
            "contract": "dappservices",
            "withdrawTips": null,
            "depositTips": null,
            "netWork": "EOS"
        }
    },
    {
        "coin": "EFOR",
        "name": "EFOR",
        "networkDetails": {
            "coin": "EFOR",
            "depositDesc": "Deposit suspended due to on-chain maintenance",
            "depositEnable": false,
            "minConfirm": 36,
            "name": "EFOR",
            "network": "VAULTA(EOS)",
            "withdrawEnable": true,
            "withdrawFee": "0",
            "withdrawIntegerMultiple": null,
            "withdrawMax": "5000000",
            "withdrawMin": "25",
            "sameAddress": true,
            "contract": "theforcegrou",
            "withdrawTips": null,
            "depositTips": null,
            "netWork": "EOS"
        }
    },
    {
        "coin": "TTTU",
        "name": "The T Project Token",
        "networkDetails": {
            "coin": "TTTU",
            "depositDesc": "Deposit is prohibited (forced deposit may result in asset loss)",
            "depositEnable": false,
            "minConfirm": 36,
            "name": "The T Project Token",
            "network": "VAULTA(EOS)",
            "withdrawEnable": true,
            "withdrawFee": "0",
            "withdrawIntegerMultiple": null,
            "withdrawMax": "25000000",
            "withdrawMin": "1",
            "sameAddress": true,
            "contract": "tttingenesis",
            "withdrawTips": "The token name of T Project Token (TTT) is TTTU in MEXC; The last digits of the token's contract address are esis, please make sure they're correct before taking action.",
            "depositTips": "The token name of T Project Token (TTT) is TTTU in MEXC; The last digits of the token's contract address are esis, please make sure they're correct before taking action.",
            "netWork": "EOS"
        }
    },
    {
        "coin": "PYP",
        "name": "PYP",
        "networkDetails": {
            "coin": "PYP",
            "depositDesc": "Deposit suspended due to on-chain maintenance",
            "depositEnable": false,
            "minConfirm": 36,
            "name": "PYP",
            "network": "VAULTA(EOS)",
            "withdrawEnable": true,
            "withdrawFee": "0",
            "withdrawIntegerMultiple": null,
            "withdrawMax": "1000000",
            "withdrawMin": "10",
            "sameAddress": true,
            "contract": "chattletoken",
            "withdrawTips": null,
            "depositTips": null,
            "netWork": "EOS"
        }
    },
    {
        "coin": "PIZZAOLD",
        "name": "PIZZA-USDE",
        "networkDetails": {
            "coin": "PIZZAOLD",
            "depositDesc": null,
            "depositEnable": false,
            "minConfirm": 36,
            "name": "PIZZA-USDE",
            "network": "VAULTA(EOS)",
            "withdrawEnable": false,
            "withdrawFee": "0",
            "withdrawIntegerMultiple": null,
            "withdrawMax": "20000000",
            "withdrawMin": "200",
            "sameAddress": true,
            "contract": "pizzatotoken",
            "withdrawTips": null,
            "depositTips": null,
            "netWork": "EOS"
        }
    }
]