[
    {
        "coin": "VNT",
        "name": "VNTChain",
        "networkDetails": {
            "coin": "VNT",
            "depositDesc": "Deposit suspended due to wallet maintenance",
            "depositEnable": false,
            "minConfirm": 100,
            "name": "VNTChain",
            "network": "VNT",
            "withdrawEnable": false,
            "withdrawFee": "0",
            "withdrawIntegerMultiple": null,
            "withdrawMax": "90000000",
            "withdrawMin": "5000",
            "sameAddress": false,
            "contract": "",
            "withdrawTips": "",
            "depositTips": "",
            "netWork": "VNT"
        }
    }
]