[
    {
        "coin": "VDS",
        "name": "V-Dimension",
        "networkDetails": {
            "coin": "VDS",
            "depositDesc": "Deposit suspended due to wallet maintenance",
            "depositEnable": false,
            "minConfirm": 16,
            "name": "V-Dimension",
            "network": "VOLLAR",
            "withdrawEnable": false,
            "withdrawFee": "0",
            "withdrawIntegerMultiple": null,
            "withdrawMax": "100000",
            "withdrawMin": "1",
            "sameAddress": false,
            "contract": "",
            "withdrawTips": null,
            "depositTips": null,
            "netWork": "VOLLAR"
        }
    }
]