[
    {
        "coin": "VRC",
        "name": "Virtual Coin",
        "networkDetails": {
            "coin": "VRC",
            "depositDesc": "Deposit suspended due to wallet maintenance",
            "depositEnable": false,
            "minConfirm": 60,
            "name": "Virtual Coin",
            "network": "VRC",
            "withdrawEnable": false,
            "withdrawFee": "0",
            "withdrawIntegerMultiple": null,
            "withdrawMax": "100000",
            "withdrawMin": "0.4",
            "sameAddress": false,
            "contract": "",
            "withdrawTips": null,
            "depositTips": null,
            "netWork": "VRC"
        }
    }
]