[
    {
        "coin": "WCO",
        "name": "WCO",
        "networkDetails": {
            "coin": "WCO",
            "depositDesc": null,
            "depositEnable": true,
            "minConfirm": 30,
            "name": "WCO",
            "network": "WChain",
            "withdrawEnable": true,
            "withdrawFee": "100",
            "withdrawIntegerMultiple": null,
            "withdrawMax": "100000000",
            "withdrawMin": "200",
            "sameAddress": false,
            "contract": "",
            "withdrawTips": null,
            "depositTips": null,
            "netWork": "WADZ"
        }
    }
]