[
    {
        "coin": "WHALE",
        "name": "WHALE",
        "networkDetails": {
            "coin": "WHALE",
            "depositDesc": "Deposit suspended due to wallet maintenance",
            "depositEnable": false,
            "minConfirm": 50,
            "name": "WHALE",
            "network": "WHALE",
            "withdrawEnable": false,
            "withdrawFee": "0",
            "withdrawIntegerMultiple": null,
            "withdrawMax": "270000",
            "withdrawMin": "1",
            "sameAddress": true,
            "contract": "",
            "withdrawTips": null,
            "depositTips": null,
            "netWork": "WHALE"
        }
    }
]