[
    {
        "coin": "EON",
        "name": "EON Marketplace",
        "networkDetails": {
            "coin": "EON",
            "depositDesc": "Deposit suspended due to on-chain maintenance",
            "depositEnable": false,
            "minConfirm": 12,
            "name": "EON Marketplace",
            "network": "WOD",
            "withdrawEnable": false,
            "withdrawFee": "5",
            "withdrawIntegerMultiple": null,
            "withdrawMax": "4000000",
            "withdrawMin": "10",
            "sameAddress": false,
            "contract": "0x31ce96ae990c374a567b3df38ee4c1d27e630f8c",
            "withdrawTips": null,
            "depositTips": null,
            "netWork": "WOD"
        }
    }
]