[
    {
        "coin": "XEP",
        "name": "Electra Protocol",
        "networkDetails": {
            "coin": "XEP",
            "depositDesc": null,
            "depositEnable": true,
            "minConfirm": 50,
            "name": "Electra Protocol",
            "network": "XEP",
            "withdrawEnable": true,
            "withdrawFee": "0.1",
            "withdrawIntegerMultiple": null,
            "withdrawMax": "500000000",
            "withdrawMin": "10",
            "sameAddress": false,
            "contract": "",
            "withdrawTips": null,
            "depositTips": null,
            "netWork": "XEP"
        }
    }
]