[
    {
        "coin": "XION",
        "name": "XION",
        "networkDetails": {
            "coin": "XION",
            "depositDesc": null,
            "depositEnable": true,
            "minConfirm": 30,
            "name": "XION",
            "network": "XION",
            "withdrawEnable": true,
            "withdrawFee": "0.03",
            "withdrawIntegerMultiple": null,
            "withdrawMax": "2000000",
            "withdrawMin": "0.1",
            "sameAddress": true,
            "contract": "",
            "withdrawTips": null,
            "depositTips": null,
            "netWork": "XION"
        }
    }
]