[
    {
        "coin": "XWC",
        "name": "XWC",
        "networkDetails": {
            "coin": "XWC",
            "depositDesc": "Deposit suspended due to on-chain maintenance",
            "depositEnable": false,
            "minConfirm": 16,
            "name": "XWC",
            "network": "XWC",
            "withdrawEnable": false,
            "withdrawFee": "0",
            "withdrawIntegerMultiple": null,
            "withdrawMax": "7500000",
            "withdrawMin": "1",
            "sameAddress": false,
            "contract": "",
            "withdrawTips": null,
            "depositTips": null,
            "netWork": "XWC"
        }
    }
]