[
    {
        "coin": "XX",
        "name": "xx network",
        "networkDetails": {
            "coin": "XX",
            "depositDesc": null,
            "depositEnable": true,
            "minConfirm": 30,
            "name": "xx network",
            "network": "XX",
            "withdrawEnable": true,
            "withdrawFee": "2",
            "withdrawIntegerMultiple": null,
            "withdrawMax": "1400000",
            "withdrawMin": "10",
            "sameAddress": false,
            "contract": "",
            "withdrawTips": null,
            "depositTips": null,
            "netWork": "XX"
        }
    }
]