[
    {
        "coin": "APPA",
        "name": "Dappad",
        "networkDetails": {
            "coin": "APPA",
            "depositDesc": "Deposit is prohibited (forced deposit may result in asset loss)",
            "depositEnable": false,
            "minConfirm": 80000,
            "name": "Dappad",
            "network": "zkSync Era",
            "withdrawEnable": true,
            "withdrawFee": "10",
            "withdrawIntegerMultiple": null,
            "withdrawMax": "2500000",
            "withdrawMin": "20",
            "sameAddress": false,
            "contract": "0xE87269Fa38180A13e9bB3C487537F5282EF3e5d7",
            "withdrawTips": null,
            "depositTips": "ZkSync Era token deposit on-chain will take 12 hours for verification due to asset safety concern and special feature of zkSync Era chain, Please confirm before proceeding.",
            "netWork": "ZKSYNCERA"
        }
    },
    {
        "coin": "ZF",
        "name": "zkSwap Finance",
        "networkDetails": {
            "coin": "ZF",
            "depositDesc": null,
            "depositEnable": true,
            "minConfirm": 80000,
            "name": "zkSwap Finance",
            "network": "zkSync Era",
            "withdrawEnable": true,
            "withdrawFee": "2",
            "withdrawIntegerMultiple": null,
            "withdrawMax": "2800000",
            "withdrawMin": "6",
            "sameAddress": false,
            "contract": "0x31c2c031fdc9d33e974f327ab0d9883eae06ca4a",
            "withdrawTips": null,
            "depositTips": "",
            "netWork": "ZKSYNCERA"
        }
    },
    {
        "coin": "ZK",
        "name": "ZKsync",
        "networkDetails": {
            "coin": "ZK",
            "depositDesc": null,
            "depositEnable": true,
            "minConfirm": 80000,
            "name": "ZKsync",
            "network": "zkSync Era",
            "withdrawEnable": true,
            "withdrawFee": "5",
            "withdrawIntegerMultiple": null,
            "withdrawMax": "800000",
            "withdrawMin": "10",
            "sameAddress": false,
            "contract": "0x5A7d6b2F92C77FAD6CCaBd7EE0624E64907Eaf3E",
            "withdrawTips": null,
            "depositTips": "ZkSync Era token deposit on-chain will take 23 hours for verification due to asset safety concern and special feature of zkSync Era chain. Please confirm before proceeding.",
            "netWork": "ZKSYNCERA"
        }
    },
    {
        "coin": "ZKID",
        "name": "zkSync id",
        "networkDetails": {
            "coin": "ZKID",
            "depositDesc": "Deposit is prohibited (forced deposit may result in asset loss)",
            "depositEnable": false,
            "minConfirm": 80000,
            "name": "zkSync id",
            "network": "zkSync Era",
            "withdrawEnable": true,
            "withdrawFee": "28.571428",
            "withdrawIntegerMultiple": null,
            "withdrawMax": "5714285.714285",
            "withdrawMin": "57.142856",
            "sameAddress": false,
            "contract": "0x2141d7fe06A1d69c016fC638bA75b6Ef92Fa1435",
            "withdrawTips": null,
            "depositTips": "ZkSync Era token deposit on-chain will take 23 hours for verification due to asset safety concern and special feature of zkSync Era chain, Please confirm before proceeding.",
            "netWork": "ZKSYNCERA"
        }
    },
    {
        "coin": "ZKGROK",
        "name": "zkGROK",
        "networkDetails": {
            "coin": "ZKGROK",
            "depositDesc": "Deposit is prohibited (forced deposit may result in asset loss)",
            "depositEnable": false,
            "minConfirm": 80000,
            "name": "zkGROK",
            "network": "zkSync Era",
            "withdrawEnable": true,
            "withdrawFee": "0",
            "withdrawIntegerMultiple": null,
            "withdrawMax": "3000000000000",
            "withdrawMin": "1",
            "sameAddress": false,
            "contract": "0x75c568a970e54a075b2a5475264cfcff672d2b89",
            "withdrawTips": null,
            "depositTips": "ZkSync Era token deposit on-chain will take 23 hours for verification due to asset safety concern and special feature of zkSync Era chain, Please confirm before proceeding.",
            "netWork": "ZKSYNCERA"
        }
    },
    {
        "coin": "ZKUSD",
        "name": "Goal3",
        "networkDetails": {
            "coin": "ZKUSD",
            "depositDesc": "Deposit is prohibited (forced deposit may result in asset loss)",
            "depositEnable": false,
            "minConfirm": 80000,
            "name": "Goal3",
            "network": "zkSync Era",
            "withdrawEnable": true,
            "withdrawFee": "0",
            "withdrawIntegerMultiple": null,
            "withdrawMax": "200000",
            "withdrawMin": "1",
            "sameAddress": false,
            "contract": "0xfC7E56298657B002b3e656400E746b7212912757",
            "withdrawTips": null,
            "depositTips": "ZkSync Era token deposit on-chain will take 21 hours for verification due to asset safety concern and special feature of zkSync Era chain, Please confirm before proceeding.",
            "netWork": "ZKSYNCERA"
        }
    },
    {
        "coin": "KOI",
        "name": "KOI",
        "networkDetails": {
            "coin": "KOI",
            "depositDesc": "Deposit is prohibited (forced deposit may result in asset loss)",
            "depositEnable": false,
            "minConfirm": 80000,
            "name": "KOI",
            "network": "zkSync Era",
            "withdrawEnable": true,
            "withdrawFee": "25",
            "withdrawIntegerMultiple": null,
            "withdrawMax": "5000000",
            "withdrawMin": "50",
            "sameAddress": false,
            "contract": "0xa995ad25Ce5eB76972ab356168f5e1D9257E4d05",
            "withdrawTips": null,
            "depositTips": "ZkSync Era token deposit on-chain will take 23 hours for verification due to asset safety concern and special feature of zkSync Era chain, Please confirm before proceeding.",
            "netWork": "ZKSYNCERA"
        }
    },
    {
        "coin": "NODL",
        "name": "Nodle",
        "networkDetails": {
            "coin": "NODL",
            "depositDesc": null,
            "depositEnable": true,
            "minConfirm": 80000,
            "name": "Nodle",
            "network": "zkSync Era",
            "withdrawEnable": true,
            "withdrawFee": "500",
            "withdrawIntegerMultiple": null,
            "withdrawMax": "100000000",
            "withdrawMin": "1000",
            "sameAddress": false,
            "contract": "0xBD4372e44c5eE654dd838304006E1f0f69983154",
            "withdrawTips": null,
            "depositTips": "This token only supports deposit & withdrawal on ZKSYNCERA chain at present",
            "netWork": "ZKSYNCERA"
        }
    },
    {
        "coin": "ZKPEPE",
        "name": "zkPEPE",
        "networkDetails": {
            "coin": "ZKPEPE",
            "depositDesc": "Deposit suspended due to wallet maintenance",
            "depositEnable": false,
            "minConfirm": 80000,
            "name": "zkPEPE",
            "network": "zkSync Era",
            "withdrawEnable": true,
            "withdrawFee": "5000",
            "withdrawIntegerMultiple": null,
            "withdrawMax": "1000000000",
            "withdrawMin": "10000",
            "sameAddress": false,
            "contract": "0x7d54a311d56957fa3c9a3e397ca9dc6061113ab3",
            "withdrawTips": null,
            "depositTips": "ZkSync Era token deposit on-chain will take 23 hours for verification due to asset safety concern and special feature of zkSync Era chain, Please confirm before proceeding.",
            "netWork": "ZKSYNCERA"
        }
    },
    {
        "coin": "AAIOLD",
        "name": "AutoAir AI",
        "networkDetails": {
            "coin": "AAIOLD",
            "depositDesc": "Deposit is prohibited (forced deposit may result in asset loss)",
            "depositEnable": false,
            "minConfirm": 1,
            "name": "AutoAir AI",
            "network": "zkSync Era",
            "withdrawEnable": false,
            "withdrawFee": "0",
            "withdrawIntegerMultiple": null,
            "withdrawMax": "1000000",
            "withdrawMin": "8",
            "sameAddress": false,
            "contract": "0x144b83555d8a3119b0a69a7bc2f0a0388308fee3",
            "withdrawTips": null,
            "depositTips": "ZkSync Era token deposit on-chain will take 23 hours for verification due to asset safety concern and special feature of zkSync Era chain, Please confirm before proceeding.",
            "netWork": "ZKSYNCERA"
        }
    },
    {
        "coin": "KARAT",
        "name": "KaratDAO",
        "networkDetails": {
            "coin": "KARAT",
            "depositDesc": null,
            "depositEnable": true,
            "minConfirm": 80000,
            "name": "KaratDAO",
            "network": "zkSync Era",
            "withdrawEnable": true,
            "withdrawFee": "30",
            "withdrawIntegerMultiple": null,
            "withdrawMax": "5000000",
            "withdrawMin": "50",
            "sameAddress": false,
            "contract": "0xCDb7D260c107499C80B4b748e8331c64595972a1",
            "withdrawTips": "The token name of KaratDAO (KAT) is KARAT in MEXC; The last digits of the token's contract address are 5972a1, please make sure they're correct before taking action.",
            "depositTips": "The token name of KaratDAO (KAT) is KARAT in MEXC; The last digits of the token's contract address are 5972a1, please make sure they're correct before taking action.",
            "netWork": "ZKSYNCERA"
        }
    },
    {
        "coin": "ZORRO",
        "name": "Zorro",
        "networkDetails": {
            "coin": "ZORRO",
            "depositDesc": "Deposit is prohibited (forced deposit may result in asset loss)",
            "depositEnable": false,
            "minConfirm": 80000,
            "name": "Zorro",
            "network": "zkSync Era",
            "withdrawEnable": true,
            "withdrawFee": "0",
            "withdrawIntegerMultiple": null,
            "withdrawMax": "200000000",
            "withdrawMin": "1",
            "sameAddress": false,
            "contract": "0x244C238325fC1Bdf6EdeD726EE1b47d55895D944",
            "withdrawTips": null,
            "depositTips": "ZkSync Era token deposit on-chain will take 23 hours for verification due to asset safety concern and special feature of zkSync Era chain, Please confirm before proceeding.",
            "netWork": "ZKSYNCERA"
        }
    },
    {
        "coin": "OXOA",
        "name": "OXOA Network",
        "networkDetails": {
            "coin": "OXOA",
            "depositDesc": "Deposit is prohibited (forced deposit may result in asset loss)",
            "depositEnable": false,
            "minConfirm": 80000,
            "name": "OXOA Network",
            "network": "zkSync Era",
            "withdrawEnable": true,
            "withdrawFee": "250",
            "withdrawIntegerMultiple": null,
            "withdrawMax": "50000000",
            "withdrawMin": "500",
            "sameAddress": false,
            "contract": "0xef1B70DF40Fcbb43e878878e57476217aC895414",
            "withdrawTips": null,
            "depositTips": null,
            "netWork": "ZKSYNCERA"
        }
    },
    {
        "coin": "PEPERA",
        "name": "PEPERA",
        "networkDetails": {
            "coin": "PEPERA",
            "depositDesc": "Deposit is prohibited (forced deposit may result in asset loss)",
            "depositEnable": false,
            "minConfirm": 80000,
            "name": "PEPERA",
            "network": "zkSync Era",
            "withdrawEnable": true,
            "withdrawFee": "0",
            "withdrawIntegerMultiple": null,
            "withdrawMax": "333333333333333.3",
            "withdrawMin": "200000",
            "sameAddress": false,
            "contract": "0x60143F39b54a731aC790708c8719211878e638C3",
            "withdrawTips": null,
            "depositTips": "ZkSync Era token deposit on-chain will take 21 hours for verification due to asset safety concern and special feature of zkSync Era chain, Please confirm before proceeding.",
            "netWork": "ZKSYNCERA"
        }
    }
]