[
    {
        "coin": "ZCD",
        "name": "ZChains",
        "networkDetails": {
            "coin": "ZCD",
            "depositDesc": null,
            "depositEnable": true,
            "minConfirm": 20,
            "name": "ZChains",
            "network": "ZRC-20(ZChains)",
            "withdrawEnable": true,
            "withdrawFee": "2",
            "withdrawIntegerMultiple": null,
            "withdrawMax": "3000000",
            "withdrawMin": "10",
            "sameAddress": false,
            "contract": "",
            "withdrawTips": null,
            "depositTips": null,
            "netWork": "ZCD"
        }
    }
]