[
    {
        "coin": "ZTG",
        "name": "Zeitgeist",
        "networkDetails": {
            "coin": "ZTG",
            "depositDesc": "Deposit suspended due to wallet maintenance",
            "depositEnable": false,
            "minConfirm": 25,
            "name": "Zeitgeist",
            "network": "ZTG",
            "withdrawEnable": true,
            "withdrawFee": "0",
            "withdrawIntegerMultiple": null,
            "withdrawMax": "4000000",
            "withdrawMin": "1",
            "sameAddress": false,
            "contract": "",
            "withdrawTips": null,
            "depositTips": null,
            "netWork": "ZTG"
        }
    }
]